<EvidenceTypeVersion modifiable="true">
	<Model>
		<Attributes>
			<Attribute>
				<DataAttribute name="startDate" mandatory="true">
					<DomainType dataType="Date" />
				</DataAttribute>
			</Attribute>
			<Attribute>
				<DataAttribute name="endDate">
					<DomainType dataType="Date" />
				</DataAttribute>
			</Attribute>
			 <!-- BEGIN - User Story 21834 - Added Attestee Case Participant -->
		       <Attribute>
		        <RelatedCPAttribute cpRoleType="MEM" name="attesteeCaseParticipant" participantType="Person"/>
		      </Attribute>
		      <!-- END - User Story 21834 - Added Attestee Case Participant -->
			<!-- BEGIN - User Story 21834 - Added Attestation Agree Drop Down -->
	      <Attribute>
	        <DataAttribute name="bdmAgreeAttestation">
	          <DomainType dataType="Codetable">
	            <CodetableOptions codetableName="BDMAgreeAttestation"/>
	          </DomainType>
	        </DataAttribute>
	      </Attribute>
	      <!-- END - User Story 21834 - Added Attestation Agree Drop Down -->
	       <!-- BEGIN - User Story 21834 - Added Attestation Datatime -->
	      <Attribute>
	        <DataAttribute name="attestationDate">
	           <DomainType dataType="Date"/>
	        </DataAttribute>
	      </Attribute>
      	   <!-- END - User Story 21834 - Added Attestation Datatime -->
			<Attribute>
				<RelatedCPAttribute cpRoleType="MEM"
					name="caseParticipant" participantType="Person" mandatory="true" />
			</Attribute>
			<Attribute>
				<CommentsAttribute name="comments" />
			</Attribute>
			<Attribute>
				<DataAttribute name="institutionName" mandatory="true">
					<DomainType dataType="String">
					 <StringOptions
							maxSize="100"
							trimLeadingSpaces="true"
							trimTrailingSpaces="true"
						/>
					</DomainType>
				</DataAttribute>
			</Attribute>
		</Attributes>
		<Relationships />
	</Model>
	<!-- START: Startdate must be before endDate -->
	<Validations>
		<PatternValidations>
			<Validator>
				<ComparisonValidator operator="LessThanOrEqualTo"
					shallow="false" source="startDate" target="endDate"
					useClause="false" useLiteral="false" />
			</Validator>
		</PatternValidations>
		 <CustomRulesValidation ruleSetName="BDMIncarcerationValidationRuleSet"/>
	</Validations>
	<!-- END: Startdate must be before endDate -->

	<!--BEGIN  TASK 9981 : Summaryinfo -->
	<SummaryInformation>
		<SummaryMapping>
			<Summary>
				<parameter name="institutionName" />
				<SummaryResource id="Incarceration.SummaryMessage" />
			</Summary>
		</SummaryMapping>
	</SummaryInformation>

	<!-- END :TASK 9981 : Summary info -->
	<UserInterface>
		<Cluster>
			<RelCPCluster defaultToBlank="false"
				enableMultiMemberUpdates="false" fullCreateParticipant="false"
				isOnCreatePage="true" isOnModifyPage="true" isOnViewPage="true"
				modifyOption="no" showParticipantTypeFilter="true"
				useSingleName="false">
				<StandardField source="caseParticipant"
					modifiable="false" />
				<ClusterName id="Related.Participant.Cluster.ID2" />
				<LabelName id="Name.Label.ID2" />
				<RelCpPfx id="Participant.Description.ID2" />
				<FirstName id="First.Name.Label.ID4" />
				<SecondName id="Second.Name.Label.ID4" />
			</RelCPCluster>
		</Cluster>
		<Cluster>
			<StandardCluster isOnCreatePage="true"
				isOnModifyPage="true" isOnViewPage="true" labelWidth="40"
				numberOfColumns="2">
				<Title id="Cluster.Title.ID1" />
				<StandardClusterField>
					<StandardField modifiable="true"
						source="institutionName" useDefault="true">
						<Label id="Field.Label.ID1" />
					</StandardField>
				</StandardClusterField>
			</StandardCluster>
		</Cluster>
		<Cluster>
			<StandardCluster isOnCreatePage="true"
				isOnModifyPage="true" isOnViewPage="true" labelWidth="40"
				numberOfColumns="2">
				<Title id="Cluster.Title.ID2" />
				<StandardClusterField>
					<StandardField modifiable="true" source="startDate"
						useDefault="true">
						<Label id="Field.Label.ID2" />
					</StandardField>
				</StandardClusterField>
				<StandardClusterField>
					<StandardField modifiable="true" source="endDate">
						<Label id="Field.Label.ID3" />
					</StandardField>
				</StandardClusterField>
			</StandardCluster>
		</Cluster>
		 <!-- BEGIN: Attestation -->
   <Cluster>
      <StandardCluster isOnCreatePage="true" isOnModifyPage="true" isOnViewPage="true" labelWidth="40" numberOfColumns="2">
        <Title id="Cluster.Title.Attestation"/>
        <Description id="Cluster.Field.Attestation.Text1"/>
        <StandardClusterField>
          <SkipField/>
        </StandardClusterField>
      </StandardCluster>
    </Cluster>
	<Cluster>
      <StandardCluster isOnCreatePage="true" isOnModifyPage="true" isOnViewPage="true" labelWidth="40" numberOfColumns="2">
        <Description id="Cluster.Field.Attestation.Text2"/>
        <StandardClusterField>
          <SkipField/>
        </StandardClusterField>
      </StandardCluster>
    </Cluster>
    <Cluster>
      <StandardCluster isOnCreatePage="true" isOnModifyPage="true" isOnViewPage="true" labelWidth="40" numberOfColumns="2">
        <Description id="Cluster.Field.Attestation.Text3"/>
        <StandardClusterField>
          <SkipField/>
        </StandardClusterField>
      </StandardCluster>
    </Cluster>
    <Cluster>
      <StandardCluster isOnCreatePage="true" isOnModifyPage="true" isOnViewPage="true" labelWidth="40" numberOfColumns="2">
        <Description id="Cluster.Field.Attestation.Text4"/>
        <StandardClusterField>
          <SkipField/>
        </StandardClusterField>
      </StandardCluster>
    </Cluster>
    <Cluster>
      <StandardCluster isOnCreatePage="true" isOnModifyPage="true" isOnViewPage="true" labelWidth="40" numberOfColumns="2">
        <Description id="Cluster.Field.Attestation.Text5"/>
        <StandardClusterField>
          <SkipField/>
        </StandardClusterField>
      </StandardCluster>
    </Cluster>
     <Cluster>
      <StandardCluster isOnCreatePage="true" isOnModifyPage="true" isOnViewPage="true" labelWidth="40" numberOfColumns="2">
        <Description id="Cluster.Field.Attestation.Text6"/>
         <StandardClusterField>
          <StandardField modifiable="true" source="bdmAgreeAttestation" useBlank="true">
            <Label id="Field.Label.bdmAttestationAgree"/>
          </StandardField>
        </StandardClusterField>
      </StandardCluster>
    </Cluster>
     <!-- END: Attestation -->
      <!-- BEGIN: Attestee Cluster-->
     <Cluster>
      <RelCPCluster defaultToBlank="false" enableMultiMemberUpdates="false" fullCreateParticipant="false" isOnCreatePage="true" isOnModifyPage="true" isOnViewPage="true" modifyOption="multiple" showParticipantTypeFilter="true" useSingleName="false">
        <StandardField source="attesteeCaseParticipant" modifiable="true"/>
        <ClusterName id="Related.Participant.Cluster.ID4"/>
        <LabelName id="Name.Label.ID4"/>
        <RelCpPfx id="Participant.Description.ID4"/>
        <FirstName id="First.Name.Label.ID4"/>
        <SecondName id="Second.Name.Label.ID4"/>
      </RelCPCluster>
    </Cluster>
    <Cluster>
		<StandardCluster isOnCreatePage="false"
			isOnModifyPage="false" isOnViewPage="true" labelWidth="40"
			numberOfColumns="1">
			<StandardClusterField>
				<SkipField />
			</StandardClusterField>
			<StandardClusterField>
				<StandardField modifiable="false"
					source="attestationDate" useDefault="true">
					<Label id="Field.Label.AttestationDate" />
				</StandardField>
			</StandardClusterField>
		</StandardCluster>
	</Cluster>
    <!-- END: Attestee Cluster-->
		<Cluster>
			<CommentsCluster isOnCreatePage="true"
				isOnModifyPage="true" isOnViewPage="true">
				<Title id="Comments.Cluster.Title.ID3" />
				<StandardField source="comments" />
			</CommentsCluster>
		</Cluster>
	</UserInterface>
</EvidenceTypeVersion>