<?xml version="1.0" encoding="UTF-8"?>  
<databaseChangeLog
  xmlns="http://www.liquibase.org/xml/ns/dbchangelog"
  xmlns:xsi="http://www.w3.org/2001/XMLSchema-instance"
  xmlns:ext="http://www.liquibase.org/xml/ns/dbchangelog-ext"
  xsi:schemaLocation="http://www.liquibase.org/xml/ns/dbchangelog
    http://www.liquibase.org/xml/ns/dbchangelog/dbchangelog-latest.xsd
    http://www.liquibase.org/xml/ns/dbchangelog-ext http://www.liquibase.org/xml/ns/dbchangelog/dbchangelog-ext.xsd">
    
<!-- NOTE: Always add new changesets for every pull request. 
      DO NOT modify existing changesets or SQLs.
      Group related SQLs in a changeset.  
      ID's must be unique and follow the format - ComponentName+Release+Sprint+UniqueID
      Author must be specified - firstname initial.lastname
-->
  
  <!-- START Bug 109914: [Taxonomy] Missing and incorrect French labels -->  
  <changeSet  id="BDMV1S12ADO109914"  author="Hamed.Mohammed" >
    <sql dbms="oracle"
     splitStatements="true"
     stripComments="true">
		
		UPDATE
			CODETABLEITEM
		SET
			DESCRIPTION = 'Période de résidence'
		WHERE
			TABLENAME = 'EvidenceType'
			AND CODE = 'BDMDET0004'
			AND LOCALEIDENTIFIER = 'fr';
		
		UPDATE
			CODETABLEITEM
		SET
			DESCRIPTION = 'Période de résidence'
		WHERE
			TABLENAME = 'TemporalEvTypeApproval'
			AND CODE = 'BDMDET0004'
			AND LOCALEIDENTIFIER = 'fr';
		
		
		UPDATE
			CODETABLEITEM
		SET
			DESCRIPTION = 'En cours de modification'
		WHERE
			TABLENAME = 'DETVersionStatus'
			AND CODE = 'DEVRST2'
			AND LOCALEIDENTIFIER = 'fr';


		UPDATE
			CODETABLEITEM
		SET
			DESCRIPTION = 'En cours de modification'
		WHERE
			TABLENAME = 'EvMappingConfigStatus'
			AND CODE = 'EMCS001'
			AND LOCALEIDENTIFIER = 'fr';


		UPDATE
			CODETABLEITEM
		SET
			DESCRIPTION = 'En cours de modification'
		WHERE
			TABLENAME = 'EvidenceDescriptorStatus'
			AND CODE = 'EDS2'
			AND LOCALEIDENTIFIER = 'fr';

		UPDATE
			CODETABLEITEM
		SET
			DESCRIPTION = 'En cours de modification'
		WHERE
			TABLENAME = 'EvidenceTreeStatus'
			AND CODE = 'ETS2'
			AND LOCALEIDENTIFIER = 'fr';

    </sql>
  </changeSet>
  <!-- END Bug 109914: [Taxonomy] Missing and incorrect French labels -->

  <!-- START Bug 110053: [Taxonomy] Incorrect french labels in Contribution Period modals -->  
  <changeSet  id="BDMV1S12ADO110053"  author="Hamed.Mohammed" >
    <sql dbms="oracle"
     splitStatements="true"
     stripComments="true">
		
		DELETE
		FROM
			APPRESOURCE
		WHERE
			RESOURCEID = 900061
			AND NAME = 'DynEvd_create_BDMDET0003_19010101_false_Evidence.properties'
			AND LOCALEIDENTIFIER = 'en'
			AND CATEGORY = 'RS_PROP';
				
		
		UPDATE
			APPRESOURCE
		SET
			NAME = 'DynEvd_create_BDMDET0003_19010101_false_Evidence.properties',
			CONTENTTYPE = 'text/plain;charset=utf-8',
			CONTENTDISPOSITION = 'DynEvd_create_BDMDET0003_19010101_false_Evidence.properties',
			CATEGORY = 'RS_XML',
			LOCALEIDENTIFIER = 'en'
		WHERE
			RESOURCEID = 900060;
		
		UPDATE
			APPRESOURCE
		SET
			NAME = 'DynEvd_create_BDMDET0003_19010101_false_Evidence.properties',
			CONTENTTYPE = 'text/plain;charset=utf-8',
			CONTENTDISPOSITION = 'DynEvd_create_BDMDET0003_19010101_false_Evidence.properties',	
			CATEGORY = 'RS_XML'
		WHERE
			RESOURCEID = 909045;
			
    </sql>
  </changeSet>
  <!-- END Bug 110053: [Taxonomy] Incorrect french labels in Contribution Period modals -->
  
  
  <!-- START : Bug 109974: [Taxonomy] Incorrect English label -->
  <changeSet  id="BDM_OAS_V1_S11_109974-02"  author="Jalpa.Patel" >
    <sql dbms="oracle"
     splitStatements="true"
     stripComments="true">	 
	  UPDATE CODETABLEITEM SET DESCRIPTION='Residence Period'  WHERE TABLENAME='EvidenceType' AND CODE='BDMDET0004' AND LOCALEIDENTIFIER='en';
 	UPDATE APPRESOURCE SET CONTENTTYPE='text/plain;charset=UTF-8' WHERE RESOURCEID=900038;
	   
	  
    </sql>
  </changeSet>
	<!-- END : Bug 109974: [Taxonomy] Incorrect English label -->
	
  	
  <!-- START Bug 110053: [Taxonomy] Incorrect french labels in Contribution Period modals -->  
  <changeSet  id="BDMV1S12ADO110053_2"  author="Hamed.Mohammed" >
    <sql dbms="oracle"
     splitStatements="true"
     stripComments="true">
		
		DELETE
		FROM
			APPRESOURCE
		WHERE
			RESOURCEID = 80677
			AND NAME = 'DynEvdStaticProperties.properties'
			AND LOCALEIDENTIFIER = 'fr';
		
		
		UPDATE
			APPRESOURCE
		SET
			CONTENTTYPE = 'text/plain;charset=utf-8',
			INTERNAL = '1'	
		WHERE
			RESOURCEID = 60261;
		
		UPDATE
			APPRESOURCE
		SET
			CONTENTTYPE = 'text/plain;charset=utf-8',	
			LOCALEIDENTIFIER = 'en'
		WHERE
			RESOURCEID = 11011;
			
			
    </sql>
  </changeSet>
  <!-- END Bug 110053: [Taxonomy] Incorrect french labels in Contribution Period modals -->
  
  
  <!-- START Task 114054: DEV: Quicklinks Labels -->
  
  <changeSet  id="BDM_OAS_V1_S12_114054_01"  author="Jalpa.Patel" >
    <sql dbms="oracle"
     splitStatements="true"
     stripComments="true">	 
	  
UPDATE QUICKLINK SET NAME='Rechercher une personne.../Search for a Person...'  WHERE QUICKLINKID=100536;
UPDATE QUICKLINK SET NAME='Rechercher un dossier.../Search for a Case...'  WHERE QUICKLINKID=100537;
UPDATE QUICKLINK SET NAME='Recherche une application.../Search for an Application...' WHERE QUICKLINKID=100538;
UPDATE QUICKLINK SET NAME='Recherche de parties externes.../Search External Party...'  WHERE QUICKLINKID=100539;
UPDATE QUICKLINK SET NAME='Mes dossiers.../My Cases...'  WHERE QUICKLINKID=100540;
	  
    </sql>
  </changeSet>
	<!-- END : Task 114054: DEV: Quicklinks Labels -->
	
	
	  
  <!-- START Task 114054: DEV: Quicklinks Labels -->
  
  <changeSet  id="BDM_OAS_V1_S12_114054_02"  author="Jalpa.Patel" >
    <sql dbms="oracle"
     splitStatements="true"
     stripComments="true">	 
	  
UPDATE QUICKLINK SET NAME='Rétroaction.../Feedback...' WHERE QUICKLINKID=100544;
UPDATE QUICKLINK SET NAME='Articles de connaissances.../Knowledge Articles...'  WHERE QUICKLINKID=100545;

UPDATE WORKQUEUE SET NAME='Liste d’attente de traitement des cas des OI — Atlantique/Atlantic IO Case Processing Queue' WHERE WORKQUEUEID=80033;
UPDATE WORKQUEUE SET NAME='Liste d’attente de traitement des cas des OI — Ouest/Western IO Case Processing Queue' WHERE WORKQUEUEID=80034;

UPDATE CODETABLEITEM SET DESCRIPTION='Pièce jointe' WHERE TABLENAME='BusinessObjectType' AND CODE='BDMBOT8004' AND LOCALEIDENTIFIER='fr';

	  
    </sql>
  </changeSet>
	<!-- END : Task 114054: DEV: Quicklinks Labels -->
  
  <!-- START Bug 109914: [Taxonomy] Missing and incorrect French labels -->
  
  <changeSet  id="BDMV1S12ADO109914_2"  author="Hamed.Mohammed" >
    <sql dbms="oracle"
     splitStatements="true"
     stripComments="true">

		
		DELETE
		FROM
			APPRESOURCE
		WHERE
			NAME = 'DynEvd_create_BDMDET0004_19010101_false_Evidence.properties'
			AND (LOCALEIDENTIFIER IS NULL
				OR LOCALEIDENTIFIER IN ('en', 'fr'));
		
		INSERT
			WHEN NOT EXISTS (
			SELECT
				1
			FROM
				APPRESOURCE
			WHERE
				RESOURCEID = 900061) THEN
		      INTO
			APPRESOURCE (CATEGORY,
			CONTENT,
			CONTENTDISPOSITION,
			CONTENTTYPE,
			DESCRIPTION,
			INTERNAL,
			LASTWRITTEN,
			LOCALEIDENTIFIER,
			NAME,
			RESOURCEID,
			VERSIONNO)
		VALUES ('RS_XML',
		NULL,
		'DynEvd_create_BDMDET0004_19010101_false_Evidence.properties',
		'text/plain;charset=utf-8',
		NULL,
		'1',
		NULL,
		'en',
		'DynEvd_create_BDMDET0004_19010101_false_Evidence.properties',
		900061,
		1)
		SELECT
			'DynEvd_create_BDMDET0004_19010101_false_Evidence.properties'
		FROM
			DUAL;
		
		INSERT
			WHEN NOT EXISTS (
			SELECT
				1
			FROM
				APPRESOURCE
			WHERE
				RESOURCEID = 909046) THEN
		      INTO
			APPRESOURCE (CATEGORY,
			CONTENT,
			CONTENTDISPOSITION,
			CONTENTTYPE,
			DESCRIPTION,
			INTERNAL,
			LASTWRITTEN,
			LOCALEIDENTIFIER,
			NAME,
			RESOURCEID,
			VERSIONNO)
		VALUES ('RS_XML',
		NULL,
		'DynEvd_create_BDMDET0004_19010101_false_Evidence.properties',
		'text/plain;charset=utf-8',
		NULL,
		'1',
		NULL,
		'fr',
		'DynEvd_create_BDMDET0004_19010101_false_Evidence.properties',
		909046,
		1)
		SELECT
			'DynEvd_create_BDMDET0004_19010101_false_Evidence.properties'
		FROM
			DUAL;
		
	  
    </sql>
  </changeSet>
	<!-- END Bug 109914: [Taxonomy] Missing and incorrect French labels -->
	
	<changeSet  id="BDM_OAS_V1_S12_114054_03"  author="Rajeswar.Yeddula" >
    <sql dbms="oracle"
     splitStatements="true"
     stripComments="true">	 
	  
update codetableitem set DESCRIPTION='Tierce partie' where tablename='TemporalEvTypeApproval' and LOCALEIDENTIFIER='fr'and code='BDMDET0006';
update codetableitem set DESCRIPTION='Période de résidence au Canada' where tablename='EvidenceType' and LOCALEIDENTIFIER='fr'and code='BDMDET0005';
update codetableitem set DESCRIPTION='Tierce partie' where tablename='EvidenceType' and LOCALEIDENTIFIER='fr'and code='BDMDET0006';
update codetableitem set DESCRIPTION='Tierce partie' where tablename='VerifiableItemName' and LOCALEIDENTIFIER='fr'and code='BDMVIN5';
	  
    </sql>
  </changeSet>
  	
	<!-- START Bug 103164: IOAdmin - duplicate buttons on web address details under SSA -->
  <!-- Note: Identified Typo in SSA Country Registration date , creation date and start date .fixing this issue -->
  <changeSet  id="BDM_OAS_V1_S12_103164_01"  author="Jalpa.Patel" >
    <sql dbms="oracle"
     splitStatements="true"
     stripComments="true">
	ALTER TABLE BDMEXTERNALPARTYHISTORY MODIFY ssalink VARCHAR2(300);

	UPDATE CONCERNROLE SET CREATIONDATE=to_date('79-01-01','RR-MM-DD'), REGISTRATIONDATE=to_date('79-01-01','RR-MM-DD'), STARTDATE=to_date('79-01-01','RR-MM-DD') WHERE CONCERNROLEID in (
	  80010,
	  80011,
	  80012,
	  80013,
	  80021,
	  80022,
	  80023,
	  80024,
	  80025,
	  80026,
	  80027,
	  80029,
	  80031,
	  80032,
	  80033,
	  80034,
	  80035,
	  80036,
	  80037,
	  80038,
	  80039,
	  80040,
	  80041,
	  80042,
	  80043,
	  80044,
	  80045,
	  80046,
	  80047,
	  80048,
	  80049,
	  80050,
	  80051,
	  80052,
	  80053,
	  80054,
	  80055,
	  80056,
	  80057,
	  80058,
	  80059,
	  80060,
	  80061,
	  80062,
	  80063,
	  80064,
	  80065,
	  80066,
	  80067,
	  80068,
	  80069,
	  80070,
	  80071,
	  80072,
	  80073,
	  80074,
	  80075,
	  80076,
	  80077,
	  80078,
	  80079,
	  80080,
	  80081,
	  80082,
	  80083,
	  80084,
	  80085,
	  80086,
	  80087,
	  80088,
	  80090,
	  80091);

	  
    </sql>
  </changeSet>
	<!-- END : Bug 103164: IOAdmin - duplicate buttons on web address details under SSA -->
	
	
	<!-- START Task 114054: DEV: Quicklinks Labels -->
  
  <changeSet  id="BDM_OAS_V1_S12_114054_04"  author="Jalpa.Patel" >
    <sql dbms="oracle"
     splitStatements="true"
     stripComments="true">	
    
     UPDATE QUICKLINK SET NAME='Recherche d''un utilisateur.../Search for a User...' WHERE QUICKLINKID IN (100542,100543);
    UPDATE CODETABLEITEM SET DESCRIPTION='Demande de renseignements d’un ministère' WHERE TABLENAME='BDMUrgentFlagType' AND CODE='BDMFG8002' AND LOCALEIDENTIFIER='fr';
    
   UPDATE CODETABLEITEM SET DESCRIPTION='Priorité de l''AC'  WHERE TABLENAME='BDMUrgentFlagType' AND CODE='BDMFG8003' AND LOCALEIDENTIFIER='fr'; 
    
    
     </sql>
     </changeSet>
     
     	<!-- START Task 114054: DEV: Quicklinks Labels -->
  
  <changeSet  id="BDM_OAS_V1_S12_114054_05"  author="Jalpa.Patel" >
    <sql dbms="oracle"
     splitStatements="true"
     stripComments="true">	
    
     UPDATE CODETABLEITEM SET DESCRIPTION='SV' WHERE TABLENAME='BDMThirdPartyProgram' AND CODE='BTPP02' AND LOCALEIDENTIFIER='fr';
     UPDATE CODETABLEITEM SET DESCRIPTION='Personne' WHERE TABLENAME='BDMThirdPartyRoleType' AND CODE='BTPRT01' AND LOCALEIDENTIFIER='fr';
UPDATE CODETABLEITEM SET DESCRIPTION='Organisation' WHERE TABLENAME='BDMThirdPartyRoleType' AND CODE='BTPRT02' AND LOCALEIDENTIFIER='fr';

UPDATE CODETABLEITEM SET DESCRIPTION='Générale' WHERE TABLENAME='BDMThirdPartyPOAType' AND CODE='BTPPOAT01' AND LOCALEIDENTIFIER='fr';
UPDATE CODETABLEITEM SET DESCRIPTION='Perpétuelle' WHERE TABLENAME='BDMThirdPartyPOAType' AND CODE='BTPPOAT02' AND LOCALEIDENTIFIER='fr';
UPDATE CODETABLEITEM SET DESCRIPTION='Sous condition suspensive' WHERE TABLENAME='BDMThirdPartyPOAType' AND CODE='BTPPOAT03' AND LOCALEIDENTIFIER='fr';





     
    
     </sql>
     </changeSet>
	<changeSet  id="BDM_OAS_V1_S12_114366_01"  author="Nabil.Hamade" >
		<sql dbms="oracle"
			 splitStatements="true"
			 stripComments="true">

			UPDATE CODETABLEITEM SET DESCRIPTION='Identity Confirmed with Acceptable Tolerance' WHERE TABLENAME='BDMSIRMatchResult' AND CODE='BDMSMR02' AND LOCALEIDENTIFIER='en';
			UPDATE externalparty SET name = 'United States of America' WHERE concernroleid = 80011;

		</sql>
	</changeSet>
     
      
	
  	
</databaseChangeLog>