<?xml version="1.0" encoding="UTF-8"?>	
<databaseChangeLog
	xmlns="http://www.liquibase.org/xml/ns/dbchangelog"
	xmlns:xsi="http://www.w3.org/2001/XMLSchema-instance"
	xmlns:ext="http://www.liquibase.org/xml/ns/dbchangelog-ext"
	xsi:schemaLocation="http://www.liquibase.org/xml/ns/dbchangelog
		http://www.liquibase.org/xml/ns/dbchangelog/dbchangelog-latest.xsd
		http://www.liquibase.org/xml/ns/dbchangelog-ext http://www.liquibase.org/xml/ns/dbchangelog/dbchangelog-ext.xsd">
    
 <!-- NOTE: Always add new changesets for every pull request. 
      DO NOT modify existing changesets or SQLs.
      Group related SQLs in a changeset.  
      ID's must be unique and follow the format - ComponentName+Release+Sprint+UniqueID
      Author must be specified - firstname initial.lastname-->
 
 <!-- Sample changeset. 
 
    <changeSet  id="BDMR1S00700001"  author="l.balasubramanya">  
        <sql dbms="oracle"
        splitStatements="true"
        stripComments="true">     

        CREATE TABLE BDCLIQUIBASETESTPERSON(
        PERSONID NUMBER(19,0) not null, 
        USERNAME VARCHAR(65), 
        FIRSTNAME VARCHAR(65), 
        LASTNAME VARCHAR(65)
        );
                                
        ALTER TABLE BDCLIQUIBASETESTPERSON ADD
            CONSTRAINT BDCLIQUIBASETESTPERSON PRIMARY KEY(PERSONID);
                                                
        <comment>Example SQL.</comment>
        </sql>
        <rollback>
            ALTER TABLE BDCLIQUIBASETESTPERSON DROP CONSTRAINT BDCLIQUIBASETESTPERSON;
            DROP table BDCLIQUIBASETESTPERSON;
        </rollback>
    </changeSet>

    <changeSet  id="BDMR1S00700002"  author="l.balasubramanya">  
        <sql dbms="oracle"
        splitStatements="true"
        stripComments="true">     
                   
        ALTER TABLE BDCLIQUIBASETESTPERSON DROP CONSTRAINT BDCLIQUIBASETESTPERSON;
        DROP table BDCLIQUIBASETESTPERSON; 
            
        <comment>Example SQL.</comment>
        </sql>
        <rollback>
        CREATE TABLE BDCLIQUIBASETESTPERSON(
        PERSONID NUMBER(19,0) not null, 
        USERNAME VARCHAR(65), 
        FIRSTNAME VARCHAR(65), 
        LASTNAME VARCHAR(65)
        );
                                
        ALTER TABLE BDCLIQUIBASETESTPERSON ADD
            CONSTRAINT BDCLIQUIBASETESTPERSON PRIMARY KEY(PERSONID);
        </rollback>
    </changeSet> -->

</databaseChangeLog>