<?xml version="1.0" encoding="UTF-8"?>  
<databaseChangeLog
  xmlns="http://www.liquibase.org/xml/ns/dbchangelog"
  xmlns:xsi="http://www.w3.org/2001/XMLSchema-instance"
  xmlns:ext="http://www.liquibase.org/xml/ns/dbchangelog-ext"
  xsi:schemaLocation="http://www.liquibase.org/xml/ns/dbchangelog
    http://www.liquibase.org/xml/ns/dbchangelog/dbchangelog-latest.xsd
    http://www.liquibase.org/xml/ns/dbchangelog-ext http://www.liquibase.org/xml/ns/dbchangelog/dbchangelog-ext.xsd">
    
<!-- NOTE: Always add new changesets for every pull request. 
      DO NOT modify existing changesets or SQLs.
      Group related SQLs in a changeset.  
      ID's must be unique and follow the format - ComponentName+Release+Sprint+UniqueID
      Author must be specified - firstname initial.lastname
-->
  
  	  
  <!-- START feature/Task_115559_115560_115561_115563_CommunicationTaxonomy -->
  
  <changeSet  id="BDM_OAS_V1_UAT01_115559_01"  author="Jalpa.Patel" >
    <sql dbms="oracle"
     splitStatements="true"
     stripComments="true">	 
	  
UPDATE CODETABLEITEM SET DESCRIPTION='Entrant', LASTWRITTEN=SYSTIMESTAMP WHERE TABLENAME='CommunicationDirection' AND CODE='CD1' AND LOCALEIDENTIFIER='fr';
UPDATE CODETABLEITEM SET DESCRIPTION='Sortant', LASTWRITTEN=SYSTIMESTAMP WHERE TABLENAME='CommunicationDirection' AND CODE='CD2' AND LOCALEIDENTIFIER='fr';


UPDATE CODETABLEITEM SET DESCRIPTION='Enquiry — Address Change', LASTWRITTEN=SYSTIMESTAMP WHERE TABLENAME='CommunicationType' AND CODE='CT8008' AND LOCALEIDENTIFIER='en';
UPDATE CODETABLEITEM SET DESCRIPTION='Enquiry — Other', LASTWRITTEN=SYSTIMESTAMP WHERE TABLENAME='CommunicationType' AND CODE='CT8009' AND LOCALEIDENTIFIER='en';
UPDATE CODETABLEITEM SET DESCRIPTION='Enquiry  — Processing Status', LASTWRITTEN=SYSTIMESTAMP WHERE TABLENAME='CommunicationType' AND CODE='CT8010' AND LOCALEIDENTIFIER='en';
UPDATE CODETABLEITEM SET DESCRIPTION='Questions administratives', LASTWRITTEN=SYSTIMESTAMP WHERE TABLENAME='CommunicationType' AND CODE='CT8002' AND LOCALEIDENTIFIER='fr';
UPDATE CODETABLEITEM SET DESCRIPTION='Révision', LASTWRITTEN=SYSTIMESTAMP WHERE TABLENAME='CommunicationType' AND CODE='CT8001' AND LOCALEIDENTIFIER='fr';

UPDATE CODETABLEITEM SET DESCRIPTION='Appeal', ANNOTATION='REQUESTFORAPPEAL' WHERE TABLENAME='CommunicationType' AND CODE='CT9001' AND LOCALEIDENTIFIER='en';
UPDATE CODETABLEITEM SET DESCRIPTION='Appel', ANNOTATION='REQUESTFORAPPEAL'  WHERE TABLENAME='CommunicationType' AND CODE='CT9001' AND LOCALEIDENTIFIER='fr';


INSERT INTO CODETABLEITEM (TABLENAME, CODE, DESCRIPTION, ANNOTATION, ISENABLED, SORTORDER, LOCALEIDENTIFIER, PARENTCODE, COMMENTS, VERSIONNO, LASTWRITTEN) VALUES('Correspondent', 'BDMCO8', 'Personne-ressource', NULL, '1', 0, 'fr', NULL, NULL, 1, SYSTIMESTAMP);

UPDATE CODETABLEITEM SET DESCRIPTION='ESDC Representative', LASTWRITTEN=SYSTIMESTAMP WHERE TABLENAME='Correspondent' AND CODE='CO1' AND LOCALEIDENTIFIER='en';
UPDATE CODETABLEITEM SET DESCRIPTION='Représentant d’EDSC', LASTWRITTEN=SYSTIMESTAMP  WHERE TABLENAME='Correspondent' AND CODE='CO1' AND LOCALEIDENTIFIER='fr';
UPDATE CODETABLEITEM SET DESCRIPTION='Aidant', LASTWRITTEN=SYSTIMESTAMP WHERE TABLENAME='Correspondent' AND CODE='CO3' AND LOCALEIDENTIFIER='fr';


	  
    </sql>
  </changeSet>
	<!-- END : feature/Task_115559_115560_115561_115563_CommunicationTaxonomy-->
  
  <changeSet  id="BDM_OAS_V1_UAT01_115559_02"  author="Jalpa.Patel" >
    <sql dbms="oracle"
     splitStatements="true"
     stripComments="true">	 
     

  INSERT INTO  APPRESOURCE (NAME, CONTENTTYPE, CONTENTDISPOSITION,  INTERNAL, RESOURCEID, DESCRIPTION, CATEGORY, LOCALEIDENTIFIER, VERSIONNO, LASTWRITTEN) VALUES('curam.bdm.pdc.rules.PDCAddressValidationRuleSet', 'text/plain;charset=UTF-8', 'inline;',  '1', 80029, NULL, 'RS_PROP', 'fr', 1, SYSTIMESTAMP );
     
  
  INSERT INTO CODETABLEITEM (TABLENAME, CODE, DESCRIPTION, ANNOTATION, ISENABLED, SORTORDER, LOCALEIDENTIFIER, PARENTCODE, COMMENTS, VERSIONNO, LASTWRITTEN) VALUES('Correspondent', 'BDMC10', 'Groupe responsable de l''AIPRP', NULL, '1', 0, 'fr', NULL, NULL, 1, SYSTIMESTAMP);
  
  </sql>
  </changeSet>
 
  <!-- START : /Task_115852_115698_115853 -->
<changeSet  id="BDM_OAS_V1_UAT01_115698_01"  author="Jalpa.Patel" >
    <sql dbms="oracle"
     splitStatements="true"
     stripComments="true">  
UPDATE CODETABLEITEM SET DESCRIPTION='Telephone number' WHERE TABLENAME='EvidenceType' AND CODE='PDC0000256' AND LOCALEIDENTIFIER='en';
UPDATE CODETABLEITEM SET DESCRIPTION='Telephone number' WHERE TABLENAME='TemporalEvTypeApproval' AND CODE='PDC0000256' AND LOCALEIDENTIFIER='en';
  </sql>
  </changeSet>
  <!-- END: Task_115852_115698_115853 -->

    <changeSet id="BDM_OAS_V1_UAT01_116405"  author="Manohar.Raulji" >
    <sql dbms="oracle"
     splitStatements="true"
     stripComments="true">	
			 
		UPDATE CODETABLEITEM
		SET ISENABLED='0', lastwritten = systimestamp, versionno = (versionno + 1)
		WHERE TABLENAME='LocationType' AND CODE='LT1' AND LOCALEIDENTIFIER='en';
		UPDATE CODETABLEITEM
		SET ISENABLED='0', lastwritten = systimestamp, versionno = (versionno + 1)
		WHERE TABLENAME='LocationType' AND CODE='LT1' AND LOCALEIDENTIFIER='fr';
		UPDATE CODETABLEITEM
		SET ISENABLED='0', lastwritten = systimestamp, versionno = (versionno + 1)
		WHERE TABLENAME='LocationType' AND CODE='BDMLT5000' AND LOCALEIDENTIFIER='en';
		UPDATE CODETABLEITEM
		SET ISENABLED='0', lastwritten = systimestamp, versionno = (versionno + 1)
		WHERE TABLENAME='LocationType' AND CODE='BDMLT5000' AND LOCALEIDENTIFIER='fr';
		UPDATE CODETABLEITEM
		SET ISENABLED='0', lastwritten = systimestamp, versionno = (versionno + 1)
		WHERE TABLENAME='LocationType' AND CODE='BDMLT5001' AND LOCALEIDENTIFIER='en';
		UPDATE CODETABLEITEM
		SET ISENABLED='0', lastwritten = systimestamp, versionno = (versionno + 1)
		WHERE TABLENAME='LocationType' AND CODE='BDMLT5001' AND LOCALEIDENTIFIER='fr';
		UPDATE CODETABLEITEM
		SET ISENABLED='0', lastwritten = systimestamp, versionno = (versionno + 1)
		WHERE TABLENAME='LocationType' AND CODE='BDMLT5002' AND LOCALEIDENTIFIER='en';
		UPDATE CODETABLEITEM
		SET ISENABLED='0', lastwritten = systimestamp, versionno = (versionno + 1)
		WHERE TABLENAME='LocationType' AND CODE='BDMLT5002' AND LOCALEIDENTIFIER='fr';

     
		INSERT INTO CODETABLEITEM
		(TABLENAME, CODE, DESCRIPTION, ANNOTATION, ISENABLED, SORTORDER, LOCALEIDENTIFIER, PARENTCODE, COMMENTS, VERSIONNO, LASTWRITTEN)
		VALUES('LocationType', 'BDMLT5003', 'Specialized Processing', NULL, '1', 0, 'en', NULL, NULL, 1, systimestamp);
		INSERT INTO CODETABLEITEM
		(TABLENAME, CODE, DESCRIPTION, ANNOTATION, ISENABLED, SORTORDER, LOCALEIDENTIFIER, PARENTCODE, COMMENTS, VERSIONNO, LASTWRITTEN)
		VALUES('LocationType', 'BDMLT5003', 'Specialized Processing', NULL, '1', 0, 'fr', NULL, NULL, 1, systimestamp);
		INSERT INTO CODETABLEITEM
		(TABLENAME, CODE, DESCRIPTION, ANNOTATION, ISENABLED, SORTORDER, LOCALEIDENTIFIER, PARENTCODE, COMMENTS, VERSIONNO, LASTWRITTEN)
		VALUES('LocationType', 'BDMLT5004', 'Service Canada Center', NULL, '1', 0, 'en', NULL, NULL, 1, systimestamp);
		INSERT INTO CODETABLEITEM
		(TABLENAME, CODE, DESCRIPTION, ANNOTATION, ISENABLED, SORTORDER, LOCALEIDENTIFIER, PARENTCODE, COMMENTS, VERSIONNO, LASTWRITTEN)
		VALUES('LocationType', 'BDMLT5004', 'Service Canada Center', NULL, '1', 0, 'fr', NULL, NULL, 1, systimestamp);
		INSERT INTO CODETABLEITEM
		(TABLENAME, CODE, DESCRIPTION, ANNOTATION, ISENABLED, SORTORDER, LOCALEIDENTIFIER, PARENTCODE, COMMENTS, VERSIONNO, LASTWRITTEN)
		VALUES('LocationType', 'BDMLT5005', 'Processing Center', NULL, '1', 0, 'en', NULL, NULL, 1, systimestamp);
		INSERT INTO CODETABLEITEM
		(TABLENAME, CODE, DESCRIPTION, ANNOTATION, ISENABLED, SORTORDER, LOCALEIDENTIFIER, PARENTCODE, COMMENTS, VERSIONNO, LASTWRITTEN)
		VALUES('LocationType', 'BDMLT5005', 'Processing Center', NULL, '1', 0, 'fr', NULL, NULL, 1, systimestamp);
		INSERT INTO CODETABLEITEM
		(TABLENAME, CODE, DESCRIPTION, ANNOTATION, ISENABLED, SORTORDER, LOCALEIDENTIFIER, PARENTCODE, COMMENTS, VERSIONNO, LASTWRITTEN)
		VALUES('LocationType', 'BDMLT5006', 'International Operations', NULL, '1', 0, 'en', NULL, NULL, 1, systimestamp);
		INSERT INTO CODETABLEITEM
		(TABLENAME, CODE, DESCRIPTION, ANNOTATION, ISENABLED, SORTORDER, LOCALEIDENTIFIER, PARENTCODE, COMMENTS, VERSIONNO, LASTWRITTEN)
		VALUES('LocationType', 'BDMLT5006', 'International Operations', NULL, '1', 0, 'fr', NULL, NULL, 1, systimestamp);
		INSERT INTO CODETABLEITEM
		(TABLENAME, CODE, DESCRIPTION, ANNOTATION, ISENABLED, SORTORDER, LOCALEIDENTIFIER, PARENTCODE, COMMENTS, VERSIONNO, LASTWRITTEN)
		VALUES('LocationType', 'BDMLT5007', 'Call Center', NULL, '1', 0, 'en', NULL, NULL, 1, systimestamp);
		INSERT INTO CODETABLEITEM
		(TABLENAME, CODE, DESCRIPTION, ANNOTATION, ISENABLED, SORTORDER, LOCALEIDENTIFIER, PARENTCODE, COMMENTS, VERSIONNO, LASTWRITTEN)
		VALUES('LocationType', 'BDMLT5007', 'Call Center', NULL, '1', 0, 'fr', NULL, NULL, 1, systimestamp);
		INSERT INTO CODETABLEITEM
		(TABLENAME, CODE, DESCRIPTION, ANNOTATION, ISENABLED, SORTORDER, LOCALEIDENTIFIER, PARENTCODE, COMMENTS, VERSIONNO, LASTWRITTEN)
		VALUES('LocationType', 'BDMLT5008', 'Unlisted Office', NULL, '1', 0, 'en', NULL, NULL, 1, systimestamp);
		INSERT INTO CODETABLEITEM
		(TABLENAME, CODE, DESCRIPTION, ANNOTATION, ISENABLED, SORTORDER, LOCALEIDENTIFIER, PARENTCODE, COMMENTS, VERSIONNO, LASTWRITTEN)
		VALUES('LocationType', 'BDMLT5008', 'Unlisted Office', NULL, '1', 0, 'fr', NULL, NULL, 1, systimestamp);
		INSERT INTO CODETABLEITEM
		(TABLENAME, CODE, DESCRIPTION, ANNOTATION, ISENABLED, SORTORDER, LOCALEIDENTIFIER, PARENTCODE, COMMENTS, VERSIONNO, LASTWRITTEN)
		VALUES('LocationType', 'BDMLT5009', 'National Head Quarters', NULL, '1', 0, 'en', NULL, NULL, 1, systimestamp);
		INSERT INTO CODETABLEITEM
		(TABLENAME, CODE, DESCRIPTION, ANNOTATION, ISENABLED, SORTORDER, LOCALEIDENTIFIER, PARENTCODE, COMMENTS, VERSIONNO, LASTWRITTEN)
		VALUES('LocationType', 'BDMLT5009', 'National Head Quarters', NULL, '1', 0, 'fr', NULL, NULL, 1, systimestamp);
	 
	 
	 </sql>
     </changeSet>     
  
    <changeSet id="BDM_OAS_V1_UAT01_116405_01"  author="Manohar.Raulji" >
    <sql dbms="oracle"
     splitStatements="true"
     stripComments="true">

  		UPDATE CODETABLEITEM
		SET ISENABLED='0', lastwritten = systimestamp, versionno = (versionno + 1)
		WHERE TABLENAME='LocationType' AND CODE='BDMLT5002' AND LOCALEIDENTIFIER='en';

	 </sql>
     </changeSet>

	<changeSet  id="BDM_OAS_V1_UAT01_115559_01"  author="Nabil.Hamade" >
		<sql dbms="oracle"
			 splitStatements="true"
			 stripComments="true">

			UPDATE CODETABLEITEM SET DESCRIPTION='Nouvelle période de résidence au Canada', LASTWRITTEN=SYSTIMESTAMP WHERE TABLENAME='EvidenceType' AND CODE='BDMDET0005' AND LOCALEIDENTIFIER='fr';

		</sql>
	</changeSet>
	
	
	<!-- START : feature/Task_116307_116244 -->
	
		<changeSet  id="BDM_OAS_V1_UAT01_116244_01"  author="Jalpa.Patel" >
		<sql dbms="oracle"
			 splitStatements="true"
			 stripComments="true">
	
UPDATE CODETABLEITEM SET DESCRIPTION='Liaison' WHERE TABLENAME='BDMModeOfReceipt' AND CODE='MOR1' AND LOCALEIDENTIFIER='fr';
UPDATE CODETABLEITEM SET DESCRIPTION='ITRDS' WHERE TABLENAME='BDMReceivedFrom' AND CODE='RF1' AND LOCALEIDENTIFIER='en';
UPDATE CODETABLEITEM SET DESCRIPTION='SERTI'   WHERE TABLENAME='BDMReceivedFrom' AND CODE='RF1' AND LOCALEIDENTIFIER='fr';
</sql>
</changeSet>

	<!-- End feature/Task_116307_116244 -->

	<changeSet  id="BDM_OAS_V1_UAT01_115559_21"  author="rajeswar.yeddula" >
		<sql dbms="oracle"
			 splitStatements="true"
			 stripComments="true">

			UPDATE CODETABLEITEM SET DESCRIPTION='Numéro de téléphone' WHERE TABLENAME='EvidenceType' AND CODE='PDC0000256' AND LOCALEIDENTIFIER='fr';

UPDATE CODETABLEITEM SET DESCRIPTION='Numéro de téléphone' WHERE TABLENAME='TemporalEvTypeApproval' AND CODE='PDC0000256' AND LOCALEIDENTIFIER='fr';

UPDATE CODETABLEITEM SET DESCRIPTION='Téléphone cellulaire professionne' WHERE TABLENAME='BDMPhoneAlert' AND CODE='PA1' AND LOCALEIDENTIFIER='fr';

UPDATE CODETABLEITEM SET DESCRIPTION='Téléphone cellulaire personnel' WHERE TABLENAME='BDMPhoneAlert' AND CODE='PA0' AND LOCALEIDENTIFIER='fr';

UPDATE CODETABLEITEM SET DESCRIPTION='Une alerte pour chaque nouvelle information disponible' WHERE TABLENAME='BDMAlertOccur' AND CODE='AO2' AND LOCALEIDENTIFIER='fr';

UPDATE CODETABLEITEM SET DESCRIPTION='Une alerte par jour lorsque de nouveaux renseignements sont disponibles' WHERE TABLENAME='BDMAlertOccur' AND CODE='AO1' AND LOCALEIDENTIFIER='fr';


		</sql>
	</changeSet>
  

    <changeSet id="BDM_OAS_V1_UAT01_115456_07"  author="Manohar.Raulji" >
    <sql dbms="oracle"
     splitStatements="true"
     stripComments="true">

     	UPDATE APPRESOURCE
		SET LOCALEIDENTIFIER='fr', lastwritten = systimestamp, versionno = (versionno + 1)
		WHERE RESOURCEID=60488;

		UPDATE CODETABLEITEM
		SET DESCRIPTION='Fournisseur de produits', lastwritten = systimestamp, versionno = (versionno + 1)
		WHERE TABLENAME='ConcerningLinkType' AND CODE='RL4' AND LOCALEIDENTIFIER='fr';

		UPDATE CODETABLEITEM
		SET DESCRIPTION='BESS', lastwritten = systimestamp, versionno = (versionno + 1)
		WHERE TABLENAME='DocumentType' AND CODE='BDMADT8022' AND LOCALEIDENTIFIER='fr';

	 </sql>
     </changeSet>

	<changeSet  id="BDM_OAS_V1_UAT01_116274_01"  author="Nabil.Hamade" >
		<sql dbms="oracle"
			 splitStatements="true"
			 stripComments="true">
			INSERT WHEN NOT EXISTS (SELECT SIDNAME FROM SECURITYGROUPSID where GROUPNAME = 'IOAdminGROUP' and SIDNAME = 'AdminTab.readOrganisationUnitTabDetails') THEN INTO SECURITYGROUPSID (GROUPNAME,SIDNAME,LASTWRITTEN) values ('IOAdminGROUP','AdminTab.readOrganisationUnitTabDetails', systimestamp ) SELECT 'AdminTab.readOrganisationUnitTabDetails' FROM DUAL;
		</sql>
	</changeSet>

	<changeSet  id="BDM_OAS_V1_UAT01_114873_01"  author="Nabil.Hamade" >
		<sql dbms="oracle"
			 splitStatements="true"
			 stripComments="true">

			Insert into ORGUNITPOSITIONLINK (ORGUNITPOSITIONLINKID,ORGANISATIONSTRUCTUREID,POSITIONID,RECORDSTATUS,ORGANISATIONUNITID,VERSIONNO,LASTWRITTEN) values (90924,1,80905,'RST1',80277,1,null);
			Insert into ORGUNITPOSITIONLINK (ORGUNITPOSITIONLINKID,ORGANISATIONSTRUCTUREID,POSITIONID,RECORDSTATUS,ORGANISATIONUNITID,VERSIONNO,LASTWRITTEN) values (90925,1,80906,'RST1',80277,1,null);
			Insert into ORGUNITPOSITIONLINK (ORGUNITPOSITIONLINKID,ORGANISATIONSTRUCTUREID,POSITIONID,RECORDSTATUS,ORGANISATIONUNITID,VERSIONNO,LASTWRITTEN) values (90926,1,80907,'RST1',80277,1,null);
			Insert into ORGUNITPOSITIONLINK (ORGUNITPOSITIONLINKID,ORGANISATIONSTRUCTUREID,POSITIONID,RECORDSTATUS,ORGANISATIONUNITID,VERSIONNO,LASTWRITTEN) values (90927,1,80908,'RST1',80277,1,null);
			Insert into ORGUNITPOSITIONLINK (ORGUNITPOSITIONLINKID,ORGANISATIONSTRUCTUREID,POSITIONID,RECORDSTATUS,ORGANISATIONUNITID,VERSIONNO,LASTWRITTEN) values (90928,1,80909,'RST1',80277,1,null);
			Insert into ORGUNITPOSITIONLINK (ORGUNITPOSITIONLINKID,ORGANISATIONSTRUCTUREID,POSITIONID,RECORDSTATUS,ORGANISATIONUNITID,VERSIONNO,LASTWRITTEN) values (90929,1,80910,'RST1',80277,1,null);
			Insert into ORGUNITPOSITIONLINK (ORGUNITPOSITIONLINKID,ORGANISATIONSTRUCTUREID,POSITIONID,RECORDSTATUS,ORGANISATIONUNITID,VERSIONNO,LASTWRITTEN) values (90930,1,80911,'RST1',80277,1,null);
			Insert into ORGUNITPOSITIONLINK (ORGUNITPOSITIONLINKID,ORGANISATIONSTRUCTUREID,POSITIONID,RECORDSTATUS,ORGANISATIONUNITID,VERSIONNO,LASTWRITTEN) values (90931,1,80912,'RST1',80277,1,null);
			Insert into ORGUNITPOSITIONLINK (ORGUNITPOSITIONLINKID,ORGANISATIONSTRUCTUREID,POSITIONID,RECORDSTATUS,ORGANISATIONUNITID,VERSIONNO,LASTWRITTEN) values (90932,1,80913,'RST1',80277,1,null);
			Insert into ORGUNITPOSITIONLINK (ORGUNITPOSITIONLINKID,ORGANISATIONSTRUCTUREID,POSITIONID,RECORDSTATUS,ORGANISATIONUNITID,VERSIONNO,LASTWRITTEN) values (90933,1,80914,'RST1',80277,1,null);
			Insert into ORGUNITPOSITIONLINK (ORGUNITPOSITIONLINKID,ORGANISATIONSTRUCTUREID,POSITIONID,RECORDSTATUS,ORGANISATIONUNITID,VERSIONNO,LASTWRITTEN) values (90934,1,80915,'RST1',80277,1,null);
			Insert into ORGUNITPOSITIONLINK (ORGUNITPOSITIONLINKID,ORGANISATIONSTRUCTUREID,POSITIONID,RECORDSTATUS,ORGANISATIONUNITID,VERSIONNO,LASTWRITTEN) values (90935,1,80916,'RST1',80277,1,null);
			Insert into ORGUNITPOSITIONLINK (ORGUNITPOSITIONLINKID,ORGANISATIONSTRUCTUREID,POSITIONID,RECORDSTATUS,ORGANISATIONUNITID,VERSIONNO,LASTWRITTEN) values (90936,1,80917,'RST1',80277,1,null);
			Insert into ORGUNITPOSITIONLINK (ORGUNITPOSITIONLINKID,ORGANISATIONSTRUCTUREID,POSITIONID,RECORDSTATUS,ORGANISATIONUNITID,VERSIONNO,LASTWRITTEN) values (90937,1,80918,'RST1',80277,1,null);
			Insert into ORGUNITPOSITIONLINK (ORGUNITPOSITIONLINKID,ORGANISATIONSTRUCTUREID,POSITIONID,RECORDSTATUS,ORGANISATIONUNITID,VERSIONNO,LASTWRITTEN) values (90938,1,80919,'RST1',80277,1,null);

			Insert into ORGUNITPOSITIONLINK (ORGUNITPOSITIONLINKID,ORGANISATIONSTRUCTUREID,POSITIONID,RECORDSTATUS,ORGANISATIONUNITID,VERSIONNO,LASTWRITTEN) values (90939,1,80920,'RST1',80280,1,null);
			Insert into ORGUNITPOSITIONLINK (ORGUNITPOSITIONLINKID,ORGANISATIONSTRUCTUREID,POSITIONID,RECORDSTATUS,ORGANISATIONUNITID,VERSIONNO,LASTWRITTEN) values (90940,1,80921,'RST1',80280,1,null);
			Insert into ORGUNITPOSITIONLINK (ORGUNITPOSITIONLINKID,ORGANISATIONSTRUCTUREID,POSITIONID,RECORDSTATUS,ORGANISATIONUNITID,VERSIONNO,LASTWRITTEN) values (90941,1,80922,'RST1',80280,1,null);
			Insert into ORGUNITPOSITIONLINK (ORGUNITPOSITIONLINKID,ORGANISATIONSTRUCTUREID,POSITIONID,RECORDSTATUS,ORGANISATIONUNITID,VERSIONNO,LASTWRITTEN) values (90942,1,80923,'RST1',80280,1,null);
			Insert into ORGUNITPOSITIONLINK (ORGUNITPOSITIONLINKID,ORGANISATIONSTRUCTUREID,POSITIONID,RECORDSTATUS,ORGANISATIONUNITID,VERSIONNO,LASTWRITTEN) values (90943,1,80924,'RST1',80280,1,null);

			Insert into ORGUNITPOSITIONLINK (ORGUNITPOSITIONLINKID,ORGANISATIONSTRUCTUREID,POSITIONID,RECORDSTATUS,ORGANISATIONUNITID,VERSIONNO,LASTWRITTEN) values (90944,1,80524,'RST1',80034,1,null);
			Insert into ORGUNITPOSITIONLINK (ORGUNITPOSITIONLINKID,ORGANISATIONSTRUCTUREID,POSITIONID,RECORDSTATUS,ORGANISATIONUNITID,VERSIONNO,LASTWRITTEN) values (90945,1,80525,'RST1',80034,1,null);

			Insert into ORGUNITPOSITIONLINK (ORGUNITPOSITIONLINKID,ORGANISATIONSTRUCTUREID,POSITIONID,RECORDSTATUS,ORGANISATIONUNITID,VERSIONNO,LASTWRITTEN) values (90946,1,80638,'RST1',80118,1,null);
			Insert into ORGUNITPOSITIONLINK (ORGUNITPOSITIONLINKID,ORGANISATIONSTRUCTUREID,POSITIONID,RECORDSTATUS,ORGANISATIONUNITID,VERSIONNO,LASTWRITTEN) values (90947,1,80639,'RST1',80118,1,null);

			Insert into ORGUNITPOSITIONLINK (ORGUNITPOSITIONLINKID,ORGANISATIONSTRUCTUREID,POSITIONID,RECORDSTATUS,ORGANISATIONUNITID,VERSIONNO,LASTWRITTEN) values (90948,1,80640,'RST1',80119,1,null);
			Insert into ORGUNITPOSITIONLINK (ORGUNITPOSITIONLINKID,ORGANISATIONSTRUCTUREID,POSITIONID,RECORDSTATUS,ORGANISATIONUNITID,VERSIONNO,LASTWRITTEN) values (90949,1,80641,'RST1',80119,1,null);

			Insert into ORGUNITPOSITIONLINK (ORGUNITPOSITIONLINKID,ORGANISATIONSTRUCTUREID,POSITIONID,RECORDSTATUS,ORGANISATIONUNITID,VERSIONNO,LASTWRITTEN) values (90950,1,80642,'RST1',80340,1,null);
			Insert into ORGUNITPOSITIONLINK (ORGUNITPOSITIONLINKID,ORGANISATIONSTRUCTUREID,POSITIONID,RECORDSTATUS,ORGANISATIONUNITID,VERSIONNO,LASTWRITTEN) values (90951,1,80643,'RST1',80340,1,null);
			Insert into ORGUNITPOSITIONLINK (ORGUNITPOSITIONLINKID,ORGANISATIONSTRUCTUREID,POSITIONID,RECORDSTATUS,ORGANISATIONUNITID,VERSIONNO,LASTWRITTEN) values (90952,1,80644,'RST1',80340,1,null);

			Insert into ORGUNITPOSITIONLINK (ORGUNITPOSITIONLINKID,ORGANISATIONSTRUCTUREID,POSITIONID,RECORDSTATUS,ORGANISATIONUNITID,VERSIONNO,LASTWRITTEN) values (90953,1,80657,'RST1',80121,1,null);
			Insert into ORGUNITPOSITIONLINK (ORGUNITPOSITIONLINKID,ORGANISATIONSTRUCTUREID,POSITIONID,RECORDSTATUS,ORGANISATIONUNITID,VERSIONNO,LASTWRITTEN) values (90954,1,80658,'RST1',80121,1,null);

			Insert into ORGUNITPOSITIONLINK (ORGUNITPOSITIONLINKID,ORGANISATIONSTRUCTUREID,POSITIONID,RECORDSTATUS,ORGANISATIONUNITID,VERSIONNO,LASTWRITTEN) values (90955,1,80659,'RST1',80122,1,null);
			Insert into ORGUNITPOSITIONLINK (ORGUNITPOSITIONLINKID,ORGANISATIONSTRUCTUREID,POSITIONID,RECORDSTATUS,ORGANISATIONUNITID,VERSIONNO,LASTWRITTEN) values (90956,1,80660,'RST1',80122,1,null);

			Insert into ORGUNITPOSITIONLINK (ORGUNITPOSITIONLINKID,ORGANISATIONSTRUCTUREID,POSITIONID,RECORDSTATUS,ORGANISATIONUNITID,VERSIONNO,LASTWRITTEN) values (90957,1,80835,'RST1',80029,1,null);
			Insert into ORGUNITPOSITIONLINK (ORGUNITPOSITIONLINKID,ORGANISATIONSTRUCTUREID,POSITIONID,RECORDSTATUS,ORGANISATIONUNITID,VERSIONNO,LASTWRITTEN) values (90958,1,80836,'RST1',80029,1,null);
			update ORGUNITPOSITIONLINK set ORGANISATIONUNITID = 80037 where ORGUNITPOSITIONLINKID = 90755;

			update ORGANISATIONUNIT set creationdate = to_date('1899-01-01','YYYY-MM-DD') where organisationunitid = 80004;

			delete from ORGUNITPARENTLINK where ORGUNITPARENTLINKID = 90374;
			delete from ORGUNITPARENTLINK where ORGANISATIONUNITID = 80374;
			delete from ORGUNITPOSITIONLINK where ORGANISATIONUNITID = 80374;
			delete from ORGANISATIONUNIT where ORGANISATIONUNITID = 80374;
			update ORGANISATIONUNIT set LOCATIONID = 1 where ORGANISATIONUNITID > 80003;

			update POSITION set NAME = 'NHQ Workload Processing Management I Lead Position 01', COMMENTS = 'NHQ Workload Processing Management I Lead Position 01' where POSITIONID = 80654;

		</sql>
	</changeSet>

</databaseChangeLog>