<?xml version="1.0" encoding="UTF-8"?>

<registrations>

  <event-registration
    filter="curam.ca.gc.bdm.communication.impl.BDMCommunicationStatusHistoryEventHandler"
    handler="curam.ca.gc.bdm.communication.impl.BDMCommunicationStatusHistoryEventHandler"
  >
    <event-classes>
      <event-class identifier="ConcernRoleCommunication"/>
    </event-classes>
  </event-registration>
  
  <event-registration
    filter="curam.ca.gc.bdm.notification.impl.BDMNotificationEventHandler"
    handler="curam.ca.gc.bdm.notification.impl.BDMNotificationEventHandler"
  >
    <event-classes>
      <event-class identifier="BDMNotification"/>
    </event-classes>
  </event-registration>
  
  <event-registration
    filter="curam.ca.gc.bdm.correspondence.impl.BDMCorrespondenceEventHandler"
    handler="curam.ca.gc.bdm.correspondence.impl.BDMCorrespondenceEventHandler"
  >
    <event-classes>
      <event-class identifier="BDMCorrespondence"/>
    </event-classes>
  </event-registration>
  
  <event-registration
    filter="curam.ca.gc.bdm.sl.productdelivery.impl.BDMProductDeliveryEventHandler"
    handler="curam.ca.gc.bdm.sl.productdelivery.impl.BDMProductDeliveryEventHandler">
    <event-classes>
      <event-class identifier="ProductDelivery"/>
    </event-classes>
  </event-registration>
  
  <!--  BEGIN Task Post Insert Case Participant Role event -->
  <event-registration
    filter="curam.ca.gc.bdm.communication.impl.BDMCaseParticipantRoleEventHandler"
    handler="curam.ca.gc.bdm.communication.impl.BDMCaseParticipantRoleEventHandler">
    <event-classes>
      <event-class identifier="CaseParticipantRole"/>
    </event-classes>
  </event-registration>
  <!-- END Task -->
  
  <!-- BEGIN - CK - TASK 23927 - Payment Destination -->  
  <event-registration filter="curam.ca.gc.bdm.sl.concernroleaddress.impl.BDMConcernRoleAddressEventHandler"
    handler="curam.ca.gc.bdm.sl.concernroleaddress.impl.BDMConcernRoleAddressEventHandler">
    <event-classes>
      <event-class identifier="ConcernRoleAddress"/>
    </event-classes>
  </event-registration>
  <!-- END - CK - TASK 23927 - Payment Destination -->
  
  <event-registration filter="curam.ca.gc.bdm.communication.impl.BDMCommunicationEventHandler"
    handler="curam.ca.gc.bdm.communication.impl.BDMCommunicationEventHandler">
    <event-classes>
      <event-class identifier="BDMInterimAppCommunication"/>
    </event-classes>
  </event-registration>
</registrations>