<?xml version="1.0" encoding="UTF-8"?>
<!-- 94324 DEV: Manage Third Party Evidence configuration -->
<EvidenceTypeVersion correctionOnly="true"
    enableSaveAndNew="false" modifiable="true"
    relatedParticipant="caseParticipantRole"
    businessStartDate="from" businessEndDate="to"
    xmlns:xsi="http://www.w3.org/2001/XMLSchema-instance"
    xsi:noNamespaceSchemaLocation="http://www.curamsoftware.com/DynamicEvidenceSchema.xsd">
    <Model>
        <Attributes>
            <Attribute>
                <RelatedCPAttribute cpRoleType="MEM"
                    name="caseParticipantRole" participantType="Person">
                    <CPSearchType code="PRI" />
                    <CPSearchType code="MEM" />
                </RelatedCPAttribute>
            </Attribute>
            <Attribute>
                <RelatedCPAttribute cpRoleType="THP"
                    name="thirdPartyCaseParticipantRole" participantType="Unknown">
                    <CPSearchType code="THP" />
                </RelatedCPAttribute>
            </Attribute>
            <Attribute>
                <DataAttribute name="title" mandatory="false">
                    <DomainType dataType="Codetable">
                        <CodetableOptions
                            codetableName="PersonTitle" />
                    </DomainType>
                </DataAttribute>
            </Attribute>
            <Attribute>
                <DataAttribute name="individualWithinOrg" mandatory="false">
                  <DomainType dataType="String"/>
                </DataAttribute>
            </Attribute>
            <Attribute>
                <DataAttribute name="program" mandatory="false">
                    <DomainType dataType="String">
                    </DomainType>
                </DataAttribute>
            </Attribute>
            <Attribute>
                <DataAttribute name="role" mandatory="false">
                    <DomainType dataType="Codetable">
                        <CodetableOptions
                            codetableName="BDMThirdPartyRole" />
                    </DomainType>
                </DataAttribute>
            </Attribute>
            <Attribute>
                <DataAttribute name="roleType" mandatory="false">
                    <DomainType dataType="Codetable">
                        <CodetableOptions
                            codetableName="BDMThirdPartyRoleType" />
                    </DomainType>
                </DataAttribute>
            </Attribute>
            <Attribute>
                <DataAttribute name="poaClassification" mandatory="false">
                    <DomainType dataType="Codetable">
                        <CodetableOptions
                            codetableName="BDMThirdPartyPOAClass" />
                    </DomainType>
                </DataAttribute>
            </Attribute>
            <Attribute>
                <DataAttribute name="poaType" mandatory="false">
                    <DomainType dataType="Codetable">
                        <CodetableOptions
                            codetableName="BDMThirdPartyPOAType" />
                    </DomainType>
                </DataAttribute>
            </Attribute>
            <Attribute>
                <DataAttribute name="relationshipToClient" mandatory="false">
                    <DomainType dataType="Codetable">
                        <CodetableOptions
                            codetableName="BDMThirdPartyRelationship" />
                    </DomainType>
                </DataAttribute>
            </Attribute>
            <Attribute>
                <DataAttribute name="languagePreference" mandatory="false">
                    <DomainType dataType="Codetable">
                        <CodetableOptions
                            codetableName="BDMLanguage" />
                    </DomainType>
                </DataAttribute>
            </Attribute>
            <Attribute>
                <DataAttribute name="from" mandatory="true">
                    <DomainType dataType="Date" />
                </DataAttribute>
            </Attribute>
            <Attribute>
                <DataAttribute name="to" mandatory="false">
                    <DomainType dataType="Date" />
                </DataAttribute>
            </Attribute>
            <Attribute>
                <DataAttribute name="bdmReceivedFrom"
                    defaultValue="RF3">
                    <DomainType dataType="Codetable">
                        <CodetableOptions codetableName="BDMReceivedFrom" />
                    </DomainType>
                </DataAttribute>
            </Attribute>
            <Attribute>
                <DataAttribute name="bdmReceivedFromCountry">
                    <DomainType dataType="Codetable">
                        <CodetableOptions
                            codetableName="BDMSourceCountry" />
                    </DomainType>
                </DataAttribute>
            </Attribute>
            <Attribute>
                <DataAttribute name="bdmModeOfReceipt">
                    <DomainType dataType="Codetable">
                        <CodetableOptions
                            codetableName="BDMModeOfReceipt" />
                    </DomainType>
                </DataAttribute>
            </Attribute>
            <Attribute>
                <CommentsAttribute name="comments" />
            </Attribute>
            <Attribute>
              <DataAttribute name="publicTrusteeAccountNumber"
                mandatory="false">
                <DomainType dataType="String" />
              </DataAttribute>
            </Attribute>
            <Attribute>
              <DataAttribute name="thirdPartyCorrespondence">
                <DomainType dataType="Codetable">
                  <CodetableOptions
                    codetableName="BDMTPCorrespondence" />
                </DomainType>
              </DataAttribute>
            </Attribute>
          </Attributes>
        <Relationships />
    </Model>
    <Validations>
        <CustomRulesValidation
            ruleSetName="BDMThirdPartyContactValidationRuleSet" />
    </Validations>
    <SummaryInformation>
        <SummaryRuleset ruleSetName="BDMThirdPartyContactSummaryRuleSet"/>
    </SummaryInformation>
    <UserInterface>
        <Cluster>
            <RelCPCluster defaultToBlank="false"
                enableMultiMemberUpdates="false" fullCreateParticipant="false"
                isOnCreatePage="true" isOnModifyPage="true" isOnViewPage="true"
                modifyOption="no" showParticipantTypeFilter="true"
                useSingleName="false">
                <StandardField source="caseParticipantRole" />
                <ClusterName id="Participant.Cluster.Title" />
                <LabelName id="Participant.Field.Label" />
            </RelCPCluster>
        </Cluster>
        <Cluster>
            <RelCPCluster defaultToBlank="false"
                enableMultiMemberUpdates="false" fullCreateParticipant="false"
                isOnCreatePage="true" isOnModifyPage="true" isOnViewPage="true"
                modifyOption="no" showParticipantTypeFilter="true"
                useSingleName="false">
                <StandardField source="thirdPartyCaseParticipantRole" />
                <ClusterName id="ThirdPartyParticipant.Cluster.Title" />
                <LabelName id="ThirdPartyParticipant.Field.Label" />
            </RelCPCluster>
        </Cluster>
        <Cluster>
            <StandardCluster isOnCreatePage="true"
                isOnModifyPage="true" isOnViewPage="false" labelWidth="40"
                numberOfColumns="2">
                <Title id="ThirdPartyContact.Cluster.Title" />
                <StandardClusterField>
                    <StandardField modifiable="false"
                        source="title" useDefault="false" useBlank="true">
                        <Label id="Title.Field.Label" />
                    </StandardField>
                </StandardClusterField>
                <StandardClusterField>
                    <SkipField />
                </StandardClusterField>
                <StandardClusterField>
                    <StandardField modifiable="false"
                        source="individualWithinOrg" useDefault="false" useBlank="true">
                        <Label id="IndividualWithinOrg.Field.Label" />
                    </StandardField>
                </StandardClusterField>
                <StandardClusterField>
                    <StandardField modifiable="false"
                        source="program" useDefault="false" useBlank="true">
                        <Label id="Program.Field.Label" />
                    </StandardField>
                </StandardClusterField>
                <StandardClusterField>
                    <StandardField modifiable="false"
                        source="role" useDefault="false" useBlank="true">
                        <Label id="Role.Field.Label" />
                    </StandardField>
                </StandardClusterField>
                <StandardClusterField>
                    <StandardField modifiable="false"
                        source="roleType" useDefault="false" useBlank="true">
                        <Label id="RoleType.Field.Label" />
                    </StandardField>
                </StandardClusterField>
                <StandardClusterField>
                    <StandardField modifiable="false"
                        source="poaClassification" useDefault="false" useBlank="true">
                        <Label id="PoaClassification.Field.Label" />
                    </StandardField>
                </StandardClusterField>
                <StandardClusterField>
                    <StandardField modifiable="true"
                        source="thirdPartyCorrespondence" useDefault="false" useBlank="true">
                        <Label id="ThirdPartyCorrespondence.Field.Label" />
                    </StandardField>
                </StandardClusterField>
                <StandardClusterField>
                    <StandardField modifiable="false"
                        source="poaType" useDefault="false" useBlank="true">
                        <Label id="PoaType.Field.Label" />
                    </StandardField>
                </StandardClusterField>
                <StandardClusterField>
                    <StandardField modifiable="false"
                        source="relationshipToClient" useDefault="false" useBlank="true">
                        <Label id="RelationshipToClient.Field.Label" />
                    </StandardField>
                </StandardClusterField>
                <StandardClusterField>
                    <StandardField modifiable="false"
                        source="languagePreference" useDefault="false" useBlank="true">
                        <Label id="LanguagePreference.Field.Label" />
                    </StandardField>
                </StandardClusterField>
                <StandardClusterField>
                    <StandardField modifiable="true" source="from"
                        useDefault="false" useBlank="true">
                        <Label id="From.Field.Label" />
                    </StandardField>
                </StandardClusterField>
                <StandardClusterField>
                    <StandardField modifiable="true" source="to"
                        useDefault="false" useBlank="true">
                        <Label id="To.Field.Label" />
                    </StandardField>
                </StandardClusterField>
            </StandardCluster>
        </Cluster>
        <Cluster>
            <StandardCluster isOnCreatePage="false"
                isOnModifyPage="false" isOnViewPage="true" labelWidth="40"
                numberOfColumns="2">
                <Title id="ThirdPartyContactView.Cluster.Title" />
                <StandardClusterField>
                    <StandardField modifiable="false"
                        source="title" useDefault="false" useBlank="true">
                        <Label id="TitleView.Field.Label" />
                    </StandardField>
                </StandardClusterField>
                <StandardClusterField>
                    <SkipField />
                </StandardClusterField>
                <StandardClusterField>
                    <StandardField modifiable="true" source="from"
                        useDefault="false" useBlank="true">
                        <Label id="FromView.Field.Label" />
                    </StandardField>
                </StandardClusterField>
                <StandardClusterField>
                    <StandardField modifiable="true" source="to"
                        useDefault="false" useBlank="true">
                        <Label id="ToView.Field.Label" />
                    </StandardField>
                </StandardClusterField>
                <StandardClusterField>
                    <StandardField modifiable="false"
                        source="individualWithinOrg" useDefault="false" useBlank="true">
                        <Label id="IndividualWithinOrgView.Field.Label" />
                    </StandardField>
                </StandardClusterField>
                <StandardClusterField>
                    <StandardField modifiable="false"
                        source="program" useDefault="false" useBlank="true">
                        <Label id="ProgramView.Field.Label" />
                    </StandardField>
                </StandardClusterField>
                <StandardClusterField>
                    <StandardField modifiable="false"
                        source="role" useDefault="false" useBlank="true">
                        <Label id="RoleView.Field.Label" />
                    </StandardField>
                </StandardClusterField>
                <StandardClusterField>
                    <StandardField modifiable="false"
                        source="roleType" useDefault="false" useBlank="true">
                        <Label id="RoleTypeView.Field.Label" />
                    </StandardField>
                </StandardClusterField>
                <StandardClusterField>
                    <StandardField modifiable="false"
                        source="poaClassification" useDefault="false" useBlank="true">
                        <Label id="PoaClassificationView.Field.Label" />
                    </StandardField>
                </StandardClusterField>
                <StandardClusterField>
                    <StandardField modifiable="false"
                        source="thirdPartyCorrespondence" useDefault="false" useBlank="true">
                        <Label id="ThirdPartyCorrespondenceView.Field.Label" />
                    </StandardField>
                </StandardClusterField>
                <StandardClusterField>
                    <StandardField modifiable="false"
                        source="poaType" useDefault="false" useBlank="true">
                        <Label id="PoaTypeView.Field.Label" />
                    </StandardField>
                </StandardClusterField>
                <StandardClusterField>
                    <StandardField modifiable="false"
                        source="relationshipToClient" useDefault="false" useBlank="true">
                        <Label id="RelationshipToClientView.Field.Label" />
                    </StandardField>
                </StandardClusterField>
                <StandardClusterField>
                    <StandardField modifiable="false"
                        source="languagePreference" useDefault="false" useBlank="true">
                        <Label id="LanguagePreferenceView.Field.Label" />
                    </StandardField>
                </StandardClusterField>
            </StandardCluster>
        </Cluster>
        <Cluster>
            <StandardCluster isOnCreatePage="true"
                isOnModifyPage="true" isOnViewPage="false" numberOfColumns="2">
                <Title id="Cluster.Title.ReceiptDetails" />
                <StandardClusterField>
                    <StandardField modifiable="true"
                        source="bdmReceivedFrom" useDefault="true" useBlank="false">
                        <Label id="Field.Label.ReceivedFrom" />
                    </StandardField>
                </StandardClusterField>
                <StandardClusterField>
                    <StandardField modifiable="true"
                        source="bdmReceivedFromCountry" useDefault="false" useBlank="true">
                        <Label id="Field.Label.ReceivedFromCountry" />
                    </StandardField>
                </StandardClusterField>
                <StandardClusterField>
                    <StandardField modifiable="true"
                        source="bdmModeOfReceipt" useDefault="false" useBlank="true">
                        <Label id="Field.Label.ModeOfReceipt" />
                    </StandardField>
                </StandardClusterField>
            </StandardCluster>
        </Cluster>
        <Cluster>
            <StandardCluster isOnCreatePage="false"
                isOnModifyPage="false" isOnViewPage="true" numberOfColumns="2">
                <Title id="Cluster.Title.ReceiptDetailsView" />
                <StandardClusterField>
                    <StandardField modifiable="true"
                        source="bdmReceivedFrom" useDefault="true" useBlank="false">
                        <Label id="Field.Label.ReceivedFromView" />
                    </StandardField>
                </StandardClusterField>
                <StandardClusterField>
                    <StandardField modifiable="true"
                        source="bdmReceivedFromCountry" useDefault="false" useBlank="true">
                        <Label id="Field.Label.ReceivedFromCountryView" />
                    </StandardField>
                </StandardClusterField>
                <StandardClusterField>
                    <SkipField />
                </StandardClusterField>
                <StandardClusterField>
                    <StandardField modifiable="true"
                        source="bdmModeOfReceipt" useDefault="false" useBlank="true">
                        <Label id="Field.Label.ModeOfReceiptView" />
                    </StandardField>
                </StandardClusterField>
            </StandardCluster>
        </Cluster>
        <Cluster>
            <CommentsCluster isOnCreatePage="true"
                isOnModifyPage="true" isOnViewPage="true">
                <Title id="Comments.Cluster.Title" />
                <StandardField source="comments" />
            </CommentsCluster>
        </Cluster>
    </UserInterface>
</EvidenceTypeVersion>