<?xml version="1.0" encoding="UTF-8"?>

<ieg-script xmlns:xsi="http://www.w3.org/2001/XMLSchema-instance"
	xsi:noNamespaceSchemaLocation="ieg-schema.xsd"
	finish-page="cw/FinishLifeEventScript.jspx"
	quit-page="cw/QuitLifeEventScript.jspx"		
	show-sections="true"
	show-progress-bar="true"
	validate-save-and-exit="false"
	config-properties="bdm-app-config"
	>

	<identifier id="BDMLifeEventCommunicationAlertUpdate" scriptversionnumber="V1" type="LifeEvent" />

	<section>
		<title id="CommunicationPref.Title"></title>
		<question-page id="CommunicationPref" 
			entity="Person" 
			progress="0" 
			show-back-button="false"
			show-exit-button="true"
			show-next-button="true"
			show-save-exit-button="false"
			>
			<description id="MandatoryFieldsDescription"><![CDATA[All fields are mandatory unless specified as optional.]]></description>
			<cluster entity="CommunicationPref">
				<title id="CommunicationDetails.SectionOneTitle"><![CDATA[Language preferences]]></title>
				<question id="languageS" mandatory="true">
					<label id="CommunicationDetails.SectionOne.SpokenLanguageQuestion"><![CDATA[Which language would you like to use for oral communication?]]></label>
					<layout><type>radio</type></layout>
				</question>
			</cluster>
			<cluster entity="CommunicationPref">
				<question id="languageW" mandatory="true">
					<label id="CommunicationDetails.SectionOne.WrittenLanguageQuestion"><![CDATA[Which language would you like to use for written communication?]]></label>
					<layout><type>radio</type></layout>
				</question>
			</cluster>
			<cluster entity="CommunicationPref">
				<title id="CommunicationPref.CorrespondencePref.Title">
						<![CDATA[Correspondence preferences]]></title>
				<display-text id="CommunicationPref.CorrespondencePref.Subtitle">
						<![CDATA[A digital copy of all correspondence (this includes your tax slip) will be available to you from your client account.]]></display-text>
				<question id="recieveCorrespondPref" mandatory="true">
					<label id="CommunicationPref.CorrespondencePref.RecieveCorrespondenceQuestion"><![CDATA[How would you like to receive your correspondence (including your tax slips)?]]></label>
					<layout><type>radio</type></layout>
				</question>
			</cluster>
		</question-page>
	</section>

	<!-- SUMMARY PAGE -->
	<section>
		<title id="SummaryPage.Title"><![CDATA[Summary of changes]]></title>
		<summary-page id="SummaryPage" show-back-button="true" entity="Person" show-exit-button="true" show-save-exit-button="false">
			<next-button-label id="NextButton.Label"><![CDATA[Submit]]></next-button-label>
			<cluster entity="CommunicationPref">
				<title id="CommunicationPref.Title"><![CDATA[Language preferences]]></title>
				<edit-link start-page="CommunicationPref" />
				<layout><type>flow</type><num-rows>3</num-rows><label-alignment>right</label-alignment></layout>
				<question id="languageW"><label id="CommunicationDetails.SectionOne.WrittenLanguageQuestion"><![CDATA[Which language would you like to use for written communication?]]></label></question>
				<question id="languageS"><label id="CommunicationDetails.SectionOne.SpokenLanguageQuestion"><![CDATA[Which language would you like to use for oral communication?]]></label></question>
			</cluster>
			<cluster entity="CommunicationPref">
				<title id="CommunicationPref.CorrespondencePref.Title"><![CDATA[Correspondence preferences]]></title>
				<question id="recieveCorrespondPref" mandatory="true"><label id="CommunicationPref.CorrespondencePref.RecieveCorrespondenceQuestion"><![CDATA[How would you like to receive your correspondence (including your tax slips)?]]></label></question>
			</cluster>
		</summary-page>
	</section>
	<!-- End SUMMARY PAGE -->

</ieg-script>