<ns3:Correspondence xmlns:ns2="http://release.niem.gov/niem/niem-core/5.0/" xmlns:ns1="http://release.niem.gov/niem/structures/5.0/" xmlns:ns3="http://interoperability.gc.ca/socialprogram/1.0/">
    <ns3:ResourceReference xsi:nil="true" xmlns:xsi="http://www.w3.org/2001/XMLSchema-instance"/>
    @@toCorrespondenceRecipientXML
	@@ccCorrespondenceRecipientXML
    <ns2:DocumentCategoryID>ISS-0552</ns2:DocumentCategoryID>
    <ns2:DocumentCategoryName xsi:nil="true" xmlns:xsi="http://www.w3.org/2001/XMLSchema-instance"/>
    <ns3:DocumentContent>
        @@clientXML
       
    </ns3:DocumentContent>
    @@documentIdentificationXML
    <ns2:DocumentIssuanceLocation xsi:nil="true" xmlns:xsi="http://www.w3.org/2001/XMLSchema-instance"/>
    <ns2:DocumentIssueDate xsi:nil="true" xmlns:xsi="http://www.w3.org/2001/XMLSchema-instance"/>
    <ns2:DocumentLanguage xsi:nil="true" xmlns:xsi="http://www.w3.org/2001/XMLSchema-instance"/>
    <ns2:DocumentSource xsi:nil="true" xmlns:xsi="http://www.w3.org/2001/XMLSchema-instance"/>
    <ns2:DocumentStatus xsi:nil="true" xmlns:xsi="http://www.w3.org/2001/XMLSchema-instance"/>
    <ns2:DocumentSubjectText xsi:nil="true" xmlns:xsi="http://www.w3.org/2001/XMLSchema-instance"/>
    <ns2:DocumentSubmitter xsi:nil="true" xmlns:xsi="http://www.w3.org/2001/XMLSchema-instance"/>
    <ns2:DocumentTitleText xsi:nil="true" xmlns:xsi="http://www.w3.org/2001/XMLSchema-instance"/>
</ns3:Correspondence>

