<?xml version="1.0" encoding="UTF-8"?>
<!-- TODO - NLynch - modify/replace with actual soapui project details -->
<con:soapui-project id="6c0e9c3f-6082-4c00-8123-49f9d0866113" activeEnvironment="Default" name="BDM Address Service" resourceRoot="" soapui-version="5.5.0" xmlns:con="http://eviware.com/soapui/config"><con:settings/><con:interface xsi:type="con:WsdlInterface" id="556fde75-025f-47ea-aafc-a6ec4e1dc9b5" wsaVersion="NONE" name="WSAddressSoap" type="wsdl" bindingName="{http://GoC/ServiceCanada/SoftwareFactory/WebServices/}WSAddressSoap" soapVersion="1_1" anonymous="optional" definition="file:/dev/repositories/Benefits-Application-Delivery-Curam-SPM-V8/EJBServer/components/BDM/axis/ca/gc/bdm/address/wsdl/WSAddress.wsdl" xmlns:xsi="http://www.w3.org/2001/XMLSchema-instance"><con:settings/><con:definitionCache type="TEXT" rootPart="file:/dev/repositories/Benefits-Application-Delivery-Curam-SPM-V8/EJBServer/components/BDM/axis/ca/gc/bdm/address/wsdl/WSAddress.wsdl"><con:part><con:url>file:/dev/repositories/Benefits-Application-Delivery-Curam-SPM-V8/EJBServer/components/BDM/axis/ca/gc/bdm/address/wsdl/WSAddress.wsdl</con:url><con:content><![CDATA[<wsdl:definitions targetNamespace="http://GoC/ServiceCanada/SoftwareFactory/WebServices/" xmlns:s="http://www.w3.org/2001/XMLSchema" xmlns:http="http://schemas.xmlsoap.org/wsdl/http/" xmlns:tns="http://GoC/ServiceCanada/SoftwareFactory/WebServices/" xmlns:flt="http://interoperability.gc.ca/fault/2.0/" xmlns:soap="http://schemas.xmlsoap.org/wsdl/soap/" xmlns:wsdl="http://schemas.xmlsoap.org/wsdl/">
  <wsdl:types>
    <xsd:schema xmlns:xsd="http://www.w3.org/2001/XMLSchema">
      <s:import namespace="http://GoC/ServiceCanada/SoftwareFactory/WebServices/" schemaLocation="../XSDs/WSAddress.xsd"/>
      <s:import namespace="http://interoperability.gc.ca/fault/2.0/" schemaLocation="../XSDs/fault.xsd"/>
    </xsd:schema>
  </wsdl:types>
  <wsdl:message name="ExecuteSoapIn">
    <wsdl:part name="parameters" element="tns:Execute"/>
  </wsdl:message>
  <wsdl:message name="ExecuteSoapOut">
    <wsdl:part name="parameters" element="tns:ExecuteResponse"/>
  </wsdl:message>
  <wsdl:message name="GenericFaultMessage">
    <wsdl:part name="part" element="flt:GenericFault"/>
  </wsdl:message>
  <wsdl:message name="ValidationFaultMessage">
    <wsdl:part name="part" element="flt:ValidationFault"/>
  </wsdl:message>
  <wsdl:message name="ServiceUnavailableFaultMessage">
    <wsdl:part name="part" element="flt:ServiceUnavailableFault"/>
  </wsdl:message>
  <wsdl:portType name="WSAddressSoap">
    <wsdl:operation name="Execute">
      <wsdl:input message="tns:ExecuteSoapIn"/>
      <wsdl:output message="tns:ExecuteSoapOut"/>
      <wsdl:fault name="ValidationFault" message="tns:ValidationFaultMessage"/>
      <wsdl:fault name="GenericFault" message="tns:GenericFaultMessage"/>
      <wsdl:fault name="ServiceUnavailableFault" message="tns:ServiceUnavailableFaultMessage"/>
    </wsdl:operation>
  </wsdl:portType>
  <wsdl:binding name="WSAddressSoap" type="tns:WSAddressSoap">
    <soap:binding transport="http://schemas.xmlsoap.org/soap/http"/>
    <wsdl:operation name="Execute">
      <soap:operation soapAction="http://GoC/ServiceCanada/SoftwareFactory/WebServices/Execute" style="document"/>
      <wsdl:input>
        <soap:body use="literal"/>
      </wsdl:input>
      <wsdl:output>
        <soap:body use="literal"/>
      </wsdl:output>
      <wsdl:fault name="GenericFault">
        <soap:fault use="literal" name="GenericFault"/>
      </wsdl:fault>
      <wsdl:fault name="ValidationFault">
        <soap:fault use="literal" name="ValidationFault"/>
      </wsdl:fault>
      <wsdl:fault name="ServiceUnavailableFault">
        <soap:fault use="literal" name="ServiceUnavailableFault"/>
      </wsdl:fault>
    </wsdl:operation>
  </wsdl:binding>
  <wsdl:service name="WSAddress">
    <wsdl:port name="WSAddressSoap" binding="tns:WSAddressSoap">
      <soap:address location="PROPERTY_REPLACEMENT"/>
    </wsdl:port>
  </wsdl:service>
</wsdl:definitions>]]></con:content><con:type>http://schemas.xmlsoap.org/wsdl/</con:type></con:part><con:part><con:url>file:/dev/repositories/Benefits-Application-Delivery-Curam-SPM-V8/EJBServer/components/BDM/axis/ca/gc/bdm/address/XSDs/WSAddress.xsd</con:url><con:content><![CDATA[<s:schema elementFormDefault="qualified" targetNamespace="http://GoC/ServiceCanada/SoftwareFactory/WebServices/" xmlns:s="http://www.w3.org/2001/XMLSchema">
  <s:element name="Execute">
    <s:complexType>
      <s:sequence>
        <s:element minOccurs="0" maxOccurs="1" name="strXMLInput" type="s:string"/>
      </s:sequence>
    </s:complexType>
  </s:element>
  <s:element name="ExecuteResponse">
    <s:complexType>
      <s:sequence>
        <s:element minOccurs="0" maxOccurs="1" name="ExecuteResult" type="s:string"/>
      </s:sequence>
    </s:complexType>
  </s:element>
</s:schema>]]></con:content><con:type>http://www.w3.org/2001/XMLSchema</con:type></con:part><con:part><con:url>file:/dev/repositories/Benefits-Application-Delivery-Curam-SPM-V8/EJBServer/components/BDM/axis/ca/gc/bdm/address/XSDs/fault.xsd</con:url><con:content><![CDATA[<xsd:schema elementFormDefault="qualified" targetNamespace="http://interoperability.gc.ca/fault/2.0/" xmlns:xsd="http://www.w3.org/2001/XMLSchema" xmlns:fault="http://interoperability.gc.ca/fault/2.0/">
  <!--Technical Faults-->
  <xsd:element name="ValidationFault" substitutionGroup="fault:Fault"/>
  <xsd:element name="ServiceUnavailableFault" substitutionGroup="fault:Fault"/>
  <xsd:element name="GenericFault" substitutionGroup="fault:Fault"/>
  <xsd:element name="InvalidCredentialsFault" substitutionGroup="fault:Fault"/>
  <xsd:element name="UnauthorizedFault" substitutionGroup="fault:Fault">
    <xsd:annotation>
      <xsd:documentation xml:lang="eng">Unauthorized</xsd:documentation>
      <xsd:documentation xml:lang="fre">Non autorisé</xsd:documentation>
      <xsd:documentation xml:lang="eng">A fault to indicate that the operation is unauthorized.</xsd:documentation>
      <xsd:documentation xml:lang="fre">Une erreur pour indiquer que l'opération est non autorisée.</xsd:documentation>
    </xsd:annotation>
  </xsd:element>
  <xsd:element name="DocumentLockedFault" substitutionGroup="fault:Fault">
    <xsd:annotation>
      <xsd:documentation xml:lang="eng">Document Locked Fault</xsd:documentation>
      <xsd:documentation xml:lang="fre">Erreur de document bloqué</xsd:documentation>
      <xsd:documentation xml:lang="eng">A fault to indicate that the document is locked.</xsd:documentation>
      <xsd:documentation xml:lang="fre">Une erreur pour indiquer que le document est verrouillé.</xsd:documentation>
    </xsd:annotation>
  </xsd:element>
  <xsd:element name="MaxFileSizeExceededFault" substitutionGroup="fault:Fault">
    <xsd:annotation>
      <xsd:documentation xml:lang="eng">Maximum File Size Exceeded Fault</xsd:documentation>
      <xsd:documentation xml:lang="fre">Erreur de taille de fichier maximale dépassée</xsd:documentation>
      <xsd:documentation xml:lang="eng">A fault to indicate that the document exceeded maximum file size.</xsd:documentation>
      <xsd:documentation xml:lang="fre">Une erreur pour indiquer que le document a dépassé la taille de fichier maximale.</xsd:documentation>
    </xsd:annotation>
  </xsd:element>
  <!--Business Faults-->
  <xsd:element name="EmploymentProgramCaseFault" substitutionGroup="fault:Fault">
    <xsd:annotation>
      <xsd:documentation xml:lang="eng">Employment Program Case Fault</xsd:documentation>
      <xsd:documentation xml:lang="fre">Erreur de cas du programme d'emploi</xsd:documentation>
      <xsd:documentation xml:lang="eng">A fault to indicate that the Employment Program Case processing was not successful.</xsd:documentation>
      <xsd:documentation xml:lang="fre">Une erreur indiquant que le traitement du cas du programme d'emploi n'a pas abouti.</xsd:documentation>
    </xsd:annotation>
  </xsd:element>
  <xsd:element name="PersonEmploymentAssociationFault" substitutionGroup="fault:Fault">
    <xsd:annotation>
      <xsd:documentation xml:lang="eng">Person Employment Association Fault</xsd:documentation>
      <xsd:documentation xml:lang="fre">Erreur d'Association Personne et Emploi</xsd:documentation>
      <xsd:documentation xml:lang="eng">A fault to indicate that the Person Employment association  processing was not successful.</xsd:documentation>
      <xsd:documentation xml:lang="fre">Une erreur indiquant que le traitment d'association personne et emploi n'a pas réussi.</xsd:documentation>
    </xsd:annotation>
  </xsd:element>
  <xsd:element name="DocumentNotFoundFault" substitutionGroup="fault:Fault">
    <xsd:annotation>
      <xsd:documentation xml:lang="eng">Document Not Found</xsd:documentation>
      <xsd:documentation xml:lang="fre">Document non trouvé</xsd:documentation>
      <xsd:documentation xml:lang="eng">A fault to indicate that the document could not be found given the request and/or the document is no longer available.</xsd:documentation>
      <xsd:documentation xml:lang="fre">Une erreur indiquant que le document n'a pas pu être trouvé étant donné la demande et / ou le document n'est plus disponible.</xsd:documentation>
    </xsd:annotation>
  </xsd:element>
  <xsd:element name="DuplicateEntityFault" substitutionGroup="fault:Fault">
    <xsd:annotation>
      <xsd:documentation xml:lang="eng">Duplicate entity</xsd:documentation>
      <xsd:documentation xml:lang="fre">Entité en double</xsd:documentation>
      <xsd:documentation xml:lang="eng">A fault to indicate that the entry is duplicate.</xsd:documentation>
      <xsd:documentation xml:lang="fre">Une erreur pour indiquer que l'entrée est en double.</xsd:documentation>
    </xsd:annotation>
  </xsd:element>
  <xsd:element name="EntityNotFoundFault" substitutionGroup="fault:Fault">
    <xsd:annotation>
      <xsd:documentation xml:lang="eng">Entity  Not Found</xsd:documentation>
      <xsd:documentation xml:lang="fre">Entité introuvable</xsd:documentation>
      <xsd:documentation xml:lang="eng">A fault to indicate that the entity could not be found.</xsd:documentation>
      <xsd:documentation xml:lang="fre">Une erreur pour indiquer que l'entité n'a pas pu être trouvée.</xsd:documentation>
    </xsd:annotation>
  </xsd:element>
  <xsd:element name="ErrorCode" type="xsd:string"/>
  <xsd:element name="DescriptionText" type="xsd:string"/>
  <xsd:element name="TransactionControlIdentificationID" type="xsd:string"/>
  <xsd:element name="ZuluDateTime" type="xsd:dateTime"/>
  <xsd:attribute name="retryable" type="xsd:boolean"/>
  <xsd:element name="Details" type="fault:AnyType"/>
  <xsd:complexType name="AnyType">
    <xsd:choice>
      <xsd:any namespace="##other" minOccurs="0" maxOccurs="1" processContents="lax"/>
      <xsd:element name="Text" type="xsd:string"/>
    </xsd:choice>
  </xsd:complexType>
  <xsd:element name="Fault" type="fault:FaultType"/>
  <xsd:complexType name="FaultType">
    <xsd:sequence>
      <xsd:element ref="fault:ErrorCode" minOccurs="0" maxOccurs="1"/>
      <xsd:element ref="fault:DescriptionText" minOccurs="1" maxOccurs="1"/>
      <xsd:element ref="fault:Details" minOccurs="0" maxOccurs="1"/>
      <xsd:element ref="fault:TransactionControlIdentificationID" minOccurs="0" maxOccurs="1"/>
      <xsd:element ref="fault:ZuluDateTime" minOccurs="1" maxOccurs="1"/>
    </xsd:sequence>
    <xsd:attribute ref="fault:retryable" use="optional"/>
    <xsd:attribute name="id" type="xsd:ID" use="optional"/>
  </xsd:complexType>
</xsd:schema>]]></con:content><con:type>http://www.w3.org/2001/XMLSchema</con:type></con:part></con:definitionCache><con:endpoints><con:endpoint>PROPERTY_REPLACEMENT</con:endpoint></con:endpoints><con:operation id="bc1a0cd8-c112-456a-ba1f-8d9bcde8a948" isOneWay="false" action="http://GoC/ServiceCanada/SoftwareFactory/WebServices/Execute" name="Execute" bindingOperationName="Execute" type="Request-Response" inputName="" receivesAttachments="false" sendsAttachments="false" anonymous="optional"><con:settings/><con:call id="46979a62-b93c-4337-abdb-9ed6a9cf60a4" name="Request 1"><con:settings><con:setting id="com.eviware.soapui.impl.wsdl.WsdlRequest@request-headers">&lt;xml-fragment/></con:setting></con:settings><con:encoding>UTF-8</con:encoding><con:endpoint>http://Brians-MacBook-Pro-2.local:8080/</con:endpoint><con:request><![CDATA[<soapenv:Envelope xmlns:soapenv="http://schemas.xmlsoap.org/soap/envelope/" xmlns:web="http://GoC/ServiceCanada/SoftwareFactory/WebServices/">
   <soapenv:Header/>
   <soapenv:Body>
      <web:Execute>
         <!--Optional:-->
         <web:strXMLInput>3333</web:strXMLInput>
      </web:Execute>
   </soapenv:Body>
</soapenv:Envelope>]]></con:request><con:credentials><con:authType>No Authorization</con:authType></con:credentials><con:jmsConfig JMSDeliveryMode="PERSISTENT"/><con:jmsPropertyConfig/><con:wsaConfig mustUnderstand="NONE" version="200508" action="http://GoC/ServiceCanada/SoftwareFactory/WebServices/Execute"/><con:wsrmConfig version="1.2"/></con:call></con:operation></con:interface><con:testSuite id="0876f6a2-f878-4c67-a4d3-1ced4fa8a401" name="TestSuite 1"><con:settings/><con:runType>SEQUENTIAL</con:runType><con:testCase id="afb25f4d-5fc1-4b33-9ccd-805a6adeccfe" failOnError="true" failTestCaseOnErrors="true" keepSession="false" maxResults="0" name="TestCase 1" searchProperties="true"><con:settings/><con:testStep type="mockresponse" name="Execute" id="e82e52f8-4f93-4730-a41e-16f48a88e8fc"><con:settings/><con:config xsi:type="con:MockResponseStep" xmlns:xsi="http://www.w3.org/2001/XMLSchema-instance"><con:interface>WSAddressSoap</con:interface><con:operation>Execute</con:operation><con:path>/Execute</con:path><con:port>8181</con:port><con:response id="e64392c4-3d3d-4aeb-8e7d-8bc4f56826ed"><con:settings/><con:responseContent><![CDATA[<soapenv:Envelope xmlns:soapenv="http://schemas.xmlsoap.org/soap/envelope/" xmlns:web="http://GoC/ServiceCanada/SoftwareFactory/WebServices/">
   <soapenv:Header/>
   <soapenv:Body>
      <web:ExecuteResponse>
         <!--Optional:-->
         <web:ExecuteResult>?</web:ExecuteResult>
      </web:ExecuteResponse>
   </soapenv:Body>
</soapenv:Envelope>]]></con:responseContent><con:wsaConfig mustUnderstand="NONE" version="200508"/></con:response></con:config></con:testStep><con:properties/></con:testCase><con:properties/></con:testSuite><con:mockService id="e1fe4f9f-ae10-49b6-8bf8-63ade6b48711" port="8080" path="/" host="Brians-MacBook-Pro-2.local" name="MockService 1"><con:settings><con:setting id="com.eviware.soapui.impl.wsdl.mock.WsdlMockService@require-soap-action">false</con:setting></con:settings><con:properties/><con:mockOperation name="Execute" id="f26b6852-9c5c-462a-89d8-e947309a67d5" interface="WSAddressSoap" operation="Execute"><con:settings/><con:defaultResponse>Response 1</con:defaultResponse><con:dispatchStyle>SEQUENCE</con:dispatchStyle><con:response name="Response 1" id="aa550332-e8fd-4f4e-b9bf-630d72b1c352" httpResponseStatus="200" encoding="UTF-8"><con:settings/><con:responseContent><![CDATA[<soapenv:Envelope xmlns:soapenv="http://schemas.xmlsoap.org/soap/envelope/" xmlns:web="http://GoC/ServiceCanada/SoftwareFactory/WebServices/">
   <soapenv:Header/>
   <soapenv:Body>
      <web:ExecuteResponse>
         <!--Optional:-->
         <web:ExecuteResult>33 Barton Drive</web:ExecuteResult>
      </web:ExecuteResponse>
   </soapenv:Body>
</soapenv:Envelope>]]></con:responseContent><con:wsaConfig mustUnderstand="NONE" version="200508" action="http://GoC/ServiceCanada/SoftwareFactory/WebServices/Execute"/></con:response><con:response name="Response 2" id="eb03d181-bb85-4c14-8f32-9fb7ddb937d7" httpResponseStatus="200" encoding="UTF-8"><con:settings/><con:responseContent><![CDATA[<soapenv:Envelope xmlns:soapenv="http://schemas.xmlsoap.org/soap/envelope/" xmlns:web="http://GoC/ServiceCanada/SoftwareFactory/WebServices/">
   <soapenv:Header/>
   <soapenv:Body>
      <web:ExecuteResponse>
         <!--Optional:-->
         <web:ExecuteResult>33 Barton</web:ExecuteResult>
      </web:ExecuteResponse>
   </soapenv:Body>
</soapenv:Envelope>]]></con:responseContent><con:wsaConfig mustUnderstand="NONE" version="200508" action="http://GoC/ServiceCanada/SoftwareFactory/WebServices/Execute"/></con:response><con:dispatchConfig/></con:mockOperation></con:mockService><con:properties/><con:wssContainer/><con:oAuth2ProfileContainer/><con:oAuth1ProfileContainer/><con:sensitiveInformation/></con:soapui-project>