<?xml version="1.0" encoding="UTF-8"?>
<!-- 90018 DEV: Evidence- creditable residency period in Canada -->
<EvidenceTypeVersion correctionOnly="true"
	enableSaveAndNew="true" modifiable="true"
	relatedParticipant="caseParticipantRole"
	xmlns:xsi="http://www.w3.org/2001/XMLSchema-instance"
	xsi:noNamespaceSchemaLocation="http://www.curamsoftware.com/DynamicEvidenceSchema.xsd">
	<Model>
		<Attributes>
			<Attribute>
				<RelatedCPAttribute cpRoleType="MEM"
					name="caseParticipantRole" participantType="Person">
					<CPSearchType code="PRI" />
					<CPSearchType code="MEM" />
				</RelatedCPAttribute>
			</Attribute>
			<Attribute>
				<DataAttribute name="residenceType" mandatory="true">
					<DomainType dataType="Codetable">
						<CodetableOptions
							codetableName="BDMResidenceType" />
					</DomainType>
				</DataAttribute>
			</Attribute>
			<Attribute>
				<DataAttribute name="startDate" mandatory="true">
					<DomainType dataType="Date" />
				</DataAttribute>
			</Attribute>
			<Attribute>
				<DataAttribute name="endDate" mandatory="true">
					<DomainType dataType="Date">
						<DateOptions currentDate="LessThanOrEqualTo">
							<ValidationMessageInformation>
								<ValidationMessageMapping>
									<ValidationMessage>
										<ValidationMessageResource
											id="ERR_FUTURE_END_DATE_DISALLOWED" />
									</ValidationMessage>
								</ValidationMessageMapping>
							</ValidationMessageInformation>
						</DateOptions>
                    </DomainType> 
				</DataAttribute>
			</Attribute>
            <Attribute>
                <DataAttribute name="resolution" mandatory="false">
                    <DomainType dataType="Codetable">
                        <CodetableOptions
                            codetableName="BDMIssueResolution" />
                    </DomainType>
                </DataAttribute>
            </Attribute>
			<Attribute>
				<CommentsAttribute name="comments" />
			</Attribute>
		</Attributes>
		<Relationships />
	</Model>
	<Validations>
		<PatternValidations>
			<Validator>
				<ComparisonValidator source="startDate"
					target="endDate" operator="LessThan">
					<ValidationMessageInformation>
						<ValidationMessageMapping>
							<ValidationMessage>
								<ValidationMessageResource id="ERR_START_DATE_BEFORE_END_DATE" />
							</ValidationMessage>
						</ValidationMessageMapping>
					</ValidationMessageInformation>
				</ComparisonValidator>
			</Validator>
            <Validator>
              <DuplicateValidator startDate="startDate" endDate="endDate">
                <DateRangeValidationMessageInformation>
                  <ValidationMessageMapping>
                    <ValidationMessage>
                      <ValidationMessageResource id="ERR_OVERLAPPING_CANADIAN_RESIDENCE_PERIOD" />
                    </ValidationMessage>
                  </ValidationMessageMapping>
                </DateRangeValidationMessageInformation>
              </DuplicateValidator>
            </Validator>
		</PatternValidations>
	</Validations>
	<SummaryInformation>
		<SummaryRuleset ruleSetName="BDMCanadianResidencePeriodSummaryRuleSet"/>
	</SummaryInformation>
	<UserInterface>
		<Cluster>
			<RelCPCluster defaultToBlank="false"
				enableMultiMemberUpdates="false" fullCreateParticipant="false"
				isOnCreatePage="true" isOnModifyPage="true" isOnViewPage="true"
				modifyOption="no" showParticipantTypeFilter="true"
				useSingleName="false">
				<StandardField source="caseParticipantRole" />
				<ClusterName id="Participant.Cluster.Title" />
				<LabelName id="Participant.Field.Label" />
			</RelCPCluster>
		</Cluster>
		<Cluster>
			<StandardCluster isOnCreatePage="true"
				isOnModifyPage="true" isOnViewPage="true" labelWidth="40"
				numberOfColumns="2">
				<Title id="CanadianResidencePeriod.Cluster.Title" />
				<StandardClusterField>
					<StandardField modifiable="true"
						source="residenceType" useDefault="false" useBlank="true">
						<Label id="ResidenceType.Field.Label" />
					</StandardField>
				</StandardClusterField>
				<StandardClusterField>
					<SkipField />
				</StandardClusterField>
				<StandardClusterField>
					<StandardField modifiable="true" source="startDate"
						useDefault="false" useBlank="true">
						<Label id="StartDate.Field.Label" />
					</StandardField>
				</StandardClusterField>
				<StandardClusterField>
					<StandardField modifiable="true" source="endDate"
						useDefault="false" useBlank="true">
						<Label id="EndDate.Field.Label" />
					</StandardField>
				</StandardClusterField>
			</StandardCluster>
		</Cluster>
       <Cluster>
            <StandardCluster isOnCreatePage="false"
                isOnModifyPage="true" isOnViewPage="true" labelWidth="40"
                numberOfColumns="2">
                <Title id="IssueResolutionDetails.Cluster.Title" />
                <Description id="IssueResolutionDetails.Cluster.Description" />
                <StandardClusterField>
                    <StandardField modifiable="true" source="resolution"
                        useDefault="false" useBlank="true">
                        <Label id="Resolution.Field.Label" />
                    </StandardField>
                </StandardClusterField>
            </StandardCluster>
        </Cluster>
		<Cluster>
			<CommentsCluster isOnCreatePage="true"
				isOnModifyPage="true" isOnViewPage="true">
				<Title id="Comments.Cluster.Title" />
				<StandardField source="comments" />
			</CommentsCluster>
		</Cluster>
	</UserInterface>
</EvidenceTypeVersion>