<?xml version="1.0" encoding="UTF-8"?>
<!-- 64630 DEV: Implement 387-01 Add Residence based Creditable details to Foreign Engagement Case -->
<RuleSet name="BDMPDCIdentificationCalculatedAttributesRuleSet"
  xmlns:xsi="http://www.w3.org/2001/XMLSchema-instance"
  xsi:noNamespaceSchemaLocation="http://www.curamsoftware.com/CreoleRulesSchema.xsd">
  <Class name="CalculateAttributes"
    extends="DefaultCalculatedAttributes" extendsRuleSet="EvidenceCalculatedAttributesRuleSet">
    <Attribute name="description">
      <type>
        <javaclass name="curam.creole.value.Message" />
      </type>
      <derivation>
        <XmlMessage>Calculate on create attributes class for BDMForeignResidencePeriod Evidence</XmlMessage>
      </derivation>
    </Attribute>
    <Attribute name="evidence">
      <type>
        <ruleclass name="PDCIdentification"
                   ruleset="PDCIdentificationRuleSet" />
      </type>
      <derivation>
        <specified />
      </derivation>
    </Attribute>

    <Attribute name="maskedAlternateID">
      <type>
        <javaclass name="java.lang.String" />
      </type>
      <derivation>
          <reference attribute="identifierDisplay" />
      </derivation>
    </Attribute>

    <Attribute name="identifierDisplay">
      <type>
        <javaclass name="java.lang.String" />
      </type>
      <derivation>
        <choose>
          <type>
            <javaclass name="java.lang.String" />
          </type>
          <when>
            <condition>
              <equals>
                <reference attribute="altIDType">
                  <reference attribute="evidence" />
                </reference>
                <Code table="ConcernRoleAlternateID">
                  <String value="BDMCA80002" />
                </Code>
              </equals>
            </condition>
            <value>
              <call class="curam.ca.gc.bdm.creole.impl.Statics"
                    method="maskSIN">
                <type>
                  <javaclass name="java.lang.String" />
                </type>
                <arguments>
                  <reference attribute="alternateID">
                    <reference attribute="evidence" />
                  </reference>
                </arguments>
              </call>
            </value>
          </when>
          <otherwise>
            <value>
              <reference attribute="alternateID">
                <reference attribute="evidence" />
              </reference>
            </value>
          </otherwise>
        </choose>
      </derivation>
    </Attribute>
  </Class>
</RuleSet>