<?xml version="1.0" encoding="UTF-8"?>
<!-- Description -->
<!-- =========== -->
<!-- Configuration file for the web client application. -->
<APP_CONFIG>
  
  <ADDRESS_CONFIG>
    <LOCALE_MAPPING ADDRESS_FORMAT_NAME="BDMINTL" LOCALE="en" />
    <LOCALE_MAPPING ADDRESS_FORMAT_NAME="BDMINTL" LOCALE="fr" />
    <!-- include the xx_CA mapping. While this shouldn't be required if users are only
      configured to have en and fr default locales, it avoids confusion if the _CA
      format is used, otherwise the address will default to US format in some locations.
      -->
    <LOCALE_MAPPING ADDRESS_FORMAT_NAME="BDMINTL"
			LOCALE="en_CA" />
    <LOCALE_MAPPING ADDRESS_FORMAT_NAME="BDMINTL"
			LOCALE="fr_CA" />
    <!-- include en_US for OOTB users with en_US default locales -->
    <LOCALE_MAPPING ADDRESS_FORMAT_NAME="BDMINTL"
			LOCALE="en_US" />
  </ADDRESS_CONFIG>
  
   <!--NOTE: IF YOU ARE ADDING ELEMENTS/CHANGING THE ORDER OF ELEMENTS, YOU WILL NEED TO
       CHANGE SearchAddress.js AS THERE IS A DEPENDENCY ON THE ORDER OF CERTAIN ELEMENTS-->  
  <ADDRESS_FORMAT NAME="BDMINTL">
    
    <!-- BEGIN - CKwong - Task 5155 Address Evidence -->
    <ADDRESS_ELEMENT CODETABLE="Country" LABEL="Address.Label.Country" MANDATORY="TRUE"
      NAME="COUNTRY" />
    
    <!--CANADIAN POSTAL CODE-->
    <ADDRESS_ELEMENT LABEL="Address.Canada.Label.PostCode" NAME="POSTCODE"
      />
    
    <!--AMERICAN ZIP CODE-->
    <ADDRESS_ELEMENT LABEL="Address.USA.Label.Zip" 
      NAME="ZIP" />
      
    <!--INTERNATIONAL ZIP CODE -->
    <ADDRESS_ELEMENT LABEL="Address.International.Label.Zip" 
      NAME="BDMZIPX" />    
    
    <!--BEGIN STANDARD ELEMENTS-->
    <ADDRESS_ELEMENT LABEL="Address.Label.AptSuite"
			NAME="APT" />
    
    <ADDRESS_ELEMENT LABEL="Address.Label.POBox"
			NAME="POBOXNO" />
    
    
    <ADDRESS_ELEMENT LABEL="Address.Label.StreetNumber"
			 NAME="ADD1" />
    
    <ADDRESS_ELEMENT LABEL="Address.Label.Street.1"
       NAME="ADD2" />
			       
    <ADDRESS_ELEMENT LABEL="Address.Label.City" MANDATORY="TRUE" NAME="CITY" />
    <!--END STANDARD ELEMENTS-->    

    <!--CANADIAN PROVINCE-->    
    <ADDRESS_ELEMENT CODETABLE="ProvinceType" LABEL="Address.Canada.Label.Province" NAME="PROV"
      />
    <!--AMERICAN STATE-->
    <ADDRESS_ELEMENT CODETABLE="AddressState" LABEL="Address.USA.Label.State" NAME="STATEPROV" />
    
    <!--INTERNATIONAL STATE/PROVINCE-->
    <ADDRESS_ELEMENT LABEL="Address.International.Label.State" NAME="BDMSTPROVX" />
    <!-- END - CKwong - Task 5155 Address Evidence -->
	
    <!-- START: Task 93505: DEV: Address Format Updates to add BDMUNPARSE -->
    <ADDRESS_ELEMENT LABEL="Address.Label.Street.UnParsedInd" NAME="BDMUNPARSE" />
    <!-- END: Task 93505: DEV: Address Format Updates to add BDMUNPARSE -->
    
  </ADDRESS_FORMAT>
  
  <FILE_DOWNLOAD_CONFIG>
    <FILE_DOWNLOAD CLASS="curam.interfaces.BDMCommunicationPkg.BDMCommunication_printCommunication_TH"
      PAGE_ID="Person_listCommunication" >
      <INPUT PAGE_PARAM="communicationID" PROPERTY="communicationIDKey$communicationID"
        />
      <FILE_DATA PROPERTY="result$fileContent"/>
      <FILE_NAME PROPERTY="result$fileName"/>
    </FILE_DOWNLOAD>
    <FILE_DOWNLOAD CLASS="curam.interfaces.BDMCommunicationPkg.BDMCommunication_printCommunication_TH"
      PAGE_ID="DefaultICProduct_listCommunication" >
      <INPUT PAGE_PARAM="communicationID" PROPERTY="communicationIDKey$communicationID"
        />
      <FILE_DATA PROPERTY="result$fileContent"/>
      <FILE_NAME PROPERTY="result$fileName"/>
    </FILE_DOWNLOAD>
    
    <FILE_DOWNLOAD CLASS="curam.interfaces.BDMCommunicationPkg.BDMCommunication_printCommunication_TH"
      PAGE_ID="BDMFEC_listCommunication" >
      <INPUT PAGE_PARAM="communicationID" PROPERTY="communicationIDKey$communicationID"
        />
      <FILE_DATA PROPERTY="result$fileContent"/>
      <FILE_NAME PROPERTY="result$fileName"/>
    </FILE_DOWNLOAD>
  
  <FILE_DOWNLOAD CLASS="curam.interfaces.BDMCommunicationPkg.BDMCommunication_printCommunication_TH"
      PAGE_ID="CommonIntake_listApplicationCommunications" >
      <INPUT PAGE_PARAM="communicationID" PROPERTY="communicationIDKey$communicationID"
        />
      <FILE_DATA PROPERTY="result$fileContent"/>
      <FILE_NAME PROPERTY="result$fileName"/>
    </FILE_DOWNLOAD>
 
  
  <!-- Appeal_listHearingCaseCommunicationForIC -->
  
  <FILE_DOWNLOAD CLASS="curam.interfaces.BDMCommunicationPkg.BDMCommunication_printCommunication_TH"
      PAGE_ID="Appeal_listHearingCaseCommunicationForIC" >
      <INPUT PAGE_PARAM="communicationID" PROPERTY="communicationIDKey$communicationID"
        />
      <FILE_DATA PROPERTY="result$fileContent"/>
      <FILE_NAME PROPERTY="result$fileName"/>
    </FILE_DOWNLOAD>
    
    <FILE_DOWNLOAD PAGE_ID="BDMCommunication_previewCommunication"
                 CLASS="curam.interfaces.BDMCommunicationPkg.BDMCommunication_printCommunication_TH">
    <INPUT PAGE_PARAM="communicationID" PROPERTY="communicationIDKey$communicationID" />
    <FILE_DATA PROPERTY="result$fileContent"/>
    <FILE_NAME PROPERTY="result$fileName"/>
    <CONTENT_DISPOSITION PROPERTY="result$contentDisposition" />
    <CONTENT_TYPE PROPERTY="result$contentType"/>
  </FILE_DOWNLOAD>
  </FILE_DOWNLOAD_CONFIG>
  
  
	<MULTIPLE_SELECT>
		<DOMAIN NAME="BDM_LANG_TAB_LIST" MULTIPLE="true"/>
		<!-- BEGIN - CK - TASK 11053 - External Liabilities -->
    	<DOMAIN NAME="BDM_EXTERNAL_LIABILITY_CASE_LIST" MULTIPLE="true"/>	
    	<!-- END - CK - TASK 11053 - External Liabilities -->	
        <DOMAIN NAME="BDM_FOREIGN_APPS_ID_STR_LIST" MULTIPLE="true" />
		<DOMAIN NAME="BDM_FRGN_LIAISON_ID_STR_LIST" MULTIPLE="true" />		
		<DOMAIN NAME="BDM_FRGN_LIASN_CHKLSTCD_STR_LIST" MULTIPLE="true" />
		<DOMAIN NAME="BDM_FA_INTERIM_CHKLSTCD_STR_LIST" MULTIPLE="true" />
<!-- BEGIN - BUG 97183 - Program field should be a multi-select checkbox-->
		<DOMAIN NAME="BDM_TP_PROGRAM_CODE_TAB_LIST" MULTIPLE="true" />
<!-- END - BUG 97183 - Program field should be a multi-select checkbox-->
	</MULTIPLE_SELECT>  
  
  
	<!-- BEGIN:: Task 12746 :: Task Skill type popup page -->
    <POPUP_PAGE PAGE_ID="BDMTaskSkillTypeSearchPopup">
      <DOMAIN>BDM_TASK_CLASSIFICATION_ID</DOMAIN>
      <CT_CODE>BDMBOT8000</CT_CODE>
      <WIDTH>700</WIDTH>
      <HEIGHT>350</HEIGHT>
      <SCROLLBARS>false</SCROLLBARS>
      <IMAGE>themes/curam/images/search--20-enabled.svg</IMAGE>
      <IMAGE_HOVER>themes/curam/images/search--20-enabled.svg</IMAGE_HOVER>
      <LABEL_PROPERTY>label.search</LABEL_PROPERTY>
    </POPUP_PAGE>
	<!-- END:: Task 12746 :: Task Skill type popup page -->
	
	<POPUP_PAGE PAGE_ID="BDMThirdPartyEvidence_searchParticipantPopup">
    <DOMAIN>BDM_THIRD_PARTY_CONCERN_ROLE_ID</DOMAIN>
    <CT_CODE/>
    <WIDTH>800</WIDTH>
    <HEIGHT>600</HEIGHT>
    <SCROLLBARS>true</SCROLLBARS>
    <IMAGE>themes/curam/images/search--20-enabled.svg</IMAGE>
    <IMAGE_HOVER>themes/curam/images/search--20-enabled.svg</IMAGE_HOVER>
    <LABEL_PROPERTY>label.search</LABEL_PROPERTY>
  </POPUP_PAGE>

	<!-- BEGIN: Task 107580: DEV: hide help icon -->
	<HELP ICON="false" INCLUDE="false" TEXT="false" TYPE="applet">
    	<TEXT>Help</TEXT>
    	<ICON>Images/help_16x16.gif</ICON>
  	</HELP>
  	<!-- END: Task 107580: DEV: hide help icon -->
</APP_CONFIG>
