<?xml version="1.0" encoding="UTF-8"?>
<dc:domains xmlns:dc="http://www.curamsoftware.com/curam/util/common/domain-config">
  <!-- BEGIN - CKwong - Task 5155 - Address Evidence -->
  <dc:domain name="ADDRESS_DATA">
    <dc:plug-in name="edit-renderer" class="curam.ca.bdm.widget.render.BDMAddressEditRender"/>
    
    <dc:plug-in name="marshal" purpose="curam-util-client::cef-marshal-address" />
  </dc:domain>
  
  <dc:domain name="DYNAMIC_ADDRESS_DATA">
    <dc:plug-in class="curam.ca.bdm.widget.render.BDMAddressEditRender" name="edit-renderer"
      />
    <!-- START: Task 93505: DEV: Address Format Updates to add BDMUNPARSE -->
    <dc:plug-in class="curam.ca.bdm.widget.render.BDMAddressViewRender" name="view-renderer"/>
    <!-- END: Task 93505: DEV: Address Format Updates to add BDMUNPARSE -->	  
    <dc:plug-in name="marshal" purpose="curam-util-client::marshal-address" />
  </dc:domain>
  <!-- END - CKwong - Task 5155 - Address Evidence -->
  
  <!-- BEGIN TASK 56872 Appeals Issue Edit Decision Rationale Text -->
  <dc:domain name="BDM_RFR_ISSUE_DECISION_RATIONALE">
    <dc:plug-in
      class="curam.widget.render.CEF.RichTextEditRenderer"
      name="edit-renderer"
    />
    <dc:plug-in
      class="curam.widget.render.CEF.RichTextViewRenderer"
      name="view-renderer"
    />
    <dc:plug-in
      class="curam.util.convert.RichTextConverter"
      name="converter"
    />
    <dc:plug-in
      name="marshal"
      purpose="rich-text-marshal"
    />
  </dc:domain>
  <!-- END TASK 56872 Appeals Issue Edit Decision Rationale Text -->
  <!-- BEGIN - CK - Task 9771 - Tax Slips -->  
  <dc:domain name="BDM_TAX_SLIP_YEAR">
    <dc:plug-in name="converter"
                class="curam.ca.gc.bdm.client.domain.convert.financial.impl.BDMIntStringConverter"/>
  </dc:domain>
  <!-- END - CK - Task 9771 - Tax Slips -->   
    <!-- BEGIN TASK RFR Issue comment Text -->
  <dc:domain name="BDM_RFR_ISSUE_COMMENT">
    <dc:plug-in
      class="curam.widget.render.CEF.RichTextEditRenderer"
      name="edit-renderer"
    />
    <dc:plug-in
      class="curam.widget.render.CEF.RichTextViewRenderer"
      name="view-renderer"
    />
    <dc:plug-in
      class="curam.util.convert.RichTextConverter"
      name="converter"
    />
    <dc:plug-in
      name="marshal"
      purpose="rich-text-marshal"
    />
  </dc:domain>
  <!-- END TASK RFR Issue comment Text -->
  
</dc:domains>

