--START Creating USER CASEWORKER
INSERT INTO POSITIONHOLDERLINK
(FROMDATE, ORGANISATIONSTRUCTUREID, POSITIONHOLDERLINKID, POSITIONID, RECORDSTATUS, TODATE, USERNAME, VERSIONNO, LASTWRITTEN)
VALUES(TIMESTAMP '2003-01-01 00:00:00.000000', 1, 3, 80004, 'RST1', TIMESTAMP '2030-12-31 00:00:00.000000', 'caseworker', 1, TIMESTAMP '2006-01-01 00:00:00.000000');

  
 INSERT INTO USERS
(ACCOUNTENABLED, APPLICATIONCODE, BUSINESSEMAILID, BUSINESSPHONEID, CREATIONDATE, CTIENABLED, DEFAULTPRINTERID, FAXID, FIRSTNAME, FULLNAME, GRADECODE, LASTSUCCESSLOGIN, LOCATIONID, LOGINDAYFRI, LOGINDAYMON, LOGINDAYSAT, LOGINDAYSUN, LOGINDAYTHURS, LOGINDAYTUES, LOGINDAYWED, LOGINFAILURES, LOGINRESTRICTIONS, LOGINTIMEFROM, LOGINTIMETO, LOGSSINCEPWDCHANGE, MOBILEPHONEID, PAGERID, PASSWORD, PASSWORDCHANGED, PASSWORDEXPIRYDATE, PERSONALEMAILID, PERSONALPHONENUMBERID, PWDCHANGEAFTERXLOG, PWDCHANGEEVERYXDAY, ROLENAME, SENSITIVITY, STATUSCODE, SURNAME, TITLE, USERNAME, DEFAULTLOCALE, ENDDATE, USERPREFSETID, UPPERFIRSTNAME, UPPERSURNAME, UPPERUSERNAME, UPPERROLENAME, VERSIONNO, LASTWRITTEN)
VALUES('1', NULL, NULL, NULL, TIMESTAMP '2023-03-22 00:00:00.000000', '0', NULL, NULL, 'CASE', 'CASE WORKER', NULL, TIMESTAMP '2023-03-23 18:55:38.000000', 1, '0', '0', '0', '0', '0', '0', '0', 0, '0', NULL, NULL, 0, NULL, NULL, 'XohImNooBHFR0OVvjcYpJ3NgPQ1qq73WKhHvch0VQtg=', TIMESTAMP '2023-03-22 00:00:00.000000', NULL, NULL, NULL, 0, 90, 'SUPERROLE', '1', 'RST1', 'WORKER', 'MR', 'caseworker', 'en', NULL, NULL, 'CASE', 'WORKER', 'CASEWORKER', 'SUPERROLE', 28, TIMESTAMP '2023-03-23 18:55:38.000000');

--END Creating USER CASEWORKER




Insert into USERS (ACCOUNTENABLED,APPLICATIONCODE,BUSINESSEMAILID,BUSINESSPHONEID,CREATIONDATE,CTIENABLED,DEFAULTPRINTERID,FAXID,FIRSTNAME,FULLNAME,GRADECODE,LASTSUCCESSLOGIN,LOCATIONID,LOGINDAYFRI,LOGINDAYMON,LOGINDAYSAT,LOGINDAYSUN,LOGINDAYTHURS,LOGINDAYTUES,LOGINDAYWED,LOGINFAILURES,LOGINRESTRICTIONS,LOGINTIMEFROM,LOGINTIMETO,LOGSSINCEPWDCHANGE,MOBILEPHONEID,PAGERID,PASSWORD,PASSWORDCHANGED,PASSWORDEXPIRYDATE,PERSONALEMAILID,PERSONALPHONENUMBERID,PWDCHANGEAFTERXLOG,PWDCHANGEEVERYXDAY,ROLENAME,SENSITIVITY,STATUSCODE,SURNAME,TITLE,USERNAME,DEFAULTLOCALE,ENDDATE,USERPREFSETID,UPPERFIRSTNAME,UPPERSURNAME,UPPERUSERNAME,UPPERROLENAME,VERSIONNO,LASTWRITTEN) values ('1',null,null,null,to_date('23-03-11','RR-MM-DD'),'0',null,null,'Aroo','Aroo worker',null,null,1,'0','0','0','0','0','0','0',0,'0',null,null,0,null,null,'XohImNooBHFR0OVvjcYpJ3NgPQ1qq73WKhHvch0VQtg=',to_date('23-03-11','RR-MM-DD'),null,null,null,0,90,'SUPERROLE','1','RST1','worker','MR','caseworker1','en',null,null,'CASE','WORKER','CASE','SUPERROLE',1,null);
Insert into USERS (ACCOUNTENABLED,APPLICATIONCODE,BUSINESSEMAILID,BUSINESSPHONEID,CREATIONDATE,CTIENABLED,DEFAULTPRINTERID,FAXID,FIRSTNAME,FULLNAME,GRADECODE,LASTSUCCESSLOGIN,LOCATIONID,LOGINDAYFRI,LOGINDAYMON,LOGINDAYSAT,LOGINDAYSUN,LOGINDAYTHURS,LOGINDAYTUES,LOGINDAYWED,LOGINFAILURES,LOGINRESTRICTIONS,LOGINTIMEFROM,LOGINTIMETO,LOGSSINCEPWDCHANGE,MOBILEPHONEID,PAGERID,PASSWORD,PASSWORDCHANGED,PASSWORDEXPIRYDATE,PERSONALEMAILID,PERSONALPHONENUMBERID,PWDCHANGEAFTERXLOG,PWDCHANGEEVERYXDAY,ROLENAME,SENSITIVITY,STATUSCODE,SURNAME,TITLE,USERNAME,DEFAULTLOCALE,ENDDATE,USERPREFSETID,UPPERFIRSTNAME,UPPERSURNAME,UPPERUSERNAME,UPPERROLENAME,VERSIONNO,LASTWRITTEN) values ('1','IOSACOAPP',null,null,to_date('23-03-11','RR-MM-DD'),'0',null,null,'Betty','Betty Worker',null,null,1,'0','0','0','0','0','0','0',0,'0',null,null,0,null,null,'XohImNooBHFR0OVvjcYpJ3NgPQ1qq73WKhHvch0VQtg=',to_date('23-03-11','RR-MM-DD'),null,null,null,0,90,'SUPERROLE','1','RST1','Worker','MR','caseworker2','en',null,null,'case','WORKER','case','SUPERROLE',1,null);
Insert into USERS (ACCOUNTENABLED,APPLICATIONCODE,BUSINESSEMAILID,BUSINESSPHONEID,CREATIONDATE,CTIENABLED,DEFAULTPRINTERID,FAXID,FIRSTNAME,FULLNAME,GRADECODE,LASTSUCCESSLOGIN,LOCATIONID,LOGINDAYFRI,LOGINDAYMON,LOGINDAYSAT,LOGINDAYSUN,LOGINDAYTHURS,LOGINDAYTUES,LOGINDAYWED,LOGINFAILURES,LOGINRESTRICTIONS,LOGINTIMEFROM,LOGINTIMETO,LOGSSINCEPWDCHANGE,MOBILEPHONEID,PAGERID,PASSWORD,PASSWORDCHANGED,PASSWORDEXPIRYDATE,PERSONALEMAILID,PERSONALPHONENUMBERID,PWDCHANGEAFTERXLOG,PWDCHANGEEVERYXDAY,ROLENAME,SENSITIVITY,STATUSCODE,SURNAME,TITLE,USERNAME,DEFAULTLOCALE,ENDDATE,USERPREFSETID,UPPERFIRSTNAME,UPPERSURNAME,UPPERUSERNAME,UPPERROLENAME,VERSIONNO,LASTWRITTEN) values ('1','IOCLNTAPP',null,null,to_date('23-03-11','RR-MM-DD'),'0',null,null,'Bill','Bill WORKER',null,null,1,'0','0','0','0','0','0','0',0,'0',null,null,0,null,null,'XohImNooBHFR0OVvjcYpJ3NgPQ1qq73WKhHvch0VQtg=',to_date('23-03-11','RR-MM-DD'),null,null,null,0,90,'SUPERROLE','1','RST1','Worker','MR','caseworker3','en',null,null,'CASE','WORKER','CASE','SUPERROLE',1,null);
Insert into USERS (ACCOUNTENABLED,APPLICATIONCODE,BUSINESSEMAILID,BUSINESSPHONEID,CREATIONDATE,CTIENABLED,DEFAULTPRINTERID,FAXID,FIRSTNAME,FULLNAME,GRADECODE,LASTSUCCESSLOGIN,LOCATIONID,LOGINDAYFRI,LOGINDAYMON,LOGINDAYSAT,LOGINDAYSUN,LOGINDAYTHURS,LOGINDAYTUES,LOGINDAYWED,LOGINFAILURES,LOGINRESTRICTIONS,LOGINTIMEFROM,LOGINTIMETO,LOGSSINCEPWDCHANGE,MOBILEPHONEID,PAGERID,PASSWORD,PASSWORDCHANGED,PASSWORDEXPIRYDATE,PERSONALEMAILID,PERSONALPHONENUMBERID,PWDCHANGEAFTERXLOG,PWDCHANGEEVERYXDAY,ROLENAME,SENSITIVITY,STATUSCODE,SURNAME,TITLE,USERNAME,DEFAULTLOCALE,ENDDATE,USERPREFSETID,UPPERFIRSTNAME,UPPERSURNAME,UPPERUSERNAME,UPPERROLENAME,VERSIONNO,LASTWRITTEN) values ('1','IOSAPP',null,null,to_date('23-03-11','RR-MM-DD'),'0',null,null,'Emily','Emily worker',null,null,1,'0','0','0','0','0','0','0',0,'0',null,null,0,null,null,'XohImNooBHFR0OVvjcYpJ3NgPQ1qq73WKhHvch0VQtg=',to_date('23-03-11','RR-MM-DD'),null,null,null,0,90,'SUPERROLE','1','RST1','worker','MR','caseworker4','en',null,null,'CASE','WORKER','CASE','SUPERROLE',1,null);
Insert into USERS (ACCOUNTENABLED,APPLICATIONCODE,BUSINESSEMAILID,BUSINESSPHONEID,CREATIONDATE,CTIENABLED,DEFAULTPRINTERID,FAXID,FIRSTNAME,FULLNAME,GRADECODE,LASTSUCCESSLOGIN,LOCATIONID,LOGINDAYFRI,LOGINDAYMON,LOGINDAYSAT,LOGINDAYSUN,LOGINDAYTHURS,LOGINDAYTUES,LOGINDAYWED,LOGINFAILURES,LOGINRESTRICTIONS,LOGINTIMEFROM,LOGINTIMETO,LOGSSINCEPWDCHANGE,MOBILEPHONEID,PAGERID,PASSWORD,PASSWORDCHANGED,PASSWORDEXPIRYDATE,PERSONALEMAILID,PERSONALPHONENUMBERID,PWDCHANGEAFTERXLOG,PWDCHANGEEVERYXDAY,ROLENAME,SENSITIVITY,STATUSCODE,SURNAME,TITLE,USERNAME,DEFAULTLOCALE,ENDDATE,USERPREFSETID,UPPERFIRSTNAME,UPPERSURNAME,UPPERUSERNAME,UPPERROLENAME,VERSIONNO,LASTWRITTEN) values ('1','IOSAPP',null,null,to_date('23-03-11','RR-MM-DD'),'0',null,null,'Emma','Emma worker',null,null,1,'0','0','0','0','0','0','0',0,'0',null,null,0,null,null,'XohImNooBHFR0OVvjcYpJ3NgPQ1qq73WKhHvch0VQtg=',to_date('23-03-11','RR-MM-DD'),null,null,null,0,90,'SUPERROLE','1','RST1','worker','MR','caseworker5','en',null,null,'CASE','WORKER','CASE','SUPERROLE',1,null);
Insert into USERS (ACCOUNTENABLED,APPLICATIONCODE,BUSINESSEMAILID,BUSINESSPHONEID,CREATIONDATE,CTIENABLED,DEFAULTPRINTERID,FAXID,FIRSTNAME,FULLNAME,GRADECODE,LASTSUCCESSLOGIN,LOCATIONID,LOGINDAYFRI,LOGINDAYMON,LOGINDAYSAT,LOGINDAYSUN,LOGINDAYTHURS,LOGINDAYTUES,LOGINDAYWED,LOGINFAILURES,LOGINRESTRICTIONS,LOGINTIMEFROM,LOGINTIMETO,LOGSSINCEPWDCHANGE,MOBILEPHONEID,PAGERID,PASSWORD,PASSWORDCHANGED,PASSWORDEXPIRYDATE,PERSONALEMAILID,PERSONALPHONENUMBERID,PWDCHANGEAFTERXLOG,PWDCHANGEEVERYXDAY,ROLENAME,SENSITIVITY,STATUSCODE,SURNAME,TITLE,USERNAME,DEFAULTLOCALE,ENDDATE,USERPREFSETID,UPPERFIRSTNAME,UPPERSURNAME,UPPERUSERNAME,UPPERROLENAME,VERSIONNO,LASTWRITTEN) values ('1','IORDRVAPP',null,null,to_date('23-03-11','RR-MM-DD'),'0',null,null,'IO','IO READREVIEW',null,null,1,'0','0','0','0','0','0','0',0,'0',null,null,0,null,null,'XohImNooBHFR0OVvjcYpJ3NgPQ1qq73WKhHvch0VQtg=',to_date('23-03-11','RR-MM-DD'),null,null,null,0,90,'SUPERROLE','1','RST1','READREVIEW','MR','caseworker6','en',null,null,'IO','READREVIEW','IOREADREVIEW','SUPERROLE',1,null);
Insert into USERS (ACCOUNTENABLED,APPLICATIONCODE,BUSINESSEMAILID,BUSINESSPHONEID,CREATIONDATE,CTIENABLED,DEFAULTPRINTERID,FAXID,FIRSTNAME,FULLNAME,GRADECODE,LASTSUCCESSLOGIN,LOCATIONID,LOGINDAYFRI,LOGINDAYMON,LOGINDAYSAT,LOGINDAYSUN,LOGINDAYTHURS,LOGINDAYTUES,LOGINDAYWED,LOGINFAILURES,LOGINRESTRICTIONS,LOGINTIMEFROM,LOGINTIMETO,LOGSSINCEPWDCHANGE,MOBILEPHONEID,PAGERID,PASSWORD,PASSWORDCHANGED,PASSWORDEXPIRYDATE,PERSONALEMAILID,PERSONALPHONENUMBERID,PWDCHANGEAFTERXLOG,PWDCHANGEEVERYXDAY,ROLENAME,SENSITIVITY,STATUSCODE,SURNAME,TITLE,USERNAME,DEFAULTLOCALE,ENDDATE,USERPREFSETID,UPPERFIRSTNAME,UPPERSURNAME,UPPERUSERNAME,UPPERROLENAME,VERSIONNO,LASTWRITTEN) values ('1','IOSACOAPP',null,null,to_date('23-03-11','RR-MM-DD'),'0',null,null,'IO','IO SACO',null,null,1,'0','0','0','0','0','0','0',0,'0',null,null,0,null,null,'XohImNooBHFR0OVvjcYpJ3NgPQ1qq73WKhHvch0VQtg=',to_date('23-03-11','RR-MM-DD'),null,null,null,0,90,'SUPERROLE','1','RST1','SACO','MR','caseworker7','en',null,null,'IO','SACO','IOSACOUSER','SUPERROLE',1,null);
Insert into USERS (ACCOUNTENABLED,APPLICATIONCODE,BUSINESSEMAILID,BUSINESSPHONEID,CREATIONDATE,CTIENABLED,DEFAULTPRINTERID,FAXID,FIRSTNAME,FULLNAME,GRADECODE,LASTSUCCESSLOGIN,LOCATIONID,LOGINDAYFRI,LOGINDAYMON,LOGINDAYSAT,LOGINDAYSUN,LOGINDAYTHURS,LOGINDAYTUES,LOGINDAYWED,LOGINFAILURES,LOGINRESTRICTIONS,LOGINTIMEFROM,LOGINTIMETO,LOGSSINCEPWDCHANGE,MOBILEPHONEID,PAGERID,PASSWORD,PASSWORDCHANGED,PASSWORDEXPIRYDATE,PERSONALEMAILID,PERSONALPHONENUMBERID,PWDCHANGEAFTERXLOG,PWDCHANGEEVERYXDAY,ROLENAME,SENSITIVITY,STATUSCODE,SURNAME,TITLE,USERNAME,DEFAULTLOCALE,ENDDATE,USERPREFSETID,UPPERFIRSTNAME,UPPERSURNAME,UPPERUSERNAME,UPPERROLENAME,VERSIONNO,LASTWRITTEN) values ('1','IOADMNAPP',null,null,to_date('23-03-11','RR-MM-DD'),'0',null,null,'Jane','Jane Worker',null,null,1,'0','0','0','0','0','0','0',0,'0',null,null,0,null,null,'XohImNooBHFR0OVvjcYpJ3NgPQ1qq73WKhHvch0VQtg=',to_date('23-03-11','RR-MM-DD'),null,null,null,0,90,'SUPERROLE','1','RST1','Worker','MRS','caseworker8','en',null,null,'CASE','WORKER','CASE','SUPERROLE',1,null);
Insert into USERS (ACCOUNTENABLED,APPLICATIONCODE,BUSINESSEMAILID,BUSINESSPHONEID,CREATIONDATE,CTIENABLED,DEFAULTPRINTERID,FAXID,FIRSTNAME,FULLNAME,GRADECODE,LASTSUCCESSLOGIN,LOCATIONID,LOGINDAYFRI,LOGINDAYMON,LOGINDAYSAT,LOGINDAYSUN,LOGINDAYTHURS,LOGINDAYTUES,LOGINDAYWED,LOGINFAILURES,LOGINRESTRICTIONS,LOGINTIMEFROM,LOGINTIMETO,LOGSSINCEPWDCHANGE,MOBILEPHONEID,PAGERID,PASSWORD,PASSWORDCHANGED,PASSWORDEXPIRYDATE,PERSONALEMAILID,PERSONALPHONENUMBERID,PWDCHANGEAFTERXLOG,PWDCHANGEEVERYXDAY,ROLENAME,SENSITIVITY,STATUSCODE,SURNAME,TITLE,USERNAME,DEFAULTLOCALE,ENDDATE,USERPREFSETID,UPPERFIRSTNAME,UPPERSURNAME,UPPERUSERNAME,UPPERROLENAME,VERSIONNO,LASTWRITTEN) values ('1','IOADMNAPP',null,null,to_date('23-03-11','RR-MM-DD'),'0',null,null,'Jill','Jane Worker',null,null,1,'0','0','0','0','0','0','0',0,'0',null,null,0,null,null,'XohImNooBHFR0OVvjcYpJ3NgPQ1qq73WKhHvch0VQtg=',to_date('23-03-11','RR-MM-DD'),null,null,null,0,90,'SUPERROLE','1','RST1','Worker','MRS','caseworker9','en',null,null,'CASE','WORKER','CASE','SUPERROLE',1,null);
Insert into USERS (ACCOUNTENABLED,APPLICATIONCODE,BUSINESSEMAILID,BUSINESSPHONEID,CREATIONDATE,CTIENABLED,DEFAULTPRINTERID,FAXID,FIRSTNAME,FULLNAME,GRADECODE,LASTSUCCESSLOGIN,LOCATIONID,LOGINDAYFRI,LOGINDAYMON,LOGINDAYSAT,LOGINDAYSUN,LOGINDAYTHURS,LOGINDAYTUES,LOGINDAYWED,LOGINFAILURES,LOGINRESTRICTIONS,LOGINTIMEFROM,LOGINTIMETO,LOGSSINCEPWDCHANGE,MOBILEPHONEID,PAGERID,PASSWORD,PASSWORDCHANGED,PASSWORDEXPIRYDATE,PERSONALEMAILID,PERSONALPHONENUMBERID,PWDCHANGEAFTERXLOG,PWDCHANGEEVERYXDAY,ROLENAME,SENSITIVITY,STATUSCODE,SURNAME,TITLE,USERNAME,DEFAULTLOCALE,ENDDATE,USERPREFSETID,UPPERFIRSTNAME,UPPERSURNAME,UPPERUSERNAME,UPPERROLENAME,VERSIONNO,LASTWRITTEN) values ('1','IOBEOFSAPP',null,null,to_date('23-03-11','RR-MM-DD'),'0',null,null,'Mathew','Mathew worker',null,null,1,'0','0','0','0','0','0','0',0,'0',null,null,0,null,null,'XohImNooBHFR0OVvjcYpJ3NgPQ1qq73WKhHvch0VQtg=',to_date('23-03-11','RR-MM-DD'),null,null,null,0,90,'SUPERROLE','1','RST1','worker','MR','caseworker10','en',null,null,'CASE','WORKER','CASE','SUPERROLE',1,null);
Insert into USERS (ACCOUNTENABLED,APPLICATIONCODE,BUSINESSEMAILID,BUSINESSPHONEID,CREATIONDATE,CTIENABLED,DEFAULTPRINTERID,FAXID,FIRSTNAME,FULLNAME,GRADECODE,LASTSUCCESSLOGIN,LOCATIONID,LOGINDAYFRI,LOGINDAYMON,LOGINDAYSAT,LOGINDAYSUN,LOGINDAYTHURS,LOGINDAYTUES,LOGINDAYWED,LOGINFAILURES,LOGINRESTRICTIONS,LOGINTIMEFROM,LOGINTIMETO,LOGSSINCEPWDCHANGE,MOBILEPHONEID,PAGERID,PASSWORD,PASSWORDCHANGED,PASSWORDEXPIRYDATE,PERSONALEMAILID,PERSONALPHONENUMBERID,PWDCHANGEAFTERXLOG,PWDCHANGEEVERYXDAY,ROLENAME,SENSITIVITY,STATUSCODE,SURNAME,TITLE,USERNAME,DEFAULTLOCALE,ENDDATE,USERPREFSETID,UPPERFIRSTNAME,UPPERSURNAME,UPPERUSERNAME,UPPERROLENAME,VERSIONNO,LASTWRITTEN) values ('1','IOBEOFSAPP',null,null,to_date('23-03-11','RR-MM-DD'),'0',null,null,'Matt','Matt worker',null,null,1,'0','0','0','0','0','0','0',0,'0',null,null,0,null,null,'XohImNooBHFR0OVvjcYpJ3NgPQ1qq73WKhHvch0VQtg=',to_date('23-03-11','RR-MM-DD'),null,null,null,0,90,'SUPERROLE','1','RST1','worker','MR','caseworker11','en',null,null,'CASE','WORKER','CASE','SUPERROLE',1,null);
Insert into USERS (ACCOUNTENABLED,APPLICATIONCODE,BUSINESSEMAILID,BUSINESSPHONEID,CREATIONDATE,CTIENABLED,DEFAULTPRINTERID,FAXID,FIRSTNAME,FULLNAME,GRADECODE,LASTSUCCESSLOGIN,LOCATIONID,LOGINDAYFRI,LOGINDAYMON,LOGINDAYSAT,LOGINDAYSUN,LOGINDAYTHURS,LOGINDAYTUES,LOGINDAYWED,LOGINFAILURES,LOGINRESTRICTIONS,LOGINTIMEFROM,LOGINTIMETO,LOGSSINCEPWDCHANGE,MOBILEPHONEID,PAGERID,PASSWORD,PASSWORDCHANGED,PASSWORDEXPIRYDATE,PERSONALEMAILID,PERSONALPHONENUMBERID,PWDCHANGEAFTERXLOG,PWDCHANGEEVERYXDAY,ROLENAME,SENSITIVITY,STATUSCODE,SURNAME,TITLE,USERNAME,DEFAULTLOCALE,ENDDATE,USERPREFSETID,UPPERFIRSTNAME,UPPERSURNAME,UPPERUSERNAME,UPPERROLENAME,VERSIONNO,LASTWRITTEN) values ('1','IORDRVAPP',null,null,to_date('23-03-11','RR-MM-DD'),'0',null,null,'Ray','Ray Worker',null,null,1,'0','0','0','0','0','0','0',0,'0',null,null,0,null,null,'XohImNooBHFR0OVvjcYpJ3NgPQ1qq73WKhHvch0VQtg=',to_date('23-03-11','RR-MM-DD'),null,null,null,0,90,'SUPERROLE','1','RST1','Worker','MR','caseworker12','en',null,null,'CASE','READREVIEW','IOREADREVIEW','SUPERROLE',1,null);
Insert into USERS (ACCOUNTENABLED,APPLICATIONCODE,BUSINESSEMAILID,BUSINESSPHONEID,CREATIONDATE,CTIENABLED,DEFAULTPRINTERID,FAXID,FIRSTNAME,FULLNAME,GRADECODE,LASTSUCCESSLOGIN,LOCATIONID,LOGINDAYFRI,LOGINDAYMON,LOGINDAYSAT,LOGINDAYSUN,LOGINDAYTHURS,LOGINDAYTUES,LOGINDAYWED,LOGINFAILURES,LOGINRESTRICTIONS,LOGINTIMEFROM,LOGINTIMETO,LOGSSINCEPWDCHANGE,MOBILEPHONEID,PAGERID,PASSWORD,PASSWORDCHANGED,PASSWORDEXPIRYDATE,PERSONALEMAILID,PERSONALPHONENUMBERID,PWDCHANGEAFTERXLOG,PWDCHANGEEVERYXDAY,ROLENAME,SENSITIVITY,STATUSCODE,SURNAME,TITLE,USERNAME,DEFAULTLOCALE,ENDDATE,USERPREFSETID,UPPERFIRSTNAME,UPPERSURNAME,UPPERUSERNAME,UPPERROLENAME,VERSIONNO,LASTWRITTEN) values ('1','IOPROSAPP',null,null,to_date('23-03-11','RR-MM-DD'),'0',null,null,'Scott','Scott worker',null,null,1,'0','0','0','0','0','0','0',0,'0',null,null,0,null,null,'XohImNooBHFR0OVvjcYpJ3NgPQ1qq73WKhHvch0VQtg=',to_date('23-03-11','RR-MM-DD'),null,null,null,0,90,'SUPERROLE','1','RST1','worker','MR','caseworker13','en',null,null,'CASE','WORKER','CASE','SUPERROLE',1,null);
Insert into USERS (ACCOUNTENABLED,APPLICATIONCODE,BUSINESSEMAILID,BUSINESSPHONEID,CREATIONDATE,CTIENABLED,DEFAULTPRINTERID,FAXID,FIRSTNAME,FULLNAME,GRADECODE,LASTSUCCESSLOGIN,LOCATIONID,LOGINDAYFRI,LOGINDAYMON,LOGINDAYSAT,LOGINDAYSUN,LOGINDAYTHURS,LOGINDAYTUES,LOGINDAYWED,LOGINFAILURES,LOGINRESTRICTIONS,LOGINTIMEFROM,LOGINTIMETO,LOGSSINCEPWDCHANGE,MOBILEPHONEID,PAGERID,PASSWORD,PASSWORDCHANGED,PASSWORDEXPIRYDATE,PERSONALEMAILID,PERSONALPHONENUMBERID,PWDCHANGEAFTERXLOG,PWDCHANGEEVERYXDAY,ROLENAME,SENSITIVITY,STATUSCODE,SURNAME,TITLE,USERNAME,DEFAULTLOCALE,ENDDATE,USERPREFSETID,UPPERFIRSTNAME,UPPERSURNAME,UPPERUSERNAME,UPPERROLENAME,VERSIONNO,LASTWRITTEN) values ('1','IOCLNTAPP',null,null,to_date('23-03-11','RR-MM-DD'),'0',null,null,'Siobhan','Siobhan Worker',null,null,1,'0','0','0','0','0','0','0',0,'0',null,null,0,null,null,'XohImNooBHFR0OVvjcYpJ3NgPQ1qq73WKhHvch0VQtg=',to_date('23-03-11','RR-MM-DD'),null,null,null,0,90,'SUPERROLE','1','RST1','Worker','MRS','caseworker14','en',null,null,'CASE','WORKER','CASE','SUPERROLE',1,null);

Insert into USERLINK (USERID,USERNAME) values (19051,'caseworker1');
Insert into USERLINK (USERID,USERNAME) values (19050,'caseworker2');
Insert into USERLINK (USERID,USERNAME) values (19043,'caseworker3');
Insert into USERLINK (USERID,USERNAME) values (19056,'caseworker4');
Insert into USERLINK (USERID,USERNAME) values (19055,'caseworker5');
Insert into USERLINK (USERID,USERNAME) values (19047,'caseworker6');
Insert into USERLINK (USERID,USERNAME) values (19049,'caseworker7');
Insert into USERLINK (USERID,USERNAME) values (19044,'caseworker8');
Insert into USERLINK (USERID,USERNAME) values (19045,'caseworker9');
Insert into USERLINK (USERID,USERNAME) values (19054,'caseworker10');
Insert into USERLINK (USERID,USERNAME) values (19053,'caseworker11');
Insert into USERLINK (USERID,USERNAME) values (19048,'caseworker12');
Insert into USERLINK (USERID,USERNAME) values (19052,'caseworker13');
Insert into USERLINK (USERID,USERNAME) values (19046,'caseworker14');


Insert into BDMUSER (USERNAME,USERLANGLIST) values ('caseworker1','BDMLANG800	BDMLANG801');
Insert into BDMUSER (USERNAME,USERLANGLIST) values ('caseworker11','BDMLANG800	BDMLANG801');
Insert into BDMUSER (USERNAME,USERLANGLIST) values ('caseworker8','BDMLANG800	BDMLANG801');
Insert into BDMUSER (USERNAME,USERLANGLIST) values ('caseworker14','BDMLANG800	BDMLANG801');
Insert into BDMUSER (USERNAME,USERLANGLIST) values ('caseworker6','BDMLANG800	BDMLANG801');
Insert into BDMUSER (USERNAME,USERLANGLIST) values ('caseworker7','BDMLANG800	BDMLANG801');
Insert into BDMUSER (USERNAME,USERLANGLIST) values ('caseworker13','BDMLANG800	BDMLANG801');
Insert into BDMUSER (USERNAME,USERLANGLIST) values ('caseworker4','BDMLANG800	BDMLANG801');
Insert into BDMUSER (USERNAME,USERLANGLIST) values ('caseworker10','BDMLANG800	BDMLANG801');
Insert into BDMUSER (USERNAME,USERLANGLIST) values ('caseworker9','BDMLANG800	BDMLANG801');
Insert into BDMUSER (USERNAME,USERLANGLIST) values ('caseworker3','BDMLANG800	BDMLANG801');
Insert into BDMUSER (USERNAME,USERLANGLIST) values ('caseworker12','BDMLANG800	BDMLANG801');
Insert into BDMUSER (USERNAME,USERLANGLIST) values ('caseworker2','BDMLANG800	BDMLANG801');
Insert into BDMUSER (USERNAME,USERLANGLIST) values ('caseworker5','BDMLANG800	BDMLANG801');


Insert into POSITIONHOLDERLINK (FROMDATE,ORGANISATIONSTRUCTUREID,POSITIONHOLDERLINKID,POSITIONID,RECORDSTATUS,TODATE,USERNAME,VERSIONNO,LASTWRITTEN) values (to_date('11-03-04','RR-MM-DD'),1,19043,80563,'RST1',null,'caseworker3',1,to_date('11-03-04','RR-MM-DD'));
Insert into POSITIONHOLDERLINK (FROMDATE,ORGANISATIONSTRUCTUREID,POSITIONHOLDERLINKID,POSITIONID,RECORDSTATUS,TODATE,USERNAME,VERSIONNO,LASTWRITTEN) values (to_date('11-03-04','RR-MM-DD'),1,19044,80257,'RST1',null,'caseworker8',1,to_date('11-03-04','RR-MM-DD'));
Insert into POSITIONHOLDERLINK (FROMDATE,ORGANISATIONSTRUCTUREID,POSITIONHOLDERLINKID,POSITIONID,RECORDSTATUS,TODATE,USERNAME,VERSIONNO,LASTWRITTEN) values (to_date('11-03-04','RR-MM-DD'),1,19045,80257,'RST1',null,'caseworker9',1,to_date('11-03-04','RR-MM-DD'));
Insert into POSITIONHOLDERLINK (FROMDATE,ORGANISATIONSTRUCTUREID,POSITIONHOLDERLINKID,POSITIONID,RECORDSTATUS,TODATE,USERNAME,VERSIONNO,LASTWRITTEN) values (to_date('11-03-04','RR-MM-DD'),1,19046,80257,'RST1',null,'caseworker14',1,to_date('11-03-04','RR-MM-DD'));
Insert into POSITIONHOLDERLINK (FROMDATE,ORGANISATIONSTRUCTUREID,POSITIONHOLDERLINKID,POSITIONID,RECORDSTATUS,TODATE,USERNAME,VERSIONNO,LASTWRITTEN) values (to_date('11-03-04','RR-MM-DD'),1,19047,80257,'RST1',null,'caseworker6',1,to_date('11-03-04','RR-MM-DD'));
Insert into POSITIONHOLDERLINK (FROMDATE,ORGANISATIONSTRUCTUREID,POSITIONHOLDERLINKID,POSITIONID,RECORDSTATUS,TODATE,USERNAME,VERSIONNO,LASTWRITTEN) values (to_date('11-03-04','RR-MM-DD'),1,19048,80257,'RST1',null,'caseworker12',1,to_date('11-03-04','RR-MM-DD'));
Insert into POSITIONHOLDERLINK (FROMDATE,ORGANISATIONSTRUCTUREID,POSITIONHOLDERLINKID,POSITIONID,RECORDSTATUS,TODATE,USERNAME,VERSIONNO,LASTWRITTEN) values (to_date('11-03-04','RR-MM-DD'),1,19049,80257,'RST1',null,'caseworker7',1,to_date('11-03-04','RR-MM-DD'));
Insert into POSITIONHOLDERLINK (FROMDATE,ORGANISATIONSTRUCTUREID,POSITIONHOLDERLINKID,POSITIONID,RECORDSTATUS,TODATE,USERNAME,VERSIONNO,LASTWRITTEN) values (to_date('11-03-04','RR-MM-DD'),1,19050,80257,'RST1',null,'caseworker2',1,to_date('11-03-04','RR-MM-DD'));
Insert into POSITIONHOLDERLINK (FROMDATE,ORGANISATIONSTRUCTUREID,POSITIONHOLDERLINKID,POSITIONID,RECORDSTATUS,TODATE,USERNAME,VERSIONNO,LASTWRITTEN) values (to_date('11-03-04','RR-MM-DD'),1,19051,80257,'RST1',null,'caseworker1',1,to_date('11-03-04','RR-MM-DD'));
Insert into POSITIONHOLDERLINK (FROMDATE,ORGANISATIONSTRUCTUREID,POSITIONHOLDERLINKID,POSITIONID,RECORDSTATUS,TODATE,USERNAME,VERSIONNO,LASTWRITTEN) values (to_date('11-03-04','RR-MM-DD'),1,19052,80257,'RST1',null,'caseworker13',1,to_date('11-03-04','RR-MM-DD'));
Insert into POSITIONHOLDERLINK (FROMDATE,ORGANISATIONSTRUCTUREID,POSITIONHOLDERLINKID,POSITIONID,RECORDSTATUS,TODATE,USERNAME,VERSIONNO,LASTWRITTEN) values (to_date('11-03-04','RR-MM-DD'),1,19053,80257,'RST1',null,'caseworker11',1,to_date('11-03-04','RR-MM-DD'));
Insert into POSITIONHOLDERLINK (FROMDATE,ORGANISATIONSTRUCTUREID,POSITIONHOLDERLINKID,POSITIONID,RECORDSTATUS,TODATE,USERNAME,VERSIONNO,LASTWRITTEN) values (to_date('11-03-04','RR-MM-DD'),1,19054,80257,'RST1',null,'caseworker10',1,to_date('11-03-04','RR-MM-DD'));
Insert into POSITIONHOLDERLINK (FROMDATE,ORGANISATIONSTRUCTUREID,POSITIONHOLDERLINKID,POSITIONID,RECORDSTATUS,TODATE,USERNAME,VERSIONNO,LASTWRITTEN) values (to_date('11-03-04','RR-MM-DD'),1,19055,80257,'RST1',null,'caseworker5',1,to_date('11-03-04','RR-MM-DD'));
Insert into POSITIONHOLDERLINK (FROMDATE,ORGANISATIONSTRUCTUREID,POSITIONHOLDERLINKID,POSITIONID,RECORDSTATUS,TODATE,USERNAME,VERSIONNO,LASTWRITTEN) values (to_date('11-03-04','RR-MM-DD'),1,19056,80257,'RST1',null,'caseworker4',1,to_date('11-03-04','RR-MM-DD'));

