<?xml version="1.0" encoding="UTF-8"?>
<messages package="curam.ca.gc.bdm.message">
  <message name="INF_NO_SEARCH_ADDRESS_FOUND">
    <locale language="en">No address found for that post code.</locale>
  </message>
  <message name="ERR_ADDRESS_FV_ADDRESS_LINE_LENGTH">
    <locale language="en">Address line %1n must contain at least 2 characters.</locale>
  </message>
  <message name="ERR_ADDRESS_FV_PRIVATE_ADDRESS_LINE_PO_BOX_NOT_ALLOWED">
    <locale language="en">PO Boxes cannot be used for private addresses.</locale>
  </message>
</messages>