<?xml version="1.0" encoding="UTF-8"?>
<messages package="curam.ca.gc.bdm.message">
  <message name="ERR_ADDRESS_PROVINCE_NOT_SUPPLIED">
    <locale language="en">Province or Territory must be selected for Canadian address</locale>
  </message>
  <message name="ERR_ADDRESS_STRNUM_STRNAME_FOR_POBOX">
    <locale language="en">Street Number and Street name must not be completed for a P.O Box address</locale>
  </message>
  <message name="ERR_ADDRESS_POBOX_MUST_BE_SPECIFIED">
    <locale language="en">P.O. Box must be specified</locale>
  </message>
  <message name="ERR_ADDRESS_STATE_MUST_BE_BLANK_FOR_CANADIANADDRESS">
    <locale language="en">State must not be completed for a Canadian address</locale>
  </message>
  <message name="ERR_ADDRESS_STATE_MUST_BE_ENTERED_FOR_FOREIGNADDRESS">
    <locale language="en">State must be entered for a Foreign address</locale>
  </message>
  <message name="ERR_RESIDENTIALADDRESS_POBOX_SHALL_NOT_BE_ENTERED">
    <locale language="en">P.O. Box/Rural Route/General Delivery shall not be entered for a residential address</locale>
  </message>
  <message name="ERR_PROVINCE_MUST_BE_BLANK_FOR_FOREIGNADDRESS">
    <locale language="en">'Province or Territory' must not be completed for Foreign address</locale>
  </message>
  <message name="ERR_STRNUM_STRNAME_MUST_BE_COMPLETED_FOR_CANADIANADDRESS">
    <locale language="en"> Civic Number and Street name must be completed for Canadian addresses.</locale>
  </message>
  <message name="ERR_POSTAL_CODE_FORMAT_FOR_CANADIANADDRESS">
    <locale language="en">Postal Code must be in the right format for a Canadian address.</locale>
  </message>
  <message name="ERR_POSTAL_CODE_MUST_BE_ENTERED_CANADIANADDRESS">
    <locale language="en">Postal Code must be entered</locale>
  </message>
  <message name="ERR_ZIP_CODE_MUST_BE_ENTERED_USADDRESS">
    <locale language="en">Zip Code must be entered</locale>
  </message>
  <!-- BEGIN TASK -27355 -->
  <message name="ERR_COUNTRY_MUST_BE_ENTERED">
    <locale language="en">Country Code must be selected.</locale>
  </message>
  <!--  END TASK -27355 -->
  <message name="ERR_STRNUM_STRNAME_OR_POBOX_MUST_BE_COMPLETED_FOR_CANADIANADDRESS">
    <locale language="en">Either Civic Number and Street Name, or PO Box/Rural Route/General Delivery must be entered for a Canadian Address.</locale>
  </message>

  <!-- Task 60485: DEV: Implement- Informational message START -->
  <message name="ERR_CURRRENT_RESIDENTIAL_END_DATED_ADD_NEW_RESIDENTIAL_ADDRESS">
    <locale language="en">Current Residential address is end dated, add a new Residential address.</locale>
  </message>
  <!-- Task 60485: DEV: Implement- Informational message END -->

 <!-- BEGIN TASK -68157 --> 
   <message name="ERR_STRNUM_STRNAME_MUST_BE_ENTERED">
    <locale language="en"> Street Number and Street name must be entered.</locale>
  </message>
   <message name="ERR_STRNUM_STRNAME_OR_POBOX_MUST_BE_ENTERED">
    <locale language="en">Either Street Number and Street Name, or PO Box/Rural Route/General Delivery must be entered.</locale>
  </message>
   <!-- END TASK -68157 --> 
  <message name="INF_NEW_ADDRESS_LABEL">
    <locale language="en">Add New Address</locale>
  </message>
  
   <!-- START: Task 93506: DEV: Address Format Validations --> 
   <message name="ADDRESS_LINE_APT_STREET_NAME_NUMBER_MUST_BE_LESS_THAN_LIMIT">
    <locale language="en">Unit/Apt/Suite Number, Street Name and Street number combined must be less than 40 characters.</locale>
  </message>
   <message name="ADDRESS_LINE_POBOX_MUST_BE_LESS_THAN_LIMIT">
    <locale language="en">PO Box/Rural Route/General Delivery combined must be less than 40 characters.</locale>
  </message>  
   <message name="ADDRESS_LINE_CITY_PROVINCE_POSTALCODE_MUST_BE_LESS_THAN_LIMIT">
    <locale language="en">City, Town or Village, Province and Postal Code combined must be less than 40 characters.</locale>
  </message>    
   <message name="ADDRESS_LINE_US_CITY_PROVINCE_POSTALCODE_MUST_BE_LESS_THAN_LIMIT">
    <locale language="en">City, Town or Village, State and Zip Code combined must be less than 40 characters.</locale>
  </message>   
   <message name="ADDRESS_LINE_INTL_STREET_NAME_NUMBER_MUST_BE_LESS_THAN_LIMIT">
    <locale language="en">Unit/Apt/Suite Number, Street 1 and Street 2 combined must be less than 40 characters.</locale>
  </message>  
   <message name="ADDRESS_LINE_INTL_CITY_PROVINCE_POSTALCODE_MUST_BE_LESS_THAN_LIMIT">
    <locale language="en">City, Town or Village, State, Province, Region or Territory and Zip Code combined must be less than 40characters.</locale>
  </message>     
  <!-- END: Task 93506: DEV: Address Format Validations -->
  
  <!-- BEGIN, BUG 97516, US Zip code Validation -->
  <message name="ERR_US_ZIP_CODE_MUST_BE_VALID_FORMAT">
    <locale language="en">Zip Code must be in the right format for a US Address. For example, 55555 or 55555-5555.</locale>
  </message>
  <!-- END, BUG 97516, US Zip code Validation -->
   <message name="TO_FROM_DATE_ERR">
    <locale language="en">'From' must be on or before 'To'.</locale>
  </message>

</messages>
