<?xml version="1.0" encoding="UTF-8"?>
<messages package="curam.ca.gc.bdm.message">
  <!-- BEGIN - TASK 11053 - CK - External Liability  -->
  <message name="ERR_NO_LIABILITY_AMOUNT">
    <locale language="en">Outstanding Balance must be entered.</locale>
  </message>
  <message name="ERR_DEDUCTION_AMOUNT_RATE_SELECTED">
    <locale language="en">Either Recovery Rate fixed or Recovery Rate variable must be entered.</locale>
  </message>
  <message name="ERR_NO_PDC_SELECTED">
    <locale language="en">Please select at least one Product Delivery Case.</locale>
  </message>
  <message name="ERR_NO_START_DATE">
    <locale language="en">Start Date must be entered.</locale>
  </message>
  <message name="ERR_NO_LIABILITY_TYPE">
    <locale language="en">Liability Type must be selected.</locale>
  </message>
  <message name="ERR_NO_AMOUNT">
    <locale language="en">Outstanding Balance must be entered.</locale>
  </message>
  <message name="ERR_NEGATIVE_AMOUNT">
    <locale language="en">Outstanding Balance must be a positive amount.</locale>
  </message>
  <message name="LIABILITY_STATUS">
    <locale language="en">%1c%2s</locale>
  </message>
  <message name="ERR_ACTIVATE_ACTIVE_LBY">
    <locale language="en">Only inactive liabilities can be activated.</locale>
  </message>
  <message name="ERR_ACTIVATE_DELETED_LBY">
    <locale language="en">Deleted liabilities cannot be activated.</locale>
  </message>
  <message name="ERR_DEACTIVATE_INACTIVE_LBY">
    <locale language="en">Only active liabilities can be deactivated.</locale>
  </message>
  <message name="ERR_DEACTIVATE_DELETED_LBY">
    <locale language="en">Deleted liabilities cannot be deactivated.</locale>
  </message>
  <message name="ERR_DELETE_DELETED_LBY">
    <locale language="en">Liability is already in deleted status.</locale>
  </message>
  <message name="ERR_DELETED_LBY_WITH_DEDUCTIONS">
    <locale language="en">Liabilities with deductions applied cannot be deleted</locale>
  </message>
  <message name="ERR_MODIFY_DELETED_LBY">
    <locale language="en">Deleted liabilities cannot be modified.</locale>
  </message>
  <message name="ERR_THIRD_PARTY_CONFIG">
    <locale language="en">There is an error with the third party associated with this deduction. Please contact your administrator.</locale>
  </message>
  <message name="ERR_NO_CASE_NOMINEE">
    <locale language="en">There is an error with the case nominee on one of 
      the cases you have selected. Please make sure that this individual is an active case 
      nominee on all the selected cases.</locale>
  </message>
  <message name="ERR_NO_DEDUCTIONS_EXISTING">
    <locale language="en">There were no deductions priorly associated with this external liability. 
      Please create a new external liability instead.</locale>
  </message>
  <!-- END - TASK 11053 - CK - External Liability   -->
  <!-- BEGIN - TASK 9765 - CK - DOJ Liability   -->   
  <message name="ERR_DOJ_DEDUCTION_EXISTS">
    <locale language="en">A DOJ Liability of the same type exists.</locale>
  </message>
  <!-- END - TASK 9765 - CK - DOJ Liability   -->  
<!-- 55614 - DELETE manual overpayment Starts -->
  <message name="ERR_UNABLE_TOWRITEOFF_OUTSTANDINGBAL">
    <locale language="en">Unable to write-off outstanding balance. Please contact administrator.</locale>
  </message>
  <message name="ERR_UNALLOCATED_DEDUCTIONS_EXISTS">
    <locale language="en">There exists some unallocated deductions and cannot delete the liability until the deductions are fully allocated.</locale>
  </message>
<!-- 55614 - DELETE manual overpayment Ends -->
</messages>
