<?xml version="1.0" encoding="UTF-8"?>

<messages package="curam.ca.gc.bdm.message">
  <message name="ERR_CHUNKS_SKIPPED">
    <locale language="en">WARNING: %1n chunks of data were not processed by this batch program, tax slips for up to %2n Concern Roles will not have been processed.</locale>
  </message>
  <message name="INF_RECORDS_PROCESSED">
    <locale language="en">Total number of Concern Role Tax Slips processed: %1n</locale>
  </message>
  <message name="INF_RECORDS_SKIPPED">
    <locale language="en">Total number of Concern Role Tax Slips skipped: %1n</locale>
  </message>
  <message name="INF_GEN_ORIG_TAX_SLIP">
    <locale language="en">Generate Original Tax Slips</locale>
  </message>
  <message name="INF_GEN_AMENDED_TAX_SLIP">
    <locale language="en">Generate Amended Tax Slips</locale>
  </message>  
  <message name="INF_GEN_ORIG_TAX_SLIP_BATCH_SUB">
    <locale language="en">Report from Generate Original Tax Slips batch job run on %1s.</locale>
  </message>
  <message name="INF_GEN_AMENDED_TAX_SLIP_BATCH_SUB">
    <locale language="en">Report from Generate Amended Tax Slips batch job run on %1s.</locale>
  </message>
    <message name="ERR_SEED_OUT_OF_RANGE">
    <locale language="en">No Seeds available. Current max Seed value is %d. Seeds between range %d and %d are allowed only.</locale>
  </message>
</messages>