<?xml version="1.0" encoding="UTF-8"?>
<messages package="curam.ca.gc.bdm.message">
  <message name="ERR_FV_DATE_DECISION_DISPUTED_AFTER_HEARNIG_CASE_STARTDATE">
    <locale language="en">Date of Decision Disputed cannot be after the hearing case start date.</locale>
  </message>
   <message name="ERR_FV_DATE_RFR_RECEIVED_AFTER_HEARNIG_CASE_STARTDATE">
    <locale language="en">Date Request for Reconsideration Received cannot be after the hearing case start date.</locale>
  </message>
</messages>