<?xml version="1.0" encoding="UTF-8"?>
<messages package="curam.ca.gc.bdm.message">

	<!-- BEGIN TASK 26338 - SIN Identification Update Messages --> 

	<message name="SIN_NUMBER_NOT_VALID">
		<locale language="en">The SIN number entered is not a valid number. Please check and enter a valid SIN number</locale>
	</message>
	<message name="END_DATE_EXISTING_SIN">
		<locale language="en">An active SIN number is present in the system. Please end date the existing SIN number before adding a new SIN number</locale>
	</message>
	<message name="END_DATE_MUST_BE_TODAY_OR_DATE_IN_THE_PAST">
		<locale language="en">End Date must be today or a date in the past</locale>
	</message>

	<message name="START_DATE_MUST_BE_TODAY_OR_THE_PAST">
		<locale language="en">Start Date must be today or a date in the past</locale>
	</message>

	<message name="START_DATE_OF_NEW_SIN_MUST_BE_ENTERED">
		<locale language="en">Start Date of the new SIN must be entered</locale>
	</message>

	<message
		name="START_DATE_OF_THE_NEW_SIN_MUST_BE_AFTER_END_DATE_OF_AN_EXISTING_SIN">
		<locale language="en">Start Date of the New SIN must be after End Date of an existing SIN</locale>
	</message>

	<message
		name="END_DATE_OF_THE_NEW_SIN_MUST_BE_AFTER_START_DATE_OF_THE_NEW_SIN">
		<locale language="en">End Date of the New SIN must be after StartDate of the new SIN</locale>
	</message>

	<!-- END TASK 26338-->
</messages>
