<?xml version="1.0" encoding="UTF-8"?>
<messages package="curam.ca.gc.bdm.message">
  <message name="HTTP_400_SEARCH_ADDRESS_QUERY_PARAMS_NOT_VALID">
    <locale language="en">Postal Code should be entered for Address Search.</locale>
  </message>
  <message name="HTTP_400_VALIDATE_ADDRESS_QUERY_PARAMS_NOT_VALID">
    <locale language="en">Address text, province and city are required to validate an address.</locale>
  </message>
  <message name="BDM_ERR_WS_ADDRESS_INVALID_EXCEPTION">
    <locale language="en">The address as entered is not valid according to the address validation tool (WSAddress REST API)</locale>
  </message>
  <message name="BDM_REST_API_ERR_MALFORMED_URL_EXCEPTION">
    <locale language="en">The URL for %1s REST API  is incorrect</locale>
  </message>
  <message name="BDM_REST_API_ERR_IO_EXCEPTION">
    <locale language="en">The %1s REST API cannot be accessed</locale>
  </message>
  <message name="BDM_REST_API_ERR_EXCEPTION">
    <locale language="en">Error occurred when accessing %1s REST API</locale>
  </message>
  <message name="BDM_ERR_DECD_GUID_NOT_POPULATED_EXCEPTION">
    <locale language="en">Error occurred, GUID is not populated</locale>
  </message>
     <message name="BDM_ERR_GCNOTIFY_MALFORMED_URL_EXCEPTION">
    <locale language="en">The URL for GCNotify is incorrect</locale>
  </message>
  <message name="BDM_ERR_GCNOTIFY_IO_EXCEPTION">
    <locale language="en">The GCNotify REST API cannot be accessed</locale>
  </message>
  <message name="BDM_ERR_GCNOTIFY_EXCEPTION">
    <locale language="en">Error occurred when accessing GCNotify REST API</locale>
  </message>
  <!-- BEGIN : Bug fix    21671 - Behavior and feedback to user when WS Address is down -->
    <message name="BDM_WSADDRESS_SEARCH_BY_POSTALCODE_ERR_504_GATEWAY_TIMEOUT_EXCEPTION">
    <locale language="en">We are temporarily experiencing technical difficulties. Manually enter the address to proceed.</locale>
  </message>
  <message name="BDM_WSADDRESS_VALIDATE_ERR_504_GATEWAY_TIMEOUT_EXCEPTION">
    <locale language="en">We are temporarily experiencing technical difficulties and the address cannot be validated.  Review the address and continue to the next step to proceed.</locale>
  </message>  
  
   <message name="BDM_WSADDRESS_SEARCH_BY_POSTALCODE_REST_API_ERR_EXCEPTION">
    <locale language="en">Error occurred when accessing %1s REST API. Additional details : Error Code  %2s and Error description : %3s </locale>
  </message>
  <!-- END : Bug fix    21671 - Behavior and feedback to user when WS Address is down -->
   <message name="BDM_WSADDRESS_SEARCH_BY_POSTALCODE_REST_API_ERR_EXCEPTION_INVALID_ADDRESS_SEARCH_DATA">
    <locale language="en">Below address data does not appear to be valid. To make corrections select 'Search' or "Add New' to manually enter the address to proceed.</locale>
  </message>
     <message name="BDM_WSADDRESS_SEARCH_BY_POSTALCODE_REST_API_ERR_EXCEPTION_INVALID_ADDRESS">
    <locale language="en">Below is the address that was entered. It does not appear to be a valid address. To make a correction, select ‘Back’. To confirm the address displayed, select ‘Save’.</locale>
  </message>
  <!-- END : Bug fix    21671 - Behavior and feedback to user when WS Address is down -->
  
<!-- BEGIN:   Task-9270-DECD_RequestForCallback_revisit --> 
   <message name="BDM_REQUEST_FOR_CALLBACK_API_EMAIL_LENGTH_ABOVE_LIMIT">
   	 <locale language="en">Email address cannot exceed 254 chars</locale>
 	 </message>
   
   
   <message name="BDM_REQUEST_FOR_CALLBACK_API_INVALID_EMAIL">
   	 <locale language="en">Please enter valid Email address</locale>
 	 </message>
 
   
   <message name="BDM_REQUEST_FOR_CALLBACK_API_INVALID_PHONE_NUMBER">
   	 <locale language="en">Please enter valid PhoneNumber</locale>
 	 </message>
 
   <message name="BDM_REQUEST_FOR_CALLBACK_API_PENDING_REQUEST_ALREADY_USER">
   	 <locale language="en">There exists a pending call-back request already for this User</locale>
 	 </message>
 
   
   <message name="BDM_REQUEST_FOR_CALLBACK_API_PENDING_REQUEST_ALREADY_PHONENUMBER">
   	 <locale language="en">There exists a pending call-back request already for this Telephone Number</locale>
 	 </message>
 
   
   <message name="BDM_REQUEST_FOR_CALLBACK_API_FIELD_IS_MANDATORY">
   	 <locale language="en">%1s is Mandatory</locale>
 	 </message>
 
    
  <!-- END:   Task-9270-DECD_RequestForCallback_revisit --> 
  <!-- BEGIN: Task 6307 - Add tax slip status validation -->
  <message name="BDM_ERR_TAX_SLIP_INVALID_STATUS">
    <locale language="en">Cannot process tax slip with status 'Issued'</locale>
  </message>
  <!-- END: Task 6307 - Add tax slip status validation -->
  
   <!-- BEGIN: Task 89081 - API Authentication Encryption for Outbound API processing -->
  <message name="BDM_ERR_AUTHENTICATION_KEY_DECRYPTION">
    <locale language="en">Error occured during decryption process of authentication header key</locale>
  </message>
  <!-- END: Task 89081 - API Authentication Encryption for Outbound API processing -->
  
</messages>
