<?xml version="1.0" encoding="UTF-8"?>
<messages package="curam.ca.gc.bdm.message">
  
  <message name="INF_BATCH_FILE_NAME">
    <locale language="en">TaskAllocationBatch</locale>
  </message>
  <message name="ERR_TASK_ALLOCATION_FILE_OPEN">
    <locale language="en">Unable to open TaskAllocation batch output file.</locale>
  </message>
  <message name="INF_TOTAL_RECORDS_PROCESSED">
    <locale language="en">Total number of tasks processed: %1s.</locale>
  </message>
  <message name="INF_TASK_ALLOCATION_BATCH_HEADER">
    <locale language="en">TaskAllocation batch job report.</locale>
  </message>
  <message name="INF_TASK_LIST">
    <locale language="en">Task List</locale>
  </message>
  <message name="INF_TASK_STAGE1">
    <locale language="en">Stage1 Tasks = %1s</locale>
  </message>
  <message name="INF_TASK_PTM">
    <locale language="en">PTM Tasks = %1s</locale>
  </message>
  <message name="INF_TASK_STAGE2">
    <locale language="en">Stage2 Tasks = %1s </locale>
  </message>
  <message name="INF_TASK_ERROR_QUEUE">
    <locale language="en">Tasks moved to error queue = %1s</locale>
  </message>
  <message name="INF_UNILINGUAL_AGENT_COUNT">
    <locale language="en">Unilingual Agents = %1s</locale>
  </message>
  <message name="INF_BILINGUAL_AGENT_COUNT">
    <locale language="en">Bilingual Agents = %1s</locale>
  </message>
</messages>