<?xml version="1.0" encoding="UTF-8"?>
<!-- START 12319 Task Build Flag icon into case context panel  by Siva 03/01/2022 -->
<messages package="curam.commonintake.message">
 <message name="INFO_URGENT_FLAF">
    <locale language="en">Urgent Flag (%1s)</locale>
  </message>
  <!-- END 12319 Task Build Flag icon into case context panel  by Siva 03/01/2022 -->
  <!-- START Task 19383 - Urgent Flag for IC and  PDC  Context Panel This process class by Siva 03/12/2022 -->
   <message name="INFO_FLAG_URGENT">
    <locale language="en">(%1n) Urgent Flag</locale>
  </message>
   <message name="INF_URGENTFLAG_TOOLTIP">
    <locale language="en">Number of Urgent Flags</locale>
  </message>
  <!-- END Task 19383 - Urgent Flag for IC and  PDC  Context Panel This process class by Siva 03/12/2022 -->
  <!-- START Task 20764 - Rename Programs to Benefits 05/07/2022 -->
  <message name="INFO_BENEFITS_REQUESTED">
      <locale language="en">Benefits</locale>
  </message>
  <!-- END Task 20764 - Rename Programs to Benefits 05/07/2022 -->
 </messages>
