<?xml version="1.0" encoding="UTF-8"?>
<messages package="curam.ca.gc.bdm.message">
  <!-- BEGIN - TASK 8826 - RSoni - Case urgent flag Messages  -->
  <message name="ERR_CASEURGENTFLAG_XFV_START_DATE_GREATER_THAN_CURRENT_DATE">
    <locale language="en">The Start Date, %1d, must be on or before today.</locale>
  </message>
  <message name="ERR_CASEURGENTFLAG_XFV_END_DATE_EARLIER_THAN_START_DATE">
    <locale language="en">The End Date, %1d, must be on or after the Start Date, %2d.</locale>
  </message>
  <message name="ERR_CASEURGENTFLAG_XFV_END_DATE_EARLIER_THAN_CURRENT_DATE">
    <locale language="en">The End Date, %1d, can not be before today.</locale>
  </message>
  <message name="ERR_CASEURGENTFLAG_XFV_END_DATE_GREATER_THAN_CURRENT_DATE">
    <locale language="en">The End Date, %1d, can not be in future.</locale>
  </message>
  <message name="ERR_CASEURGENTFLAG_OVERLAPS_IN_SPECIFIED_DATE_RANGE">
    <locale language="en">A Urgent flag with type of "%1s", already exists which overlaps with the time period specified.</locale>
  </message>
  <!-- END - TASK 8826 - RSoni - Case urgent flag Messages  -->
</messages>
