<?xml version="1.0" encoding="UTF-8"?>
<!-- Added for  23374 Task New Codetable added DEV - Agent portal verification changes By Siva 05/03/2022  -->
<!-- Altered for  56004 Task Dev bug 55649 By Siva 06/12/2022  -->
<messages package="curam.message">
  <message name="ERR_VERIFICATION_PROOF_STATUS_BE_SELECTED">
    <locale language="en">Acceptance Status can only be selected if a file location is entered.</locale>
  </message>
  <message name="ERR_VERIFICATION_PROOF_REJ_REASON_SHOULD_BE_SELECTED_IF_STATUS_SELECTED_REJECTED">
    <locale language="en">Rejection Reason can only be selected if Acceptance Status is ‘Rejected’.</locale>
  </message>
  <message name="ERR_VERIFICATION_PROOF_COMMENTS_MUST_BE_ENTERED_IF_REJ_REASON_OTHER">
    <locale language="en">If 'Other' is selected then a Description must be entered.</locale>
  </message>
  <!-- START  for  23374 Task New Codetable added DEV - Agent portal verification changes By Siva 05/09/2022  -->
  <message name="ERR_VERIFICATION_PROOF_REJ_REASON_SHOULD_BE_BLANK_IF_STATUS_SELECTED_ACCEPTED">
    <locale language="en">The Rejection Reason must be blank if Status is selected as Accepted.</locale>
  </message>
  <!-- END  for  23374 Task New Codetable added DEV - Agent portal verification changes By Siva 05/09/2022  -->
  <message name="ERR_VERIFICATION_VALID_ATTACHMENT_EXTENSIONS">
    <locale language="en">Attachment File type must be: .jpg, .jpeg, .MP4, MP3, .wav, .MPEG, .tif, iOS images, .png, .pdf, .docx, .xlsx., .doc, or .xls</locale>
  </message>
  <message name="ERR_VERIFICATION_VALID_ATTACHMENT_SIZE">
    <locale language="en">The uploaded file size cannot exceed 5MB.</locale>
  </message>
  <message name="ERR_VERIFICATION_NO_VALID_DETAILS">
    <locale language="en">Please enter details.</locale>
  </message>
</messages>
  
    