<?xml version="1.0" encoding="UTF-8"?>
<messages package="curam.ca.gc.bdm.message">

  <message name="ERR_PRODUCT_DELIVERY_CASE_MANDATORY">
    <locale language="en">Please select at least one Product Delivery Case</locale>
  </message>

 <message name="ERR_RECOVERY_RATE_MANDATORY">
    <locale language="en">Either Recovery Rate fixed or Recovery Rate variable must be entered</locale>
 </message>

<message name="ERR_LIABILITY_AMOUNT_MANDATORY">
    <locale language="en">Liability Amount must be greater than zero</locale>
 </message>

<message name="ERR_DEDUCTION_START_DATE">
    <locale language="en">Start date cannot be a past date</locale>
 </message>

<message name="ERR_CRA_SETOFF_DEDUCTION_START_DATE">
    <locale language="en">Start date cannot be a past date. Please enter current or a future date.</locale>
 </message>
<message name="ERR_CRA_SETOFF_DEDUCTION_START_DATE_MODIFY">
    <locale language="en">Deduction start date cannot be before liability creation date.</locale>
 </message>
 
</messages>