<?xml version="1.0" encoding="UTF-8"?>
<!--
  Licensed Materials - Property of IBM
 
  PID 5725-H26
 
  Copyright IBM Corporation 2003, 2013. All Rights Reserved.

  US Government Users Restricted Rights - Use, duplication or disclosure 
  restricted by GSA ADP Schedule Contract with IBM Corp.
-->
<!-- 
Copyright 2003-2005, 2011-2012 Curam Software Ltd.
All rights reserved.

This software is the confidential and proprietary information of Curam
Software, Ltd. ("Confidential Information").  You shall not
disclose such Confidential Information and shall use it only in accordance
with the terms of the license agreement you entered into with Curam Software.
-->
<messages package="curam.message">
 
  <message name="ERR_SEARCH_FV_ADDRESS_LINE_2_SHORT">
    <locale language="en">Street Number or Street 1 or Address Line 2 field must contain at least %1n alphanumeric characters.</locale>
  </message>
  <message name="ERR_SEARCH_FV_ADDRESS_LINE_3_SHORT">
    <locale language="en">Street Name or Street 2 or Address Line 3 field must contain at least %1n alphanumeric characters.</locale>
  </message>
  
</messages>
