<?xml version="1.0" encoding="UTF-8"?>
<messages package="curam.ca.gc.bdm.message">
<!-- ADO Task 7089 Start Person Registration validations -->
  <message name="ERR_MAILING_ADDRESS_MANDATORY">
    <locale language="en">Please enter your mailing address</locale>
  </message>
   <message name="ERR_PHONE_AREA_CODE_MISSING">
    <locale language="en">If country selected then Area Code cannot be left blank.</locale>
  </message>
  <message name="ERR_PHONE_NUMBER_MISSING">
    <locale language="en">If country selected then Fax/Phone cannot be left blank.</locale>
  </message>
   <message name="ERR_PHONE_AREA_CODE">
    <locale language="en">All countries which have a Country Code of 1, Fax/Phone must be entered.</locale>
  </message>
  <message name="ERR_PHONE_AREA_CODE_3DIGIT">
    <locale language="en">First 3 digits of Fax/Phone must be numeric for all countries which have a Country Code of 1.</locale>
  </message>
  <message name="ERR_PHONE_NUMBER_7DIGIT">
    <locale language="en">Fax/Phone must be numeric and 7 digits for all countries which have a Country Code of 1.</locale>
  </message>
  <message name="ERR_PHONE_NUMBER_OTHER_COUNTRY">
    <locale language="en">Fax/Phone number must be numeric for all countries which do not have a country phone code of 1.</locale>
  </message>
  <message name="ERR_PHONE_INVALID_TYPE">
    <locale language="en">Personal mobile phone number or Business mobile phone number cannot have extensions.</locale>
  </message>
  <message name="ERR_PHONE_EXTENSION_NUMERIC">
    <locale language="en">Extensions can only be numeric.</locale>
  </message>
   <message name="ERR_ADDR_CA_CITY_MISSING">
    <locale language="en">City, Town, or Village must be entered.</locale>
  </message>
   <message name="ERR_ADDR_CA_PROV_MISSING">
    <locale language="en">Province or Territory must be selected for a Canadian address.</locale>
  </message>
     <message name="ERR_ADDR_CA_POSTALCODE_MISSING">
    <locale language="en">Postal Code must be entered.</locale>
  </message>
  <message name="ERR_ADDR_CA_INVALID_POSTAL">
    <locale language="en">Postal Code must be in the right format for a Canadian address.</locale>
  </message>
   <message name="ERR_ADDR_US_ZIPCODE_MISSING">
    <locale language="en">Zip Code must be entered.</locale>
  </message>
    <message name="ERR_ADDR_STATE_MISSING">
    <locale language="en">If country selected is other than Canada the State field cannot be left blank.</locale>
  </message>
  <!-- ADO Task 7089 End Person  Registration validations -->
  
  <message name="ERR_SEARCH_MANDATORY_MISSING">
    <locale language="en">Reference or partial name criteria are required.</locale>
  </message>
  <message name="ERR_PROVINCE_3CHARS">
    <locale language="en">Province, State or Territory requires at least 3 characters.</locale>
  </message>
  <message name="ERR_POSTALCODE_3CHARS">
    <locale language="en">Postal or Zip Code requires at least 3 characters.</locale>
  </message>
    <message name="ERR_PO_RESIDENTIAL">
    <locale language="en"> P.O. Box/Rural Route/General Delivery shall not be entered for a residential address.</locale>
  </message>
  <!-- START: Task 93506: DEV: Address Format Validations --> 
  <message name="ERR_CITY_2CHARS">
    <locale language="en">City, Town or Village or Address Line 4 requires at least 2 characters.</locale>
  </message>
  <!-- END: Task 93506: DEV: Address Format Validations --> 
   <message name="WAR_ADDRESS_LOOK_UP">
    <locale language="en">Error Occurred During Address Look up, please Select 'Add New' proceed with adding address Manually.</locale>
  </message>
  <!-- ADO Task 21122 START Email validations -->
  <message name="ERR_INVALIE_EMAIL_ADDRESS">
    <locale language="en">Email address must be valid.</locale>
  </message>
  <!-- ADO Task 21122 END Email validations -->
  <!-- ADO Task 67715 START person search first, last name validation -->
  <message name="ERR_INVALID_PERSON_SEARCH_CRITERIA">
    <locale language="en">First Name and Last Name require at least 2 characters.</locale>
  </message>
  <message name="ERR_SEARCH_ADDITIONAL_MANDATORY_MISSING">
    <locale language="en">Search cannot be completed - Additional search criteria required.</locale>
  </message>
  <!-- ADO Task 67715 START person search first, last name validation -->
  <!-- START: TASK 88346: Person Merge Unmerge -->
  <message name="ERR_PERSON_MERGE_TASK_EXISTS">
    <locale language="en">Merge cannot be performed due to Duplicate Person or Duplicate Person’s cases having open tasks.</locale>
  </message>
  <message name="ERR_PERSON_MERGE_TEMPORARY_SIN_FOR_BOTH">
    <locale language="en">Person merge is not allowed when both Master and Duplicate Person have temporary SIN.</locale>
  </message>
      <message name="ERR_PERSON_MERGE_MASTER_PERSON_TEMPORARY_SIN">
    <locale language="en">Person merge is not allowed when Master Person has temporary SIN and Duplicate Person has non-SIN Identifier or no SIN.</locale>
  </message>
  <message name="ERR_PERSON_MERGE_MARITAL_STATUS_OVERLAP">
    <locale language="en">A marital status with overlapping time period is not allowed.</locale>
  </message>
  <message name="WAR_DUPLICATE_PERSON_FEC_CASE">
    <locale language="en">This case belongs to a Duplicate Person. Do not perform any updates on this case. Find the Master Person and make updates to the Master Person’s FEC.</locale>
  </message>
  <!-- END: TASK 88346: Person Merge Unmerge -->
  <!-- Start: Task 93103 -->
  <message name="ERR_RESTRICTED_COUNTRY_SELECTED">
    <locale language="en">This participant is a prospect person and cannot be converted to a registered person as the Received from Country is restricted.</locale>
  </message>
  <!-- End: Task 93103 -->
  <!-- Start: Task 95582 -->
  <message name="ERR_DIRECTION_INCOMING_SELECTED">
    <locale language="en">Direction must be outgoing for type “Interim Application-Outgoing”.</locale>
  </message>
  <!-- End: Task 95582 -->  
    
</messages>