<?xml version="1.0" encoding="UTF-8"?>
<messages package="curam.ca.gc.bdm.message">
 
 <message name="ERR_BDM_RFR_APPEAL_CASE_CLOSED">
    <locale language="en">A new Issue cannot be created since the Appeal Case is Closed.</locale>
  </message>
  
  <message name="INFO_BDM_RFR_CONTEXT_MESSAGE">
    <locale language="en">Request For Reconsideration In Progress</locale>
  </message>
  
  <message name="ERR_BDM_RFR_ISSUE_NOT_ACTIVE">
    <locale language="en">Issue Decision can be recorded only when Issue Status is Active.</locale>
  </message>
  
  <message name="ERR_BDM_RFR_ISSUE_ITEM_NOT_APPROVED">
    <locale language="en">Issue Decision can be recorded only when Item Under Appeal is Approved.</locale>
  </message> 
  
  <message name="ERR_BDM_RFR_ISSUE_NOT_ACTIVE_CANNOT_APPROVE">
    <locale language="en">There is no Active Issue for this Appeal. This Item cannot be approved.</locale>
  </message>
  
  <message name="ERR_BDM_RFR_ISSUE_RESOLUTION">
    <locale language="en">Resolution can be recorded only when all the Issues are completed.</locale>
  </message> 
  
  <message name="ERR_BDM_RFR_ISSUE_DECISION_PENDING">
    <locale language="en">Issue cannot be completed since Issue Decision is not recorded.</locale>
  </message>
  
  <message name="ERR_BDM_RFR_ISSUE_CANCELLED_CANNOT_COMPLETED">
    <locale language="en">Issue cannot be completed since it is cancelled.</locale>
  </message>
</messages>
