<?xml version="1.0" encoding="UTF-8"?>
<messages package="curam.ca.gc.bdm.message">
  <!-- BEGIN - TASK 21373 - CK - Tax Slips  -->
  <message name="T4A_PAYER_NAME">
    <locale language="en">Service Canada</locale>
  </message>
  <message name="TAX_SLIP_DUPLICATE">
    <locale language="en">Duplicate</locale>
  </message>
  <message name="ERR_MODIFY_TAX_SLIP_STATUS">
    <locale language="en">A tax slip with a status of %1c cannot be modified. </locale>
  </message>
  <message name="ERR_MODIFY_TAX_SLIP_TYPE">
    <locale language="en">%1c tax slips cannot be modified.</locale>
  </message>
  <message name="ERR_MODIFY_TAX_SLIP_DUPLICATE">
    <locale language="en">Duplicate tax slips cannot be modified.</locale>
  </message>
  <message name="ERR_BOTH_OTHER_AND_INDIAN_INCOME_ENTERED">
    <locale language="en">Both Other Income and Status Indian Income cannot be entered.</locale>
  </message>
  <message name="ERR_NEITHER_OTHER_NOR_INDIAN_INCOME_ENTERED">
    <locale language="en">Either Other Income or Status Indian Income must be entered.</locale>
  </message>
  <message name="ERR_BOX_NUMBER_FORMAT">
    <locale language="en">The Box %1s must be a number.</locale>
  </message>
  <message name="ERR_ATTRIBUTE_NUMBER_FORMAT">
    <locale language="en">%1s must be a number.</locale>
  </message>
   <message name="ERR_BOX_BOOLEAN_FORMAT">
    <locale language="en">The Box %1s must be either Yes or No.</locale>
  </message>
  <message name="ERR_ATTRIBUTE_BOOLEAN_FORMAT">
    <locale language="en">%1s must be either Yes or No.</locale>
  </message>
    <message name="ERR_BOX_NEGATIVE_NUMBER">
    <locale language="en">The Box %1s must be positive.</locale>
  </message>
  <message name="ERR_ATTRIBUTE_NEGATIVE_NUMBER">
    <locale language="en">%1s must be positive.</locale>
  </message>
  <message name="ERR_AMEND_TAX_SLIP_STATUS">
    <locale language="en">A tax slip with a status of %1c cannot be amended. </locale>
  </message>
  <message name="ERR_AMEND_TAX_SLIP_TYPE">
    <locale language="en">%1c tax slips cannot be amended.</locale>
  </message>
  <message name="ERR_NO_QUEBEC_ADDRESS">
    <locale language="en">The client's province is not Quebec as of December 31st for the tax year %1n.</locale>
  </message>
  <message name="ERR_CREATE_TAX_SLIP_STATUS">
    <locale language="en">A new tax slip cannot be created from a tax slip with a status of %1c.</locale>
  </message>
  <message name="ERR_CREATE_TAX_SLIP_TYPE">
    <locale language="en">A new tax slip cannot be created from a tax slip that is of type %1c.</locale>
  </message>
  <message name="ERR_MULTIPLE_TAX_SLIPS_IN_DRAFT_STATUS">
    <locale language="en">There already exists a tax slip in '%1c' status and another tax slip cannot be created.</locale>
  </message>
  <!-- END - TASK 21373 - CK - Tax Slips  -->
  <!-- START - Task 54873 -->
  <message name="TAX_SLIP_CANNOT_BE_DELETED">
    <locale language="en">Tax Slips with a status of '%1s' cannot be deleted.</locale>
  </message>
  <message name="TAX_SLIP_CANNOT_BE_ISSUED_IF_NOT_IN_DRAFT_STATUS">
    <locale language="en">Tax Slips with a status of '%1s' cannot be issued.</locale>
  </message>
  <message name="TAX_SLIP_ALREADY_EXISTS_IN_REQUESTED_MODE">
    <locale language="en">There already exists a tax slip in '%1s' and we cannot issue another slip.</locale>
  </message>
  <message name="TAX_SLIP_CANNOT_BE_ISSUED_AS_DUPLICATE">
    <locale language="en">Tax Slips with a status of '%1s' cannot be issued as Duplicate.</locale>
  </message>
  <!-- END - Task 54873 - JSHAH -->
  <message name="ERR_TAX_SLIP_NEGATIVE_AMOUNT">
    <locale language="en">Tax Slips cannot have a negative amount.</locale>
  </message>
</messages>
