<?xml version="1.0" encoding="UTF-8"?><RuleSet xmlns:xsi="http://www.w3.org/2001/XMLSchema-instance" name="BDMAttestationSummaryRuleSet" xsi:noNamespaceSchemaLocation="http://www.curamsoftware.com/CreoleRulesSchema.xsd">
	<Class extends="DefaultEvidenceSummary" extendsRuleSet="EvidenceSummaryRuleSet" name="BDMAttestationSummary">
		
		<!-- Evidence Information -->
		<Attribute name="evidence">
			<type>
				<ruleclass name="BDMAttestation" ruleset="BDMAttestationRuleSet"/>
			</type>
			<derivation>
				<specified/>
			</derivation>
		</Attribute>

		<!-- Message Preparation -->
		<Attribute name="summary">
			<type>
				<javaclass name="curam.creole.value.Message"/>
			</type>
			<derivation>
				<ResourceMessage key="summaryMessage" resourceBundle="curam.bdm.pdc.rules.BDMAttestationSummary">
						<reference attribute="attestationType">
							  <reference attribute="evidence"/>
						</reference>
				</ResourceMessage>
			</derivation>
		</Attribute>

	</Class>
</RuleSet>