<?xml version="1.0" encoding="UTF-8"?>
<!-- 64630 DEV: Implement 387-01 Add Residence based Creditable details to Foreign Engagement Case -->
<RuleSet name="BDMForeignResidencePeriodDataRuleSet"
	xmlns:xsi="http://www.w3.org/2001/XMLSchema-instance"
	xsi:noNamespaceSchemaLocation="http://www.curamsoftware.com/CreoleRulesSchema.xsd">

	<Class name="BDMForeignResidencePeriod" extends="ActiveSuccessionSet"
		extendsRuleSet="PropagatorRuleSet">

		<Annotations>
			<SuccessionSetPopulation
				startDateAttribute="startDate" endDateAttribute="endDate" />
		</Annotations>

		<Attribute name="caseParticipantRole">
			<type>
				<javaclass name="java.lang.Number" />
			</type>
			<derivation>
				<specified />
			</derivation>
		</Attribute>

		<Attribute name="country">
			<type>
				<codetableentry table="BDMSourceCountry" />
			</type>
			<derivation>
				<specified />
			</derivation>
		</Attribute>

		<Attribute name="creditablePeriodsource">
			<type>
				<codetableentry table="BDMCreditablePeriodSource" />
			</type>
			<derivation>
				<specified />
			</derivation>
		</Attribute>

		<Attribute name="startDate">
			<type>
				<javaclass name="curam.util.type.Date" />
			</type>
			<derivation>
				<specified />
			</derivation>
		</Attribute>

		<Attribute name="endDate">
			<type>
				<javaclass name="curam.util.type.Date" />
			</type>
			<derivation>
				<specified />
			</derivation>
		</Attribute>

		<Attribute name="related_caseParticipantRole">
			<type>
				<ruleclass name="CaseParticipantRole"
					ruleset="CaseEntitiesRuleSet" />
			</type>
			<derivation>
				<reference attribute="caseParticipantRoleRecord">
					<create ruleclass="CaseParticipantRoleCalculator"
						ruleset="DynamicEvidenceRuleSet">
						<reference attribute="caseParticipantRole" />
					</create>
				</reference>
			</derivation>
		</Attribute>

	</Class>

</RuleSet>