<?xml version="1.0" encoding="UTF-8"?>
<!-- 64630 DEV: Implement 387-01 Add Residence based Creditable details to Foreign Engagement Case -->
<RuleSet name="BDMForeignResidencePeriodSummaryRuleSet"
  xmlns:xsi="http://www.w3.org/2001/XMLSchema-instance"
  xsi:noNamespaceSchemaLocation="http://www.curamsoftware.com/CreoleRulesSchema.xsd">

  <Class extends="DefaultEvidenceSummary"
    extendsRuleSet="EvidenceSummaryRuleSet" name="SummaryInformation">

    <Attribute name="evidence">
      <type>
        <ruleclass name="BDMForeignResidencePeriod"
          ruleset="BDMForeignResidencePeriodRuleSet" />
      </type>
      <derivation>
        <specified />
      </derivation>
    </Attribute>

    <Attribute name="summary">
      <type>
        <javaclass name="curam.creole.value.Message" />
      </type>
      <derivation>
        <ResourceMessage key="SummaryMessage"
          resourceBundle="curam.ca.gc.bdm.evidence.BDMForeignResidencePeriodSummaryRuleSet">
          <reference attribute="startDate">
            <reference attribute="evidence" />
          </reference>
          <reference attribute="endDate">
            <reference attribute="evidence" />
          </reference>
          <reference attribute="country">
            <reference attribute="evidence" />
          </reference>
        </ResourceMessage>
      </derivation>
    </Attribute>

  </Class>

</RuleSet>
