<?xml version="1.0" encoding="UTF-8"?>

<RuleSet name="BDMIncarcerationVerificationRuleSet" xmlns:xsi="http://www.w3.org/2001/XMLSchema-instance" xsi:noNamespaceSchemaLocation="../../../../../../../catalog/RuleSet.xsd">
    <Class extends="VerificationDeterminator" extendsRuleSet="VerificationRuleSet" name="BDMIncarcerationVerificationDeterminator">

        <Attribute name="displayName">
            <type>
                <javaclass name="curam.creole.value.Message"/>
            </type>
            <derivation>
                <ResourceMessage key="BDMVerification.Incarceration.DisplayName"	resourceBundle="curam.bdm.verification.BDMVerification"/>
            </derivation>
        </Attribute> 
        
        <Attribute name="determine">
            <type>
                <ruleclass	name="VerificationDeterminatorResult"	ruleset="VerificationRuleSet"/>
            </type>
            <derivation>
                <create	ruleclass="VerificationDeterminatorResult"	ruleset="VerificationRuleSet">
                    <specify attribute="result">
                        <reference attribute="isConditionalVerificationRequired"/>
                    </specify>
                    <specify attribute="reason">
                        <reference attribute="reasonSkipped"/>
                    </specify>
                </create>
            </derivation>
        </Attribute>

		<Attribute name="isConditionalVerificationRequired">
			<type>
				<javaclass name="Boolean"/>
			</type>
			<derivation>
                <call class="curam.ca.gc.bdm.creole.impl.BDMVerificationStatics" method="isIncarcerationDateChanged">
                    <type>
                        <javaclass name="Boolean"/>  
                    </type>
					<arguments>
						<reference attribute="caseID">
							<reference attribute="verificationDeterminatorParams"/>
						</reference>
						<reference attribute="evidenceDescriptorID">
							<reference attribute="verificationDeterminatorParams"/>
						</reference>
					</arguments>
				</call>
			</derivation>
		</Attribute>
        
        <Attribute name="reasonSkipped">
            <type>
                <codetableentry table="VerificationSkippedReason"/>
            </type>
            <derivation>
        		<choose>
          			<type>
            			<codetableentry table="VerificationSkippedReason"/>
          			</type>
          			<when>
            			<condition>
              				<not>
                				<reference attribute="isConditionalVerificationRequired"/>
              				</not>
            			</condition>
            			<value>
              				<Code table="VerificationSkippedReason">
                				<String value="VSR2001"/>
              				</Code>
            			</value>
          			</when>
          			<otherwise>
            			<value>
              				<Code table="VerificationSkippedReason">
                				<String value="VSR2001"/>
              				</Code>
            			</value>
          			</otherwise>
        		</choose>
            </derivation>
        </Attribute>
        
    </Class>
</RuleSet>