<RuleSet name="BDMIncarcerationRuleSet">
	<Class extends="DynamicEvidence"
		extendsRuleSet="DynamicEvidenceRuleSet" name="BDMIncarceration">
		<Attribute name="endDate">
			<Annotations />
			<type>
				<javaclass name="curam.util.type.Date" />
			</type>
			<derivation>
				<specified />
			</derivation>
		</Attribute>
		<Attribute name="institutionName">
			<Annotations />
			<type>
				<javaclass name="java.lang.String" />
			</type>
			<derivation>
				<specified />
			</derivation>
		</Attribute>
		<!-- BEGIN - User Story 21834 - add Attestation date -->
		<Attribute name="attestationDate">
			<Annotations />
			<type>
				<javaclass name="curam.util.type.Date" />
			</type>
			<derivation>
				<specified />
			</derivation>
		</Attribute>
		<!-- END - User Story 21834 - add Attestation date -->
		<!-- BEGIN: Attestation Drop Down -->
		<Attribute name="bdmAgreeAttestation">
			<Annotations />
			<type>
				<codetableentry table="BDMAgreeAttestation" />
			</type>
			<derivation>
				<specified />
			</derivation>
		</Attribute>
		<!-- END: Attestation Drop Down -->
		<Attribute name="startDate">
			<Annotations />
			<type>
				<javaclass name="curam.util.type.Date" />
			</type>
			<derivation>
				<specified />
			</derivation>
		</Attribute>
		<!-- BEGIN: Attestee Cluster -->
		<Attribute name="attesteeCaseParticipant">
			<Annotations />
			<type>
				<javaclass name="java.lang.Number" />
			</type>
			<derivation>
				<specified />
			</derivation>
		</Attribute>
		<Attribute name="related_attesteeCaseParticipant">
			<Annotations />
			<type>
				<ruleclass name="CaseParticipantRole"
					ruleset="CaseEntitiesRuleSet" />
			</type>
			<derivation>
				<reference attribute="caseParticipantRoleRecord">
					<create ruleclass="CaseParticipantRoleCalculator"
						ruleset="DynamicEvidenceRuleSet">
						<reference attribute="attesteeCaseParticipant" />
					</create>
				</reference>
			</derivation>
		</Attribute>
		<!-- END: Attestee Cluster -->
		<Attribute name="caseParticipant">
			<Annotations />
			<type>
				<javaclass name="java.lang.Number" />
			</type>
			<derivation>
				<specified />
			</derivation>
		</Attribute>
		<Attribute name="related_caseParticipant">
			<Annotations />
			<type>
				<ruleclass name="CaseParticipantRole"
					ruleset="CaseEntitiesRuleSet" />
			</type>
			<derivation>
				<reference attribute="caseParticipantRoleRecord">
					<create ruleclass="CaseParticipantRoleCalculator"
						ruleset="DynamicEvidenceRuleSet">
						<reference attribute="caseParticipant" />
					</create>
				</reference>
			</derivation>
		</Attribute>
		<!-- BEGIN 67898 DEV: Implement Incarceration Evidence  -->
		<Attribute name="offenderStatus">
			<Annotations />
			<type>
				<codetableentry table="BDMOffenderStatus" />
			</type>
			<derivation>
				<specified />
			</derivation>
		</Attribute>
		<Attribute name="offenderID">
			<Annotations />
			<type>
				<javaclass name="java.lang.String" />
			</type>
			<derivation>
				<specified />
			</derivation>
		</Attribute>
		<Attribute name="noticeDate">
			<Annotations />
			<type>
				<javaclass name="curam.util.type.Date" />
			</type>
			<derivation>
				<specified />
			</derivation>
		</Attribute>
		<Attribute name="aliases">
			<Annotations />
			<type>
				<javaclass name="java.lang.String" />
			</type>
			<derivation>
				<specified />
			</derivation>
		</Attribute>
		<Attribute name="caseParticipantRole">
			<Annotations />
			<type>
				<javaclass name="java.lang.Number" />
			</type>
			<derivation>
				<specified />
			</derivation>
		</Attribute>
		<Attribute name="related_caseParticipantRole">
			<Annotations />
			<type>
				<ruleclass name="CaseParticipantRole"
					ruleset="CaseEntitiesRuleSet" />
			</type>
			<derivation>
				<reference attribute="caseParticipantRoleRecord">
					<create ruleclass="CaseParticipantRoleCalculator"
						ruleset="DynamicEvidenceRuleSet">
						<reference attribute="caseParticipantRole" />
					</create>
				</reference>
			</derivation>
		</Attribute>
		<Attribute name="institution">
			<Annotations />
			<type>
				<javaclass name="java.lang.Number" />
			</type>
			<derivation>
				<specified />
			</derivation>
		</Attribute>
		<Attribute name="related_institution">
			<Annotations />
			<type>
				<ruleclass name="CaseParticipantRole"
					ruleset="CaseEntitiesRuleSet" />
			</type>
			<derivation>
				<reference attribute="caseParticipantRoleRecord">
					<create ruleclass="CaseParticipantRoleCalculator"
						ruleset="DynamicEvidenceRuleSet">
						<reference attribute="institution" />
					</create>
				</reference>
			</derivation>
		</Attribute>
		<!-- END 67898 DEV: Implement Incarceration Evidence  -->
	</Class>
</RuleSet>