<?xml version="1.0" encoding="UTF-8"?>
<RuleSet name="PDCNameRuleSet">
  <Class
    extends="DynamicEvidence"
    extendsRuleSet="DynamicEvidenceRuleSet"
    name="PDCName"
  >
    <Attribute name="middleName">
      <Annotations/>
      <type>
        <javaclass name="java.lang.String"/>
      </type>
      <derivation>
        <null/>
      </derivation>
    </Attribute>
    <Attribute name="lastName">
      <Annotations/>
      <type>
        <javaclass name="java.lang.String"/>
      </type>
      <derivation>
        <null/>
      </derivation>
    </Attribute>
    <Attribute name="title">
      <Annotations/>
      <type>
        <codetableentry table="PersonTitle"/>
      </type>
      <derivation>
        <null/>
      </derivation>
    </Attribute>
    <Attribute name="initials">
      <Annotations/>
      <type>
        <javaclass name="java.lang.String"/>
      </type>
      <derivation>
        <null/>
      </derivation>
    </Attribute>
    <Attribute name="firstName">
      <Annotations/>
      <type>
        <javaclass name="java.lang.String"/>
      </type>
      <derivation>
        <null/>
      </derivation>
    </Attribute>
    <Attribute name="suffix">
      <Annotations/>
      <type>
        <codetableentry table="PersonSuffix"/>
      </type>
      <derivation>
        <null/>
      </derivation>
    </Attribute>
    <Attribute name="nameType">
      <Annotations/>
      <type>
        <codetableentry table="AlternateNameType"/>
      </type>
      <derivation>
        <null/>
      </derivation>
    </Attribute>
    <Attribute name="participant">
      <Annotations/>
      <type>
        <javaclass name="java.lang.Number"/>
      </type>
      <derivation>
        <specified/>
      </derivation>
    </Attribute>
    <Attribute name="related_participant">
      <Annotations/>
      <type>
        <ruleclass
          name="CaseParticipantRole"
          ruleset="CaseEntitiesRuleSet"
        />
      </type>
      <derivation>
        <reference attribute="caseParticipantRoleRecord">
          <create
            ruleclass="CaseParticipantRoleCalculator"
            ruleset="DynamicEvidenceRuleSet"
          >
            <reference attribute="participant"/>
          </create>
        </reference>
      </derivation>
    </Attribute>
  </Class>
</RuleSet>
