<?xml version="1.0" encoding="UTF-8"?>

<RuleSet name="BDMSINIdentificationStatusVerificationRuleSet" xmlns:xsi="http://www.w3.org/2001/XMLSchema-instance" xsi:noNamespaceSchemaLocation="../../../../../../../catalog/RuleSet.xsd">
    <Class extends="VerificationDeterminator" extendsRuleSet="VerificationRuleSet" name="BDMSINIdentificationStatusVerificationDeterminator">
		<Annotations>
		  <Label label-id="BDMSINIdentificationStatusVerificationDeterminator.label.1" name="BDM SIN Integrity Rules Conditional Verification Rules Class"/>
		</Annotations>
        <Attribute name="displayName">
            <type>
                <javaclass name="curam.creole.value.Message"/>
            </type>
            <derivation>
                <ResourceMessage key="BDMVerification.IdentificationStatus.DisplayName"	resourceBundle="curam.bdm.verification.BDMVerification"/>
            </derivation>
        </Attribute> 
        
        <Attribute name="reasonSkipped">
            <type>
                <codetableentry table="VerificationSkippedReason"/>
            </type>
            <derivation>
        		<choose>
          			<type>
            			<codetableentry table="VerificationSkippedReason"/>
          			</type>
          			<when>
            			<condition>
              				<not>
                				<reference attribute="isConditionalVerificationRequired"/>
              				</not>
            			</condition>
            			<value>
              				<Code table="VerificationSkippedReason">
                				<String value="VSR2001"/>
              				</Code>
            			</value>
          			</when>
          			<otherwise>
            			<value>
              				<Code table="VerificationSkippedReason">
                				<String value="VSR2001"/>
              				</Code>
            			</value>
          			</otherwise>
        		</choose>
            </derivation>
        </Attribute>
        
        <Attribute name="determine">
            <type>
                <ruleclass	name="VerificationDeterminatorResult"	ruleset="VerificationRuleSet"/>
            </type>
            <derivation>
                <create	ruleclass="VerificationDeterminatorResult"	ruleset="VerificationRuleSet">
                    <specify attribute="result">
                        <reference attribute="isConditionalVerificationRequired"/>
                    </specify>
                    <specify attribute="reason">
                        <reference attribute="reasonSkipped"/>
                    </specify>
                </create>
            </derivation>
        </Attribute> 
		<Attribute name="isConditionalVerificationRequired">
			<Annotations>
			  <Label label-id="BDMSINIdentificationStatusVerificationDeterminator.label.2" name="BDM SIN Integrity Rules - IntegrityRule0005 - SIN Rules"/>
			</Annotations>
			<type>
				<javaclass name="Boolean"/>
			</type>
			<derivation>
				<choose>
					<type>
						<javaclass name="Boolean"/>
					</type>					
					<when>
						<condition>
							<not>
								<equals>
									<reference attribute="bdmSINIdentificationStatusRecord"/>									
									<null />
								</equals>
							</not>
            			</condition>
            			<value>
							<equals>
								<reference attribute="integrityReviewFlags">
									<reference attribute="bdmSINIdentificationStatusRecord"/>
								</reference>
								<Code table="BDMSIRCheckResult">
									<String value="BDMSCR02"/>
								</Code>
							</equals>            				
            			</value>
          			</when>
          			<otherwise>
            			<value>
              				<false/>
            			</value>
          			</otherwise>					
				</choose>				
			</derivation>
		</Attribute>
        
		<Attribute name="bdmSINIdentificationStatusRecord">
            <type>
                <ruleclass name="BDMSINIdentificationStatus" ruleset="BDMSINIdentificationStatusVerDataRuleSet"/>        
            </type>
            <derivation>
                <singleitem onMultiple="returnFirst" onEmpty="returnNull">
                    <readall ruleclass="BDMSINIdentificationStatus" ruleset="BDMSINIdentificationStatusVerDataRuleSet">
                        <match retrievedattribute="evidenceDescriptorID">
                            <reference attribute="evidenceDescriptorID">
                                <reference attribute="verificationDeterminatorParams"/>
                            </reference>
                        </match>
                    </readall>
                </singleitem>
            </derivation>
        </Attribute>        
		
    </Class>
</RuleSet>