<?xml version="1.0" encoding="UTF-8"?>
<RuleSet name="PDCAddressDataRuleSet">
  <Class
    extends="ActiveSuccessionSet"
    extendsRuleSet="PropagatorRuleSet"
    name="PDCAddress"
  >
    <Annotations>
      <SuccessionSetPopulation
        endDateAttribute="toDate"
        startDateAttribute="fromDate"
      />
    </Annotations>
    <Attribute name="fromDate">
      <Annotations/>
      <type>
        <javaclass name="curam.util.type.Date"/>
      </type>
      <derivation>
        <specified/>
      </derivation>
    </Attribute>
    <Attribute name="addressType">
      <Annotations/>
      <type>
        <codetableentry table="AddressType"/>
      </type>
      <derivation>
        <specified/>
      </derivation>
    </Attribute>
    <Attribute name="toDate">
      <Annotations/>
      <type>
        <javaclass name="curam.util.type.Date"/>
      </type>
      <derivation>
        <specified/>
      </derivation>
    </Attribute>
    <Attribute name="preferredInd">
      <Annotations/>
      <type>
        <javaclass name="java.lang.Boolean"/>
      </type>
      <derivation>
        <specified/>
      </derivation>
    </Attribute>
    <Attribute name="description">
      <type>
        <javaclass name="curam.creole.value.Message"/>
      </type>
      <derivation>
        <ResourceMessage
          key="DynamicEvidenceSuccessionSet.description"
          resourceBundle="curam.dynamicevidence.cer.rules.InfrastructureRules"
        >
          <reference attribute="successionID"/>
        </ResourceMessage>
      </derivation>
    </Attribute>
    <Attribute name="caseID">
      <Annotations/>
      <type>
        <javaclass name="java.lang.Number"/>
      </type>
      <derivation>
        <specified/>
      </derivation>
    </Attribute>
    <Attribute name="participant">
      <Annotations/>
      <type>
        <javaclass name="java.lang.Number"/>
      </type>
      <derivation>
        <specified/>
      </derivation>
    </Attribute>
    <Attribute name="related_participant">
      <Annotations/>
      <type>
        <ruleclass
          name="CaseParticipantRole"
          ruleset="CaseEntitiesRuleSet"
        />
      </type>
      <derivation>
        <reference attribute="caseParticipantRoleRecord">
          <create
            ruleclass="CaseParticipantRoleCalculator"
            ruleset="DynamicEvidenceRuleSet"
          >
            <reference attribute="participant"/>
          </create>
        </reference>
      </derivation>
    </Attribute>
    <Attribute name="address">
      <Annotations/>
      <type>
        <javaclass name="java.lang.Number"/>
      </type>
      <derivation>
        <specified/>
      </derivation>
    </Attribute>
    <Attribute name="related_address">
      <Annotations/>
      <type>
        <ruleclass
          name="Address"
          ruleset="ParticipantEntitiesRuleSet"
        />
      </type>
      <derivation>
        <reference attribute="addressRecord">
          <create
            ruleclass="AddressCalculator"
            ruleset="DynamicEvidenceRuleSet"
          >
            <reference attribute="address"/>
          </create>
        </reference>
      </derivation>
    </Attribute>
    <!-- BEGIN 60483 DEV: Address Changes -->
		<Attribute name="bdmReceivedFrom">
			<Annotations />
			<type>
				<codetableentry table="BDMReceivedFrom" />
			</type>
			<derivation>
				<specified />
			</derivation>
		</Attribute>
		<Attribute name="bdmReceivedFromCountry">
			<Annotations />
			<type>
				<codetableentry table="BDMSourceCountry" />
			</type>
			<derivation>
				<specified />
			</derivation>
		</Attribute>
		<Attribute name="bdmModeOfReceipt">
			<Annotations />
			<type>
				<codetableentry table="BDMModeOfReceipt" />
			</type>
			<derivation>
				<specified />
			</derivation>
		</Attribute>
	<!-- END 60483 DEV: Address Changes -->
  </Class>
</RuleSet>
