<?xml version="1.0" encoding="UTF-8"?>
<RuleSet
  internalID="id1354732920854"
  name="PDCContactPreferencesValidationRuleSet"
>
  <Annotations internalID="id1354732920852">
    <EditorMetadata internalID="id1354732920990">
      <folders internalID="PDCContactPreferencesValidationRuleSet1354732942886">
        <diagram
          id="ValidationResult.preCreateValidations"
          internalID="PDCContactPreferencesValidationRuleSet1354732943409"
        >
          <Annotations internalID="PDCContactPreferencesValidationRuleSet1354732943408">
            <Label
              internalID="PDCContactPreferencesValidationRuleSet1354732943407"
              label-id="PDCContactPreferencesValidationRuleSetlabelID_1354732943406"
              name=""
            />
          </Annotations>
          <Attributes internalID="PDCContactPreferencesValidationRuleSet1354732943710">
            <Attribute
              id="ValidationResult.preCreateValidations"
              internalID="PDCContactPreferencesValidationRuleSet1354732943711"
            />
          </Attributes>
        </diagram>
        <diagram
          id="ValidationResult.postCreateValidations"
          internalID="PDCContactPreferencesValidationRuleSet1354732946643"
        >
          <Annotations internalID="PDCContactPreferencesValidationRuleSet1354732946642">
            <Label
              internalID="PDCContactPreferencesValidationRuleSet1354732946641"
              label-id="PDCContactPreferencesValidationRuleSetlabelID_1354732946640"
              name=""
            />
          </Annotations>
          <Attributes internalID="PDCContactPreferencesValidationRuleSet1354732946995">
            <Attribute
              id="ValidationResult.postCreateValidations"
              internalID="PDCContactPreferencesValidationRuleSet1354732947455"
            />
          </Attributes>
        </diagram>
        <diagram
          id="ValidationResult.singletonEvidenceCheck"
          internalID="PDCContactPreferencesValidationRuleSet1354733068545"
        >
          <Annotations internalID="PDCContactPreferencesValidationRuleSet1354733068544">
            <Label
              internalID="PDCContactPreferencesValidationRuleSet1354733068543"
              label-id="PDCContactPreferencesValidationRuleSetlabelID_1354733068542"
              name=""
            />
          </Annotations>
          <Attributes internalID="PDCContactPreferencesValidationRuleSet1354733069073">
            <Attribute
              id="ValidationResult.singletonEvidenceCheck"
              internalID="PDCContactPreferencesValidationRuleSet1354733070394"
            />
          </Attributes>
        </diagram>
        <diagram
          id="ValidationResult.contactPreferenceEvidence"
          internalID="PDCContactPreferencesValidationRuleSet1354733073466"
        >
          <Annotations internalID="PDCContactPreferencesValidationRuleSet1354733073465">
            <Label
              internalID="PDCContactPreferencesValidationRuleSet1354733073464"
              label-id="PDCContactPreferencesValidationRuleSetlabelID_1354733073463"
              name=""
            />
          </Annotations>
          <Attributes internalID="PDCContactPreferencesValidationRuleSet1354733074240">
            <Attribute
              id="ValidationResult.contactPreferenceEvidence"
              internalID="PDCContactPreferencesValidationRuleSet1354733074241"
            />
          </Attributes>
        </diagram>
        <diagram
          id="ValidationResult.participantContactPreferenceEvidence"
          internalID="PDCContactPreferencesValidationRuleSet1354733164628"
        >
          <Annotations internalID="PDCContactPreferencesValidationRuleSet1354733164627">
            <Label
              internalID="PDCContactPreferencesValidationRuleSet1354733164626"
              label-id="PDCContactPreferencesValidationRuleSetlabelID_1354733164625"
              name=""
            />
          </Annotations>
          <Attributes internalID="PDCContactPreferencesValidationRuleSet1354733164850">
            <Attribute
              id="ValidationResult.participantContactPreferenceEvidence"
              internalID="PDCContactPreferencesValidationRuleSet1354733164851"
            />
          </Attributes>
        </diagram>
        <diagram
          id="ValidationResult.doesContactPreferenceEvidenceExist"
          internalID="PDCContactPreferencesValidationRuleSet1354733474548"
        >
          <Annotations internalID="PDCContactPreferencesValidationRuleSet1354733474547">
            <Label
              internalID="PDCContactPreferencesValidationRuleSet1354733474546"
              label-id="PDCContactPreferencesValidationRuleSetlabelID_1354733474545"
              name=""
            />
          </Annotations>
          <Attributes internalID="PDCContactPreferencesValidationRuleSet1354733475638">
            <Attribute
              id="ValidationResult.doesContactPreferenceEvidenceExist"
              internalID="PDCContactPreferencesValidationRuleSet1354733477628"
            />
          </Attributes>
        </diagram>
        <diagram
          id="ValidationResult.standardValidations"
          internalID="PDCContactPreferencesValidationRuleSet1355753093917"
        >
          <Annotations internalID="PDCContactPreferencesValidationRuleSet1355753093900">
            <Label
              internalID="PDCContactPreferencesValidationRuleSet1355753093899"
              label-id="PDCContactPreferencesValidationRuleSetlabelID_1355753093898"
              name="standardValidations"
            />
          </Annotations>
          <Attributes internalID="PDCContactPreferencesValidationRuleSet1355753094044">
            <Attribute
              id="ValidationResult.standardValidations"
              internalID="PDCContactPreferencesValidationRuleSet1355753094045"
            />
          </Attributes>
        </diagram>
        <diagram
          id="ValidationResult.detailsValidations"
          internalID="PDCContactPreferencesValidationRuleSet1355753096783"
        >
          <Annotations internalID="PDCContactPreferencesValidationRuleSet1355753096782">
            <Label
              internalID="PDCContactPreferencesValidationRuleSet1355753096781"
              label-id="PDCContactPreferencesValidationRuleSetlabelID_1355753096780"
              name="detailsValidations"
            />
          </Annotations>
          <Attributes internalID="PDCContactPreferencesValidationRuleSet1355753096832">
            <Attribute
              id="ValidationResult.detailsValidations"
              internalID="PDCContactPreferencesValidationRuleSet1355753096833"
            />
          </Attributes>
        </diagram>
        <diagram
          id="ValidationResult.preModifyValidations"
          internalID="PDCContactPreferencesValidationRuleSet1355753104232"
        >
          <Annotations internalID="PDCContactPreferencesValidationRuleSet1355753104231">
            <Label
              internalID="PDCContactPreferencesValidationRuleSet1355753104230"
              label-id="PDCContactPreferencesValidationRuleSetlabelID_1355753104229"
              name="preModifyValidations"
            />
          </Annotations>
          <Attributes internalID="PDCContactPreferencesValidationRuleSet1355753104284">
            <Attribute
              id="ValidationResult.preModifyValidations"
              internalID="PDCContactPreferencesValidationRuleSet1355753104285"
            />
          </Attributes>
        </diagram>
        <diagram
          id="ValidationResult.effectiveDateAfterDOBValidation"
          internalID="PDCContactPreferencesValidationRuleSet1355753113793"
        >
          <Annotations internalID="PDCContactPreferencesValidationRuleSet1355753113792">
            <Label
              internalID="PDCContactPreferencesValidationRuleSet1355753113791"
              label-id="PDCContactPreferencesValidationRuleSetlabelID_1355753113790"
              name="effectiveDateAfterDOBValidation"
            />
          </Annotations>
          <Attributes internalID="PDCContactPreferencesValidationRuleSet1355753113934">
            <Attribute
              id="ValidationResult.effectiveDateAfterDOBValidation"
              internalID="PDCContactPreferencesValidationRuleSet1355753114555"
            />
          </Attributes>
        </diagram>
        <diagram
          id="ValidationResult.effectiveDate"
          internalID="PDCContactPreferencesValidationRuleSet1355753621994"
        >
          <Annotations internalID="PDCContactPreferencesValidationRuleSet1355753621993">
            <Label
              internalID="PDCContactPreferencesValidationRuleSet1355753621992"
              label-id="PDCContactPreferencesValidationRuleSetlabelID_1355753621991"
              name="effectiveDate"
            />
          </Annotations>
          <Attributes internalID="PDCContactPreferencesValidationRuleSet1355753622043">
            <Attribute
              id="ValidationResult.effectiveDate"
              internalID="PDCContactPreferencesValidationRuleSet1355753622044"
            />
          </Attributes>
        </diagram>
        <diagram
          id="ValidationResult.postModifyValidations"
          internalID="PDCContactPreferencesValidationRuleSet1355753858756"
        >
          <Annotations internalID="PDCContactPreferencesValidationRuleSet1355753858739">
            <Label
              internalID="PDCContactPreferencesValidationRuleSet1355753858738"
              label-id="PDCContactPreferencesValidationRuleSetlabelID_1355753858737"
              name="postModifyValidations"
            />
          </Annotations>
          <Attributes internalID="PDCContactPreferencesValidationRuleSet1355753858824">
            <Attribute
              id="ValidationResult.postModifyValidations"
              internalID="PDCContactPreferencesValidationRuleSet1355753858825"
            />
          </Attributes>
        </diagram>
      </folders>
    </EditorMetadata>
  </Annotations>
  <Class
    extends="DefaultEvidenceValidationResult"
    extendsRuleSet="EvidenceValidationRuleSet"
    internalID="id1354732920855"
    name="ValidationResult"
  >
    <Attribute
      internalID="id1354732920856"
      name="evidence"
    >
      <type internalID="id1354732920857">
        <ruleclass
          internalID="id1354732920858"
          name="PDCContactPreferences"
          ruleset="PDCContactPreferencesRuleSet"
        />
      </type>
      <derivation internalID="id1354732920859">
        <specified internalID="id1354732920860"/>
      </derivation>
    </Attribute>
    <Attribute
      internalID="id1355753083258"
      name="description"
    >
      <type internalID="id1355753083259">
        <javaclass
          internalID="id1355753083260"
          name="curam.creole.value.Message"
        />
      </type>
      <derivation internalID="id1355753083261">
        <ResourceMessage
          internalID="id1355753083262"
          key="PDCContactPreferencesValidationResult.description"
          resourceBundle="curam.pdc.rules.PDCContactPreferencesValidationRuleSet"
        >
          <reference
            attribute="concernRoleName"
            internalID="id1355753083263"
          >
            <reference
              attribute="concernRoleRecord"
              internalID="id1355753083264"
            />
          </reference>
        </ResourceMessage>
      </derivation>
    </Attribute>
    <Attribute
      internalID="id1354732920861"
      name="standardValidations"
    >
      <type internalID="id1354732920862">
        <javaclass
          internalID="id1354732920863"
          name="java.util.List"
        >
          <ruleclass
            internalID="id1354732920864"
            name="Validation"
            ruleset="EvidenceValidationRuleSet"
          />
        </javaclass>
      </type>
      <derivation internalID="id1354732920865">
        <null internalID="id1354732920866"/>
      </derivation>
    </Attribute>
    <Attribute
      internalID="id1354732920867"
      name="detailsValidations"
    >
      <type internalID="id1354732920868">
        <javaclass
          internalID="id1354732920869"
          name="java.util.List"
        >
          <ruleclass
            internalID="id1354732920870"
            name="Validation"
            ruleset="EvidenceValidationRuleSet"
          />
        </javaclass>
      </type>
      <derivation internalID="id1354732920871">
        <null internalID="id1354732920872"/>
      </derivation>
    </Attribute>
    <Attribute
      internalID="id1354732920873"
      name="preCreateValidations"
    >
      <type internalID="id1354732920874">
        <javaclass
          internalID="PDCContactPreferencesValidationRuleSet1354733003432"
          name="List"
        >
          <ruleclass
            internalID="PDCContactPreferencesValidationRuleSet1354732975990"
            name="Validation"
            ruleset="EvidenceValidationRuleSet"
          />
        </javaclass>
      </type>
      <derivation internalID="id1354732920877">
        <fixedlist internalID="PDCContactPreferencesValidationRuleSet1354733043429">
          <listof internalID="PDCContactPreferencesValidationRuleSet1354733043430">
            <ruleclass
              internalID="PDCContactPreferencesValidationRuleSet1354733043432"
              name="Validation"
              ruleset="EvidenceValidationRuleSet"
            />
          </listof>
          <members internalID="PDCContactPreferencesValidationRuleSet1354733043431">
            <reference
              attribute="singletonEvidenceCheck"
              internalID="PDCContactPreferencesValidationRuleSet1354733053657"
            />
          </members>
        </fixedlist>
      </derivation>
    </Attribute>
    <Attribute
      internalID="id1354732920879"
      name="preModifyValidations"
    >
      <type internalID="id1354732920880">
        <javaclass
          internalID="id1354732920881"
          name="java.util.List"
        >
          <ruleclass
            internalID="id1354732920882"
            name="Validation"
            ruleset="EvidenceValidationRuleSet"
          />
        </javaclass>
      </type>
      <derivation>
        <null/>
      </derivation>
    </Attribute>
    <Attribute
      internalID="id1354732920885"
      name="postCreateValidations"
    >
      <type internalID="id1354732920886">
        <javaclass
          internalID="id1354732920887"
          name="List"
        >
          <ruleclass
            internalID="id1354732920888"
            name="Validation"
            ruleset="EvidenceValidationRuleSet"
          />
        </javaclass>
      </type>
      <derivation internalID="id1354732920889">
        <fixedlist internalID="id1354732920890">
          <listof internalID="id1354732920891">
            <ruleclass
              internalID="id1354732920892"
              name="Validation"
              ruleset="EvidenceValidationRuleSet"
            />
          </listof>
          <members internalID="id1354732920893">
            <reference
              attribute="createDuplicateClientValidation"
              internalID="id1354732920894"
            />
          </members>
        </fixedlist>
      </derivation>
    </Attribute>
    <Attribute
      internalID="id1354732920896"
      name="postModifyValidations"
    >
      <type internalID="id1354732920897">
        <javaclass
          internalID="id1354732920898"
          name="List"
        >
          <ruleclass
            internalID="id1354732920899"
            name="Validation"
            ruleset="EvidenceValidationRuleSet"
          />
        </javaclass>
      </type>
      <derivation internalID="id1354732920900">
        <fixedlist internalID="id1354732920901">
          <listof internalID="id1354732920902">
            <ruleclass
              internalID="id1354732920903"
              name="Validation"
              ruleset="EvidenceValidationRuleSet"
            />
          </listof>
          <members internalID="id1354732920904">
            <reference
              attribute="modifyDuplicateClientValidation"
              internalID="id1354732920905"
            />
            <reference
              attribute="effectiveDateAfterDOBValidation"
              internalID="PDCContactPreferencesValidationRuleSet1355753868516"
            />
          </members>
        </fixedlist>
      </derivation>
    </Attribute>
    <Attribute
      internalID="id1354732920906"
      name="duplicateCheck"
    >
      <type internalID="id1354732920907">
        <ruleclass
          internalID="id1354732920908"
          name="DuplicateClientCheck"
          ruleset="PDCDuplicateClientValidationRuleSet"
        />
      </type>
      <derivation internalID="id1354732920909">
        <create
          internalID="id1354732920910"
          ruleclass="DuplicateClientCheck"
          ruleset="PDCDuplicateClientValidationRuleSet"
        >
          <specify
            attribute="concernRoleID"
            internalID="id1354732920911"
          >
            <reference
              attribute="participantRoleID"
              internalID="id1354732920912"
            >
              <reference
                attribute="related_participant"
                internalID="id1354732920913"
              >
                <reference
                  attribute="evidence"
                  internalID="id1354732920914"
                />
              </reference>
            </reference>
          </specify>
        </create>
      </derivation>
    </Attribute>
    <Attribute
      internalID="id1354732920915"
      name="modifyDuplicateClientValidation"
    >
      <type internalID="id1354732920916">
        <ruleclass
          internalID="id1354732920917"
          name="Validation"
          ruleset="EvidenceValidationRuleSet"
        />
      </type>
      <derivation internalID="id1354732920918">
        <create
          internalID="id1354732920919"
          ruleclass="Validation"
          ruleset="EvidenceValidationRuleSet"
        >
          <reference
            attribute="isConcernRoleDuplicate"
            internalID="id1354732920920"
          >
            <reference
              attribute="duplicateCheck"
              internalID="id1354732920921"
            />
          </reference>
          <ResourceMessage
            internalID="id1354732920922"
            key="ERR_CONTACT_PREFS_XRV_DUPLICATE_CLIENT_MODIFY"
            resourceBundle="curam.pdc.rules.PDCContactPreferencesValidationRuleSet"
          />
        </create>
      </derivation>
    </Attribute>
    <Attribute
      internalID="id1354732920923"
      name="createDuplicateClientValidation"
    >
      <type internalID="id1354732920924">
        <ruleclass
          internalID="id1354732920925"
          name="Validation"
          ruleset="EvidenceValidationRuleSet"
        />
      </type>
      <derivation internalID="id1354732920926">
        <create
          internalID="id1354732920927"
          ruleclass="Validation"
          ruleset="EvidenceValidationRuleSet"
        >
          <reference
            attribute="isConcernRoleDuplicate"
            internalID="id1354732920928"
          >
            <reference
              attribute="duplicateCheck"
              internalID="id1354732920929"
            />
          </reference>
          <ResourceMessage
            internalID="id1354732920930"
            key="ERR_CONTACT_PREFS_XRV_DUPLICATE_CLIENT_CREATE"
            resourceBundle="curam.pdc.rules.PDCContactPreferencesValidationRuleSet"
          />
        </create>
      </derivation>
    </Attribute>
    <Attribute
      internalID="id1354732920931"
      name="caseID"
    >
      <type internalID="id1354732920932">
        <javaclass
          internalID="id1354732920933"
          name="Number"
        />
      </type>
      <derivation internalID="id1354732920934">
        <reference
          attribute="caseID"
          internalID="id1354732920935"
        >
          <reference
            attribute="evidence"
            internalID="id1354732920936"
          />
        </reference>
      </derivation>
    </Attribute>
    <Attribute
      internalID="id1354732920937"
      name="singletonEvidenceCheck"
    >
      <type internalID="id1354732920938">
        <ruleclass
          internalID="id1354732920939"
          name="Validation"
          ruleset="EvidenceValidationRuleSet"
        />
      </type>
      <derivation internalID="id1354732920940">
        <create
          internalID="id1354732920941"
          ruleclass="Validation"
          ruleset="EvidenceValidationRuleSet"
        >
          <reference
            attribute="doesContactPreferenceEvidenceExist"
            internalID="id1354732920942"
          />
          <ResourceMessage
            internalID="id1354732920943"
            key="ERR_CONTACT_PREFS_SINGLETON_VIOLATION"
            resourceBundle="curam.pdc.rules.PDCContactPreferencesValidationRuleSet"
          />
        </create>
      </derivation>
    </Attribute>
    
   
    <Attribute
      internalID="id1354732920946"
      name="doesContactPreferenceEvidenceExist"
    >
      <type internalID="id1354732920947">
        <javaclass
          internalID="id1354732920948"
          name="Boolean"
        />
      </type>
      <derivation internalID="id1354732920949">
        <compare
          comparison="&gt;"
          internalID="PDCContactPreferencesValidationRuleSet1354733489152"
        >
          <Annotations internalID="PDCContactPreferencesValidationRuleSet1354733489151">
            <Label
              internalID="PDCContactPreferencesValidationRuleSet1354733489150"
              label-id="PDCContactPreferencesValidationRuleSetlabelID_1354733489149"
              name=""
            />
          </Annotations>
          <property
            internalID="PDCContactPreferencesValidationRuleSet1354733501740"
            name="size"
          >
            <object internalID="PDCContactPreferencesValidationRuleSet1354733501741">
              <reference
                attribute="participantContactPreferenceEvidence"
                internalID="PDCContactPreferencesValidationRuleSet1354733513300"
              />
            </object>
          </property>
          <Number
            internalID="PDCContactPreferencesValidationRuleSet1354733519753"
            value="0"
          />
        </compare>
      </derivation>
    </Attribute>
    <Attribute
      internalID="id1354732920966"
      name="contactPreferenceEvidence"
    >
      <type internalID="id1354732920967">
        <javaclass
          internalID="id1354732920968"
          name="List"
        >
          <ruleclass
            internalID="id1354732920969"
            name="ContactPreferenceEvidence"
            ruleset="ParticipantEvidenceRuleSet"
          />
        </javaclass>
      </type>
      <derivation internalID="id1354732920970">
        <readall
          internalID="id1354732920971"
          ruleclass="ContactPreferenceEvidence"
          ruleset="ParticipantEvidenceRuleSet"
        >
          <match retrievedattribute="caseID">
            <reference attribute="evidenceCaseID"/>
          </match>
        </readall>
      </derivation>
    </Attribute>
    <Attribute
      internalID="id1354732920974"
      name="concernRoleRecord"
    >
      <type internalID="id1354732920975">
        <ruleclass
          internalID="id1354732920976"
          name="ConcernRole"
          ruleset="ParticipantEntitiesRuleSet"
        />
      </type>
      <derivation internalID="id1354732920977">
        <singleitem
          internalID="id1354732920978"
          onEmpty="error"
          onMultiple="error"
        >
          <readall
            internalID="id1354732920979"
            ruleclass="ConcernRole"
            ruleset="ParticipantEntitiesRuleSet"
          >
            <match
              internalID="id1354732920980"
              retrievedattribute="concernRoleID"
            >
              <reference
                attribute="participantRoleID"
                internalID="id1354732920981"
              >
                <reference
                  attribute="related_participant"
                  internalID="id1354732920982"
                >
                  <reference
                    attribute="evidence"
                    internalID="id1354732920983"
                  />
                </reference>
              </reference>
            </match>
          </readall>
        </singleitem>
      </derivation>
    </Attribute>
    <Attribute
      internalID="id1354732920984"
      name="evidenceSuccessionID"
    >
      <type internalID="id1354732920985">
        <javaclass
          internalID="id1354732920986"
          name="Number"
        />
      </type>
      <derivation internalID="id1354732920987">
        <reference
          attribute="successionID"
          internalID="id1354732920988"
        >
          <reference
            attribute="evidence"
            internalID="id1354732920989"
          />
        </reference>
      </derivation>
    </Attribute>
    <Attribute name="evidenceCaseID">
      <type>
        <javaclass name="Number"/>
      </type>
      <derivation>
        <reference attribute="caseID">
          <reference attribute="evidence"/>
        </reference>
      </derivation>
    </Attribute>
    <Attribute
      internalID="PDCContactPreferencesValidationRuleSet1354733133858"
      name="participantContactPreferenceEvidence"
    >
      <type internalID="PDCContactPreferencesValidationRuleSet1354733133859">
        <javaclass
          internalID="PDCContactPreferencesValidationRuleSet1354733161493"
          name="List"
        >
          <ruleclass
            internalID="PDCContactPreferencesValidationRuleSet1354733161492"
            name="ContactPreferenceEvidence"
            ruleset="ParticipantEvidenceRuleSet"
          />
        </javaclass>
      </type>
      <derivation internalID="PDCContactPreferencesValidationRuleSet1354733133877">
        <filter internalID="PDCContactPreferencesValidationRuleSet1354733170517">
          <list internalID="PDCContactPreferencesValidationRuleSet1354733170518">
            <reference
              attribute="contactPreferenceEvidence"
              internalID="PDCContactPreferencesValidationRuleSet1354733178969"
            />
          </list>
          <listitemexpression internalID="PDCContactPreferencesValidationRuleSet1354733170519">
            <all internalID="PDCContactPreferencesValidationRuleSet1354733226688">
              <fixedlist internalID="PDCContactPreferencesValidationRuleSet1354733226689">
                <listof internalID="PDCContactPreferencesValidationRuleSet1354733226690">
                  <javaclass
                    internalID="PDCContactPreferencesValidationRuleSet1354733226691"
                    name="Boolean"
                  />
                </listof>
                <members internalID="PDCContactPreferencesValidationRuleSet1354733226692">
                  <equals internalID="PDCContactPreferencesValidationRuleSet1354733348028">
                    <Annotations internalID="PDCContactPreferencesValidationRuleSet1354733348027">
                      <Label
                        internalID="PDCContactPreferencesValidationRuleSet1354733348026"
                        label-id="PDCContactPreferencesValidationRuleSetlabelID_1354733290405"
                        name=""
                      />
                    </Annotations>
                    <reference
                      attribute="participantRoleID"
                      internalID="PDCContactPreferencesValidationRuleSet1354733341051"
                    >
                      <reference
                        attribute="related_participant"
                        internalID="PDCContactPreferencesValidationRuleSet1354733341052"
                      >
                        <reference
                          attribute="evidence"
                          internalID="PDCContactPreferencesValidationRuleSet1354733341053"
                        />
                      </reference>
                    </reference>
                    <reference
                      attribute="participantRoleID"
                      internalID="PDCContactPreferencesValidationRuleSet1354733372862"
                    >
                      <reference
                        attribute="related_participant"
                        internalID="PDCContactPreferencesValidationRuleSet1354733372863"
                      >
                        <current internalID="PDCContactPreferencesValidationRuleSet1354733372864"/>
                      </reference>
                    </reference>
                  </equals>
                  <not internalID="PDCContactPreferencesValidationRuleSet1354733296060">
                    <equals internalID="PDCContactPreferencesValidationRuleSet1354733461315">
                      <Annotations internalID="PDCContactPreferencesValidationRuleSet1354733461314">
                        <Label
                          internalID="PDCContactPreferencesValidationRuleSet1354733461313"
                          label-id="PDCContactPreferencesValidationRuleSetlabelID_1354733400652"
                          name=""
                        />
                      </Annotations>
                      <reference
                        attribute="evidenceSuccessionID"
                        internalID="PDCContactPreferencesValidationRuleSet1354733427306"
                      />
                      <reference
                        attribute="successionID"
                        internalID="PDCContactPreferencesValidationRuleSet1354733452455"
                      >
                        <current internalID="PDCContactPreferencesValidationRuleSet1354733452456"/>
                      </reference>
                    </equals>
                  </not>
                </members>
              </fixedlist>
            </all>
          </listitemexpression>
        </filter>
      </derivation>
    </Attribute>
    <Attribute
      internalID="id1355753083270"
      name="effectiveDateAfterDOBValidation"
    >
      <type internalID="id1355753083271">
        <ruleclass
          internalID="id1355753083272"
          name="Validation"
          ruleset="EvidenceValidationRuleSet"
        />
      </type>
      <derivation internalID="id1355753083273">
        <create
          internalID="id1355753083274"
          ruleclass="Validation"
          ruleset="EvidenceValidationRuleSet"
        >
          <choose internalID="id1355753083275">
            <type internalID="id1355753083276">
              <javaclass
                internalID="id1355753083277"
                name="Boolean"
              />
            </type>
            <when internalID="id1355753083278">
              <condition internalID="id1355753083279">
                <all internalID="id1355753083280">
                  <fixedlist internalID="id1355753083281">
                    <listof internalID="id1355753083282">
                      <javaclass
                        internalID="id1355753083283"
                        name="Boolean"
                      />
                    </listof>
                    <members internalID="id1355753083284">
                      <not internalID="id1355753083285">
                        <equals internalID="id1355753083286">
                          <reference
                            attribute="dateOfBirth"
                            internalID="id1355753083287"
                          />
                          <null internalID="id1355753083288"/>
                        </equals>
                      </not>
                      <not internalID="id1355753083289">
                        <equals internalID="id1355753083290">
                          <reference
                            attribute="effectiveDate"
                            internalID="id1355753083291"
                          />
                          <null/>
                        </equals>
                      </not>
                    </members>
                  </fixedlist>
                </all>
              </condition>
              <value internalID="id1355753083293">
                <compare
                  comparison="&gt;"
                  internalID="id1355753083294"
                >
                  <reference
                    attribute="dateOfBirth"
                    internalID="id1355753083295"
                  />
                  <reference
                    attribute="effectiveDate"
                    internalID="id1355753083296"
                  />
                </compare>
              </value>
            </when>
            <otherwise internalID="id1355753083297">
              <value internalID="id1355753083298">
                <false internalID="id1355753083299"/>
              </value>
            </otherwise>
          </choose>
          <ResourceMessage
            internalID="id1355753083300"
            key="ERR_CONTACT_PREFS_XRV_EFFECTIVE_DATE_DOB"
            resourceBundle="curam.pdc.rules.PDCContactPreferencesValidationRuleSet"
          >
            <reference
              attribute="concernRoleName"
              internalID="id1355753083301"
            >
              <reference
                attribute="concernRoleRecord"
                internalID="id1355753083302"
              />
            </reference>
            <reference
              attribute="dateOfBirth"
              internalID="id1355753083303"
            />
          </ResourceMessage>
        </create>
      </derivation>
    </Attribute>
    <Attribute
      internalID="id1355753083304"
      name="dateOfBirth"
    >
      <type internalID="id1355753083305">
        <javaclass
          internalID="id1355753083306"
          name="curam.util.type.Date"
        />
      </type>
      <derivation internalID="id1355753083307">
        <choose internalID="id1355753083308">
          <type internalID="id1355753083309">
            <javaclass
              internalID="id1355753083310"
              name="curam.util.type.Date"
            />
          </type>
          <when internalID="id1355753083311">
            <condition internalID="id1355753083312">
              <not internalID="id1355753083313">
                <equals internalID="id1355753083314">
                  <reference
                    attribute="birthAndDeathEvidenceForClient"
                    internalID="id1355753083315"
                  />
                  <null internalID="id1355753083316"/>
                </equals>
              </not>
            </condition>
            <value internalID="id1355753083317">
              <reference
                attribute="dateOfBirth"
                internalID="id1355753083318"
              >
                <reference
                  attribute="birthAndDeathEvidenceForClient"
                  internalID="id1355753083319"
                />
              </reference>
            </value>
          </when>
          <otherwise internalID="id1355753083320">
            <value internalID="id1355753083321">
              <null internalID="id1355753083322"/>
            </value>
          </otherwise>
        </choose>
      </derivation>
    </Attribute>
    <Attribute
      internalID="id1355753083323"
      name="effectiveDate"
    >
      <type internalID="id1355753083324">
        <javaclass
          internalID="id1355753083325"
          name="curam.util.type.Date"
        />
      </type>
      <derivation internalID="id1355753083326">
        <reference
          attribute="effectiveFrom"
          internalID="id1355753083327"
        >
          <reference
            attribute="evidence"
            internalID="id1355753083328"
          />
        </reference>
      </derivation>
    </Attribute>
    <Attribute
      internalID="id1355145600668"
      name="birthAndDeathEvidence"
    >
      <type>
        <javaclass name="List">
          <ruleclass
            name="BirthAndDeathEvidence"
            ruleset="ParticipantEvidenceRuleSet"
          />
        </javaclass>
      </type>
      <derivation internalID="id1355145600671">
        <readall
          internalID="id1355145600673"
          ruleclass="BirthAndDeathEvidence"
          ruleset="ParticipantEvidenceRuleSet"
        >
          <match
            internalID="id1355145600674"
            retrievedattribute="caseID"
          >
            <reference
              attribute="caseID"
              internalID="id1355145600675"
            />
          </match>
        </readall>
      </derivation>
    </Attribute>
     <Attribute name="birthAndDeathEvidenceForClient">
      <type>
        <ruleclass
          name="BirthAndDeathEvidence"
          ruleset="ParticipantEvidenceRuleSet"
        />
      </type>
      <derivation>
        <singleitem
          onEmpty="returnNull"
          onMultiple="returnFirst"
        >
          <filter>
            <list>
              <reference attribute="birthAndDeathEvidence"/>
            </list>
            <listitemexpression>
              <all>
                <fixedlist>
                  <listof>
                    <javaclass name="Boolean"/>
                  </listof>
                  <members>
                    <not>
                      <equals>
                        <reference attribute="evidenceSuccessionID"/>
                        <reference attribute="successionID">
                          <current/>
                        </reference>
                      </equals>
                    </not>
                    <equals>
                      <reference attribute="participantRoleID">
                        <reference attribute="related_participant">
                          <reference attribute="evidence"/>
                        </reference>
                      </reference>
                      <reference attribute="participantRoleID">
                        <reference attribute="related_person">
                          <current/>
                        </reference>
                      </reference>
                    </equals>
                  </members>
                </fixedlist>
              </all>
            </listitemexpression>
          </filter>
        </singleitem>
      </derivation>
    </Attribute>
  </Class>
</RuleSet>
