<EvidenceTypeVersion modifiable="true">
  <Model>
    <Attributes>
      <Attribute>
        <RelatedCPAttribute cpRoleType="MEM" name="caseParticipant" mandatory="true" participantType="Person"/>
      </Attribute>
      <Attribute>
        <DataAttribute name="percentageValue">
          <DomainType dataType="Integer"/>
        </DataAttribute>
      </Attribute>
      <Attribute>
        <DataAttribute name="amount">
          <DomainType dataType="Money"/>
        </DataAttribute>
      </Attribute>
      <Attribute>
        <DataAttribute mandatory="true" name="startDate">
          <DomainType dataType="Date"/>
        </DataAttribute>
      </Attribute>
      <Attribute>
        <DataAttribute name="endDate">
          <DomainType dataType="Date"/>
        </DataAttribute>
      </Attribute>
      <Attribute>
        <DataAttribute name="voluntaryTaxWithholdType"  mandatory="true">
          <DomainType dataType="Codetable">
            <CodetableOptions codetableName="BDMVTWType"/>
          </DomainType>
        </DataAttribute>
      </Attribute>
      <Attribute>
        <CommentsAttribute name="comments"/>
      </Attribute>
    </Attributes>
    <Relationships/>
  </Model>
 <Validations>
    <PatternValidations>
      <Validator>
        <ComparisonValidator operator="LessThanOrEqualTo" shallow="false" source="startDate" target="endDate" useClause="false" useLiteral="false"/>
      </Validator>
     </PatternValidations>
      <CustomRulesValidation ruleSetName="BDMVoluntaryTaxWithholdValidationRuleSet"/>
  </Validations>
  
  <SummaryInformation>
    <SummaryRuleset ruleSetName="BDMVoluntaryTaxWithholdSummaryRuleSet"/>
  </SummaryInformation>
  
  <UserInterface>
    <Cluster>
      <RelCPCluster defaultToBlank="false" enableMultiMemberUpdates="false" fullCreateParticipant="false" isOnCreatePage="true" isOnModifyPage="true" isOnViewPage="true" modifyOption="no" showParticipantTypeFilter="true" useSingleName="false">
        <StandardField source="caseParticipant" modifiable="false"/>
        <ClusterName id="Related.Participant.Cluster.ID4"/>
        <LabelName id="Name.Label.ID4"/>
        <RelCpPfx id="Participant.Description.ID4"/>
        <FirstName id="First.Name.Label.ID4"/>
        <SecondName id="Second.Name.Label.ID4"/>
      </RelCPCluster>
    </Cluster>
    <Cluster>
      <StandardCluster isOnCreatePage="true" isOnModifyPage="true" isOnViewPage="true" labelWidth="40" numberOfColumns="2">
        <Title id="Cluster.Title.ID1"/>
        <StandardClusterField>
          <StandardField modifiable="false" source="voluntaryTaxWithholdType" useBlank="true">
            <Label id="Field.Label.ID5"/>
          </StandardField>
        </StandardClusterField>
        <StandardClusterField>
          <SkipField/>
        </StandardClusterField>
        <StandardClusterField>
          <StandardField modifiable="true" source="percentageValue">
            <Label id="Field.Label.ID1"/>
          </StandardField>
        </StandardClusterField>
        <StandardClusterField>
          <StandardField modifiable="true" source="amount">
            <Label id="Field.Label.ID2"/>
          </StandardField>
        </StandardClusterField>
        <StandardClusterField>
          <StandardField modifiable="true" source="startDate" useDefault="true">
            <Label id="Field.Label.ID3"/>
          </StandardField>
        </StandardClusterField>
        <StandardClusterField>
          <StandardField modifiable="true" source="endDate">
            <Label id="Field.Label.ID4"/>
          </StandardField>
        </StandardClusterField>
      </StandardCluster>
    </Cluster>
    <Cluster>
      <CommentsCluster isOnCreatePage="true" isOnModifyPage="true" isOnViewPage="true">
        <Title id="Comments.Cluster.Title.ID3"/>
        <StandardField source="comments"/>
      </CommentsCluster>
    </Cluster>
  </UserInterface>
</EvidenceTypeVersion>