<?xml version="1.0" encoding="UTF-8"?>

<messages package="curam.ca.gc.bdm.message">
  <message name="INF_PROCESS_PAYMENT_RESPONSE_SUB">
    <locale language="en">Report from Process Payment Response batch job run on %1s at %2s.</locale>
  </message>
  <message name="ERR_CHUNKS_SKIPPED">
    <locale language="en">WARNING: %1n chunks of data were not processed by this batch program, payments for up to %2n Payment Instruments will not have been processed.</locale>
  </message>
  <message name="INF_PAYMENT_INSTRUMENTS_PROCESSED">
    <locale language="en">Total number of Payment Instruments processed: %1n</locale>
  </message>
  <message name="INF_PAYMENT_INSTRUMENTS_SKIPPED">
    <locale language="en">Total number of Payment Instruments skipped: %1n</locale>
  </message>
  <message name="INF_PROCESS_PAYMENT_RESPONSE">
    <locale language="en">Process Payment Response</locale>
  </message>
  <message name="INF_PROCESS_CANCELLED_PAYMENTS">
    <locale language="en">Process Cancelled Payments</locale>
  </message>  
  <message name="INF_PROCESS_CANCELLED_PAYMENTS_SUB">
    <locale language="en">Report from Process Cancelled Payments batch job run on %1s at %2s.</locale>
  </message>  
</messages>