<?xml version="1.0" encoding="UTF-8"?>
<messages package="curam.ca.gc.bdm.message">
  <message name="ERR_USERID_MUST_BE_ENTERED">
    <locale language="en">UserID must be entered.</locale>
  </message>
  <message name="ERR_COMMUNITY_MUST_BE_ENTERED">
    <locale language="en">Community must be entered.</locale>
  </message>
  <message name="ERR_TO_RECIPIENT_MANDATORY">
    <locale language="en">The Select Recipient “To” section is mandatory. Please select a recipient.</locale>
  </message>
  <message name="ERR_ONLY_ONE_TO_RECIPIENT_ALLOWED">
    <locale language="en">Please select only one recipient for "To" and one for "CC" section.</locale>
  </message>
  <message name="ERR_CANNOT_SAME_INDIVIDUAL">
    <locale language="en">Cannot send a letter “To” and “CC” the same individual, please update your selection.</locale>
  </message>
  <message name="ERR_NO_RESULTS_RETURNED">
    <locale language="en">No results returned, please update search criteria.</locale>
  </message>
  <message name="ERR_ENTER_MANDATORY_FIELDS">
    <locale language="en">The following field(s) are mandatory: %1s. Please update before submitting.</locale>
  </message>
  <message name="ERR_UNABLE_TO_CREATE_CORRESPONDENCE">
    <locale language="en">Unable to create correspondence at this time. Please try again later.</locale>
  </message>
  <message name="ERR_NO_SAME_CC_ALLOWED">
    <locale language="en">Cannot have same “CC” the same individual, please update your selection.</locale>
  </message>
  <message name="ERR_MINIMUM_LENGTH">
    <locale language="en">Please try with minimum %1n character to search by TemplateName/ID.</locale>
  </message>
  <message name="ERR_ID_NON_ZERO_POSITIVE_MUST_BE_ENTERED">
    <locale language="en">A non-zero positive value must be entered for WorkItemID</locale>
  </message>
  <message name="ERR_MISSING_COMMUNITY_NAME">
    <locale language="en">Please provide a value for CommunityName.</locale>
  </message>
  <message name="ERR_MISSING_USER_NAME">
    <locale language="en">Please provide a value for UserName.</locale>
  </message>
  <message name="ERR_MISSING_DATA_XML">
    <locale language="en">Please provide a value for DataXML.</locale>
  </message>
  <message name="ERR_MISSING_DATA_MAP_NAME">
    <locale language="en">Please provide a value for DataMapName.</locale>
  </message>
  <message name="ERR_INCORRECT_TEMPLATE_ID_VALUE">
    <locale language="en">Please provide a positive non-zero value for TemplateId.</locale>
  </message>
  <message name="ERR_MISSING_TEMPLATE_FULL_PATH">
    <locale language="en">Please provide a value for TemplateFullPath.</locale>
  </message>
  <message name="ERR_HTTP_404_RESOURCE_NOT_FOUND">
    <locale language="en">The requested data could not be found. Specify a valid %1s.</locale>
  </message>
  <message name="ERR_HTTP_403_PERMISSION_DENIED">
    <locale language="en">You do not have permissions to perform this action.</locale>
  </message>
  <message name="ERR_SEARCH_RESULT_MORE_THAN_50">
    <locale language="en">More than 50 results returned. Please refine your search criteria.</locale>
  </message>
  <message name="ERR_SUBMIT_OPTION_MUST_BE_ENTERED">
    <locale language="en">One of the Submit options must be selected.</locale>
  </message>
  <message name="ERR_PERSON_DOB_IS_MISSING">
    <locale language="en">Date of Birth for %1s is missing. Please enter the required information and try again.</locale>
  </message>
  <message name="ERR_PERSON_GENDER_IS_MISSING">
    <locale language="en">Gender information for %1s is missing. Please enter the required information and try again.</locale>
  </message>
  <message name="ERR_PREFERRED_LANGUAGE_MISSING">
    <locale language="en">Preferred Language for %1s is missing. Please enter the required information and try again.</locale>
  </message>
  <message name="ERR_TEMPLATE_NAME_OR_CATEGORY_MUST_BE_ENTERED">
    <locale language="en">Either Template ID/Name or Template Category must be entered.</locale>
  </message>
  <message name="ERR_TEMPLATE_CATEGORY_MUST_BE_SELECTED">
    <locale language="en">Template Category must be selected to select a Template Sub-Category.</locale>
  </message>
  <message name="ERR_ADDRESS_IS_MISSING">
    <locale language="en">Address information for %1s is missing. Please enter the required information and try again.</locale>
  </message>
  <message name="ERR_VAULT_LETTER_ID_MUST_BE_ENTERED">
    <locale language="en">Please provide a value for VaultLetterID</locale>
  </message>
  <message name="ERR_CCT_NOT_AVAILABLE">
    <locale language="en">Error encountered when processing request, please try again later or contact the service desk.</locale>
  </message>
  <message name="ERR_DOC_CANNOT_BE_CANCELLED">
    <locale language="en">Unable to cancel correspondence at this time. Please try again later.</locale>
  </message>
  <message name="ERR_DOC_CANNOT_BE_DOWNLOADED">
    <locale language="en">Unable to view correspondence at this time. Please try again later.</locale>
  </message>
  <message name="ERR_DOC_CANNOT_BE_FOUND">
    <locale language="en">Unable to get status of correspondence at this time. Please try again later.</locale>
  </message>
  <message name="ERR_CCT_HTTP_400_BAD_REQUEST">
    <locale language="en">%1s</locale>
  </message>
  <message name="ERR_CCT_HTTP_401_UNAUTHORIZED">
  	<locale language="en">Unauthorized error occurred while making the request.</locale>
  </message>
  <message name="ERR_COMMENTS_MANDATORY">
    <locale language="en">Comments are mandatory when choosing Cancellation Reason "Other".</locale>
  </message>
  <message name="ERR_STATUS_COMMENTS_MANDATORY">
    <locale language="en">Comments must be entered before save can be selected.</locale>
  </message>
  <message name="INF_STATUS_CHANGED_SUBJECT_PERSON">
    <locale language="en">Undelivered Mail %1s for Person %2s - %3s</locale>
  </message>
  <message name="INF_STATUS_CHANGED_SUBJECT_CASE">
    <locale language="en">Undelivered Mail %1s for Case %2s - %3s</locale>
  </message>
</messages>