<?xml version="1.0" encoding="UTF-8"?>
<messages package="curam.ca.gc.bdm.message">
  <message name="ERR_CHUNKS_SKIPPED">
    <locale language="en">WARNING: %1n chunks of data were not processed by this batch program,
    %2n payments will not have been processed.</locale>
  </message>
  <message name="INF_CASE_RECORDS_PROCESSED">
    <locale language="en">Total number of payment(s) processed: %1n</locale>
  </message>
  <message name="INF_CASE_RECORDS_SKIPPED">
    <locale language="en">Total number of payment(s) skipped: %1n</locale>
  </message>
  <message name="INF_BDM_GENERATE_PAYMENT_SUBJECT">
    <locale language="en">Report from BDMGeneratePaymentStagingDataBatch batch job run on %1s at %2s.</locale>
  </message>
  <message name="INF_BDM_GENERATE_PAYMENT">
    <locale language="en">MVP - Générer les données d’échelonnement des paiements  </locale>
  </message>
  
  <message name="INF_BDM_GENERATE_PAYMENT_SAP_SUBJECT">
    <locale language="en">Report from BDMGeneratePaymentSAPDataBatch batch job run on %1s at %2s.</locale>
  </message>
  <message name="INF_BDM_GENERATE_PAYMENT_SAP">
    <locale language="en">BDM Generate Payment SAP Staging Data </locale>
  </message>
</messages>
