<?xml version="1.0" encoding="UTF-8"?>
<messages package="curam.ca.gc.bdm.message">

  <message name="SELECT_ALL">
    <locale language="en">All</locale>
  </message>
  <message name="ERR_BANK_ACCOUNT_PROGRAM_TYPE_LINK_ALREADY_EXISTS">
    <locale language="en">The selected bank account link already exists for the program %1c.</locale>
  </message>
  <message name="ERR_LINK_START_DATE_BEFORE_BANK_START_DATE">
    <locale language="en">The selected start date cannot be before the bank evidence start date.</locale>
  </message>
  <message name="ERR_LINK_END_DATE_AFTER_BANK_END_DATE">
    <locale language="en">The selected end date cannot be after the bank evidence end date.</locale>
  </message>
  <message name="ERR_LINK_START_DATE_BEFORE_CURRENT_DATE">
    <locale language="en">The selected start date must be on or after the current date.</locale>
  </message>
  <message name="ERR_END_DATE_BEFORE_START_DATE">
    <locale language="en">The end date cannot be before the start date.</locale>
  </message>
  <message name="ERR_ENDING_LINK_INVALID_END_DATE_WITH_ACCOUNT_NUM">
    <locale language="en">Existing Link End date cannot be prior to Existing Link Start date.</locale>
  </message>
  <message name="ERR_START_DATE_MODIFY_PAYMENT_EXISTS">
    <locale language="en">The start date cannot be modified. There exists a valid payment associated to this bank account.</locale>
  </message>
  <message name="ERR_BANK_ACCOUNT_MODIFY_PAYMENT_EXISTS">
    <locale language="en">A different bank account cannot be selected. There exists a valid payment associated to this bank account.</locale>
  </message>
  <message name="ERR_END_DATE_MODIFY_PAYMENT_EXISTS">
    <locale language="en">The end date cannot be modified to the past. There exists a valid payment associated to this bank account.</locale>
  </message>
  <message name="ERR_START_DATE_MODIFY_PAST_DATE">
    <locale language="en">When changing the bank account, the start date cannot be in the past.</locale>
  </message>
  <message name="ERR_DELETE_LINK_PAYMENT_EXISTS">
    <locale language="en">This link cannot be deleted as a payment has already been issued to the linked bank account.</locale>
  </message>
  <message name="ERR_NEW_LINK_OVERLAPS_EXISTING">
    <locale language="en">The new link overlaps with existing account %1s.</locale>
  </message>
  <message name="ERR_LINK_OVERLAPS_EXISTING">
    <locale language="en">The link overlaps with existing account %1s.</locale>
  </message>
  <message name="ERR_DELIVERY_PATTERN_DOES_NOT_MATCH_METHOD">
    <locale language="en">The selected delivery pattern method does not match with participant payment method type for the selected date.</locale>
  </message>
  <message name="ERR_NOMINEE_DELIVERY_PATTERN_DOES_NOT_MATCH_METHOD">
    <locale language="en">The nominee's delivery pattern method does not match with the participant payment method type.</locale>
  </message>
  <message name="ERR_NO_ACTIVE_DESTINATION_OR_ADDRESS">
    <locale language="en">No active direct deposit links or mailing addresses exist for the current date.</locale>
  </message>
  <message name="ERR_CHUNKS_SKIPPED">
    <locale language="en">WARNING: %1n chunks of data were not processed by this batch program, payment destination syncing for up to %2n Concern Roles will not have been processed.</locale>
  </message>
  <message name="INF_RECORDS_PROCESSED">
    <locale language="en">Total number of Concern Roles processed: %1n</locale>
  </message>
  <message name="INF_RECORDS_SKIPPED">
    <locale language="en">Total number of Concern Roles skipped: %1n</locale>
  </message>
  <message name="INF_PAYMENT_DESTINATION_BATCH">
    <locale language="en">Payment Destination Batch</locale>
  </message>
  <message name="INF_PAYMENT_DESTINATION_BATCH_SUB">
    <locale language="en">Report from Payment Destination batch job run on %1s.</locale>
  </message>
  <message name="ERR_NO_BANK_ACCOUNT_FOR_EFT">
    <locale language="en">Bank account must be selected for Direct Deposit delivery method.</locale>
  </message>
</messages>