-- Tax Rates by Income
INSERT INTO RATEHEADER (RATEHEADERID, EFFECTIVEDATE, RATETABLETYPE, COMMENTS, RATESTATUS, VERSIONNO)
VALUES (80010, '2021-01-01-00.00.00', 'BDMRTT3', null, 'RS1', 1);
INSERT INTO RATECOLUMN (RATECOLUMNID, RATEHEADERID, PARENTCOLUMNID, RATECOLUMNKEYMIN, RATECOLUMNKEYMAX, RATECOLUMNKEYVALUE, RATECOLUMNTYPE, RATECOLUMNINDEX, ANYMINIMUMIND, ANYMAXIMUMIND, VERSIONNO)
VALUES (80010, 80010, null, 0, 0, 0, 'BDMRCT10', 1, '0', '0', 1);
INSERT INTO RATECOLUMN (RATECOLUMNID, RATEHEADERID, PARENTCOLUMNID, RATECOLUMNKEYMIN, RATECOLUMNKEYMAX, RATECOLUMNKEYVALUE, RATECOLUMNTYPE, RATECOLUMNINDEX, ANYMINIMUMIND, ANYMAXIMUMIND, VERSIONNO)
VALUES (80011, 80010, null, 0, 0, 0, 'BDMRCT11', 2, '0', '0', 1);
INSERT INTO RATECOLUMN (RATECOLUMNID, RATEHEADERID, PARENTCOLUMNID, RATECOLUMNKEYMIN, RATECOLUMNKEYMAX, RATECOLUMNKEYVALUE, RATECOLUMNTYPE, RATECOLUMNINDEX, ANYMINIMUMIND, ANYMAXIMUMIND, VERSIONNO)
VALUES (80012, 80010, null, 0, 0, 0, 'BDMRCT12', 3, '0', '0', 1);
--Ontario
INSERT INTO RATEROW (RATEROWID, RATEHEADERID, RATEROWTYPE, RATEROWINDEX, VERSIONNO)
VALUES (81003, 80010, 'BDMRRT20', 1, 1);
INSERT INTO RATECELL (RATECELLID, RATECOLUMNID, RATECELLMIN, RATECELLMAX, RATECELLVALUE, RATECELLTYPE, RATECELLINDEX, ANYMINIMUMIND, ANYMAXIMUMIND, RATEROWID, BLANKCELLIND, VERSIONNO)
VALUES (81039, 80010, 0, 45142, 0, null, 1, '1', '1', 81003, '1', 1);
INSERT INTO RATECELL (RATECELLID, RATECOLUMNID, RATECELLMIN, RATECELLMAX, RATECELLVALUE, RATECELLTYPE, RATECELLINDEX, ANYMINIMUMIND, ANYMAXIMUMIND, RATEROWID, BLANKCELLIND, VERSIONNO)
VALUES (81040, 80011, 0, 0, 5.05, null, 1, '0', '0', 81003, '0', 1);
INSERT INTO RATECELL (RATECELLID, RATECOLUMNID, RATECELLMIN, RATECELLMAX, RATECELLVALUE, RATECELLTYPE, RATECELLINDEX, ANYMINIMUMIND, ANYMAXIMUMIND, RATEROWID, BLANKCELLIND, VERSIONNO)
VALUES (81041, 80012, 0, 0, 0, null, 1, '0', '0', 81003, '0', 1);
INSERT INTO RATECELL (RATECELLID, RATECOLUMNID, RATECELLMIN, RATECELLMAX, RATECELLVALUE, RATECELLTYPE, RATECELLINDEX, ANYMINIMUMIND, ANYMAXIMUMIND, RATEROWID, BLANKCELLIND, VERSIONNO)
VALUES (81042, 80010, 45142.01, 90287, 0, null, 2, '1', '1', 81003, '1', 1);
INSERT INTO RATECELL (RATECELLID, RATECOLUMNID, RATECELLMIN, RATECELLMAX, RATECELLVALUE, RATECELLTYPE, RATECELLINDEX, ANYMINIMUMIND, ANYMAXIMUMIND, RATEROWID, BLANKCELLIND, VERSIONNO)
VALUES (81043, 80011, 0, 0, 9.15, null, 2, '0', '0', 81003, '0', 1);
INSERT INTO RATECELL (RATECELLID, RATECOLUMNID, RATECELLMIN, RATECELLMAX, RATECELLVALUE, RATECELLTYPE, RATECELLINDEX, ANYMINIMUMIND, ANYMAXIMUMIND, RATEROWID, BLANKCELLIND, VERSIONNO)
VALUES (81044, 80012, 0, 0, 1851, null, 2, '0', '0', 81003, '0', 1);
INSERT INTO RATECELL (RATECELLID, RATECOLUMNID, RATECELLMIN, RATECELLMAX, RATECELLVALUE, RATECELLTYPE, RATECELLINDEX, ANYMINIMUMIND, ANYMAXIMUMIND, RATEROWID, BLANKCELLIND, VERSIONNO)
VALUES (81045, 80010, 90287.01, 150000, 0, null, 3, '1', '1', 81003, '1', 1);
INSERT INTO RATECELL (RATECELLID, RATECOLUMNID, RATECELLMIN, RATECELLMAX, RATECELLVALUE, RATECELLTYPE, RATECELLINDEX, ANYMINIMUMIND, ANYMAXIMUMIND, RATEROWID, BLANKCELLIND, VERSIONNO)
VALUES (81046, 80011, 0, 0, 11.16, null, 3, '0', '0', 81003, '0', 1);
INSERT INTO RATECELL (RATECELLID, RATECOLUMNID, RATECELLMIN, RATECELLMAX, RATECELLVALUE, RATECELLTYPE, RATECELLINDEX, ANYMINIMUMIND, ANYMAXIMUMIND, RATEROWID, BLANKCELLIND, VERSIONNO)
VALUES (81047, 80012, 0, 0, 3666, null, 3, '0', '0', 81003, '0', 1);
INSERT INTO RATECELL (RATECELLID, RATECOLUMNID, RATECELLMIN, RATECELLMAX, RATECELLVALUE, RATECELLTYPE, RATECELLINDEX, ANYMINIMUMIND, ANYMAXIMUMIND, RATEROWID, BLANKCELLIND, VERSIONNO)
VALUES (81048, 80010, 150000.01, 220000, 0, null, 4, '1', '1', 81003, '1', 1);
INSERT INTO RATECELL (RATECELLID, RATECOLUMNID, RATECELLMIN, RATECELLMAX, RATECELLVALUE, RATECELLTYPE, RATECELLINDEX, ANYMINIMUMIND, ANYMAXIMUMIND, RATEROWID, BLANKCELLIND, VERSIONNO)
VALUES (81049, 80011, 0, 0, 12.16, null, 4, '0', '0', 81003, '0', 1);
INSERT INTO RATECELL (RATECELLID, RATECOLUMNID, RATECELLMIN, RATECELLMAX, RATECELLVALUE, RATECELLTYPE, RATECELLINDEX, ANYMINIMUMIND, ANYMAXIMUMIND, RATEROWID, BLANKCELLIND, VERSIONNO)
VALUES (81050, 80012, 0, 0, 5166, null, 4, '0', '0', 81003, '0', 1);
INSERT INTO RATECELL (RATECELLID, RATECOLUMNID, RATECELLMIN, RATECELLMAX, RATECELLVALUE, RATECELLTYPE, RATECELLINDEX, ANYMINIMUMIND, ANYMAXIMUMIND, RATEROWID, BLANKCELLIND, VERSIONNO)
VALUES (81051, 80010, 220000.01, 999999999, 0, null, 5, '1', '1', 81003, '1', 1);
INSERT INTO RATECELL (RATECELLID, RATECOLUMNID, RATECELLMIN, RATECELLMAX, RATECELLVALUE, RATECELLTYPE, RATECELLINDEX, ANYMINIMUMIND, ANYMAXIMUMIND, RATEROWID, BLANKCELLIND, VERSIONNO)
VALUES (81052, 80011, 0, 0, 13.16, null, 5, '0', '0', 81003, '0', 1);
INSERT INTO RATECELL (RATECELLID, RATECOLUMNID, RATECELLMIN, RATECELLMAX, RATECELLVALUE, RATECELLTYPE, RATECELLINDEX, ANYMINIMUMIND, ANYMAXIMUMIND, RATEROWID, BLANKCELLIND, VERSIONNO)
VALUES (81053, 80012, 0, 0, 7366, null, 5, '0', '0', 81003, '0', 1);
-- PEI
INSERT INTO RATEROW (RATEROWID, RATEHEADERID, RATEROWTYPE, RATEROWINDEX, VERSIONNO)
VALUES (81004, 80010, 'BDMRRT21', 1, 1);
INSERT INTO RATECELL (RATECELLID, RATECOLUMNID, RATECELLMIN, RATECELLMAX, RATECELLVALUE, RATECELLTYPE, RATECELLINDEX, ANYMINIMUMIND, ANYMAXIMUMIND, RATEROWID, BLANKCELLIND, VERSIONNO)
VALUES (81054, 80010, 0, 31984, 0, null, 1, '1', '1', 81004, '1', 1);
INSERT INTO RATECELL (RATECELLID, RATECOLUMNID, RATECELLMIN, RATECELLMAX, RATECELLVALUE, RATECELLTYPE, RATECELLINDEX, ANYMINIMUMIND, ANYMAXIMUMIND, RATEROWID, BLANKCELLIND, VERSIONNO)
VALUES (81055, 80011, 0, 0, 9.8, null, 1, '0', '0', 81004, '0', 1);
INSERT INTO RATECELL (RATECELLID, RATECOLUMNID, RATECELLMIN, RATECELLMAX, RATECELLVALUE, RATECELLTYPE, RATECELLINDEX, ANYMINIMUMIND, ANYMAXIMUMIND, RATEROWID, BLANKCELLIND, VERSIONNO)
VALUES (81056, 80012, 0, 0, 0, null, 1, '0', '0', 81004, '0', 1);
INSERT INTO RATECELL (RATECELLID, RATECOLUMNID, RATECELLMIN, RATECELLMAX, RATECELLVALUE, RATECELLTYPE, RATECELLINDEX, ANYMINIMUMIND, ANYMAXIMUMIND, RATEROWID, BLANKCELLIND, VERSIONNO)
VALUES (81057, 80010, 31984.01, 63969, 0, null, 2, '1', '1', 81004, '1', 1);
INSERT INTO RATECELL (RATECELLID, RATECOLUMNID, RATECELLMIN, RATECELLMAX, RATECELLVALUE, RATECELLTYPE, RATECELLINDEX, ANYMINIMUMIND, ANYMAXIMUMIND, RATEROWID, BLANKCELLIND, VERSIONNO)
VALUES (81058, 80011, 0, 0, 13.8, null, 2, '0', '0', 81004, '0', 1);
INSERT INTO RATECELL (RATECELLID, RATECOLUMNID, RATECELLMIN, RATECELLMAX, RATECELLVALUE, RATECELLTYPE, RATECELLINDEX, ANYMINIMUMIND, ANYMAXIMUMIND, RATEROWID, BLANKCELLIND, VERSIONNO)
VALUES (81059, 80012, 0, 0, 1279, null, 2, '0', '0', 81004, '0', 1);
INSERT INTO RATECELL (RATECELLID, RATECOLUMNID, RATECELLMIN, RATECELLMAX, RATECELLVALUE, RATECELLTYPE, RATECELLINDEX, ANYMINIMUMIND, ANYMAXIMUMIND, RATEROWID, BLANKCELLIND, VERSIONNO)
VALUES (81060, 80010, 63969.01, 999999999, 0, null, 3, '1', '1', 81004, '1', 1);
INSERT INTO RATECELL (RATECELLID, RATECOLUMNID, RATECELLMIN, RATECELLMAX, RATECELLVALUE, RATECELLTYPE, RATECELLINDEX, ANYMINIMUMIND, ANYMAXIMUMIND, RATEROWID, BLANKCELLIND, VERSIONNO)
VALUES (81061, 80011, 0, 0, 16.7, null, 3, '0', '0', 81004, '0', 1);
INSERT INTO RATECELL (RATECELLID, RATECOLUMNID, RATECELLMIN, RATECELLMAX, RATECELLVALUE, RATECELLTYPE, RATECELLINDEX, ANYMINIMUMIND, ANYMAXIMUMIND, RATEROWID, BLANKCELLIND, VERSIONNO)
VALUES (81062, 80012, 0, 0, 3134, null, 3, '0', '0', 81004, '0', 1);
--SK
INSERT INTO RATEROW (RATEROWID, RATEHEADERID, RATEROWTYPE, RATEROWINDEX, VERSIONNO)
VALUES (81005, 80010, 'BDMRRT13', 1, 1);
INSERT INTO RATECELL (RATECELLID, RATECOLUMNID, RATECELLMIN, RATECELLMAX, RATECELLVALUE, RATECELLTYPE, RATECELLINDEX, ANYMINIMUMIND, ANYMAXIMUMIND, RATEROWID, BLANKCELLIND, VERSIONNO)
VALUES (81063, 80010, 0, 45677, 0, null, 1, '1', '1', 81005, '1', 1);
INSERT INTO RATECELL (RATECELLID, RATECOLUMNID, RATECELLMIN, RATECELLMAX, RATECELLVALUE, RATECELLTYPE, RATECELLINDEX, ANYMINIMUMIND, ANYMAXIMUMIND, RATEROWID, BLANKCELLIND, VERSIONNO)
VALUES (81064, 80011, 0, 0, 10.5, null, 1, '0', '0', 81005, '0', 1);
INSERT INTO RATECELL (RATECELLID, RATECOLUMNID, RATECELLMIN, RATECELLMAX, RATECELLVALUE, RATECELLTYPE, RATECELLINDEX, ANYMINIMUMIND, ANYMAXIMUMIND, RATEROWID, BLANKCELLIND, VERSIONNO)
VALUES (81065, 80012, 0, 0, 0, null, 1, '0', '0', 81005, '0', 1);
INSERT INTO RATECELL (RATECELLID, RATECOLUMNID, RATECELLMIN, RATECELLMAX, RATECELLVALUE, RATECELLTYPE, RATECELLINDEX, ANYMINIMUMIND, ANYMAXIMUMIND, RATEROWID, BLANKCELLIND, VERSIONNO)
VALUES (81066, 80010, 45677.01, 130506, 0, null, 2, '1', '1', 81005, '1', 1);
INSERT INTO RATECELL (RATECELLID, RATECOLUMNID, RATECELLMIN, RATECELLMAX, RATECELLVALUE, RATECELLTYPE, RATECELLINDEX, ANYMINIMUMIND, ANYMAXIMUMIND, RATEROWID, BLANKCELLIND, VERSIONNO)
VALUES (81067, 80011, 0, 0, 12.5, null, 2, '0', '0', 81005, '0', 1);
INSERT INTO RATECELL (RATECELLID, RATECOLUMNID, RATECELLMIN, RATECELLMAX, RATECELLVALUE, RATECELLTYPE, RATECELLINDEX, ANYMINIMUMIND, ANYMAXIMUMIND, RATEROWID, BLANKCELLIND, VERSIONNO)
VALUES (81068, 80012, 0, 0, 914, null, 2, '0', '0', 81005, '0', 1);
INSERT INTO RATECELL (RATECELLID, RATECOLUMNID, RATECELLMIN, RATECELLMAX, RATECELLVALUE, RATECELLTYPE, RATECELLINDEX, ANYMINIMUMIND, ANYMAXIMUMIND, RATEROWID, BLANKCELLIND, VERSIONNO)
VALUES (81069, 80010, 130506.01, 999999999, 0, null, 3, '1', '1', 81005, '1', 1);
INSERT INTO RATECELL (RATECELLID, RATECOLUMNID, RATECELLMIN, RATECELLMAX, RATECELLVALUE, RATECELLTYPE, RATECELLINDEX, ANYMINIMUMIND, ANYMAXIMUMIND, RATEROWID, BLANKCELLIND, VERSIONNO)
VALUES (81070, 80011, 0, 0, 14.5, null, 3, '0', '0', 81005, '0', 1);
INSERT INTO RATECELL (RATECELLID, RATECOLUMNID, RATECELLMIN, RATECELLMAX, RATECELLVALUE, RATECELLTYPE, RATECELLINDEX, ANYMINIMUMIND, ANYMAXIMUMIND, RATEROWID, BLANKCELLIND, VERSIONNO)
VALUES (81071, 80012, 0, 0, 3524, null, 3, '0', '0', 81005, '0', 1);
--Federal
INSERT INTO RATEROW (RATEROWID, RATEHEADERID, RATEROWTYPE, RATEROWINDEX, VERSIONNO)
VALUES (80010, 80010, 'BDMRRT10', 1, 1);
INSERT INTO RATECELL (RATECELLID, RATECOLUMNID, RATECELLMIN, RATECELLMAX, RATECELLVALUE, RATECELLTYPE, RATECELLINDEX, ANYMINIMUMIND, ANYMAXIMUMIND, RATEROWID, BLANKCELLIND, VERSIONNO)
VALUES (80110, 80010, 0, 49020, 0, null, 1, '1', '1', 80010, '1', 1);
INSERT INTO RATECELL (RATECELLID, RATECOLUMNID, RATECELLMIN, RATECELLMAX, RATECELLVALUE, RATECELLTYPE, RATECELLINDEX, ANYMINIMUMIND, ANYMAXIMUMIND, RATEROWID, BLANKCELLIND, VERSIONNO)
VALUES (80111, 80011, 0, 0, 15, null, 1, '0', '0', 80010, '0', 1);
INSERT INTO RATECELL (RATECELLID, RATECOLUMNID, RATECELLMIN, RATECELLMAX, RATECELLVALUE, RATECELLTYPE, RATECELLINDEX, ANYMINIMUMIND, ANYMAXIMUMIND, RATEROWID, BLANKCELLIND, VERSIONNO)
VALUES (80112, 80012, 0, 0, 0, null, 1, '0', '0', 80010, '0', 1);
INSERT INTO RATECELL (RATECELLID, RATECOLUMNID, RATECELLMIN, RATECELLMAX, RATECELLVALUE, RATECELLTYPE, RATECELLINDEX, ANYMINIMUMIND, ANYMAXIMUMIND, RATEROWID, BLANKCELLIND, VERSIONNO)
VALUES (80113, 80010, 49020.01, 98040, 0, null, 2, '1', '1', 80010, '1', 1);
INSERT INTO RATECELL (RATECELLID, RATECOLUMNID, RATECELLMIN, RATECELLMAX, RATECELLVALUE, RATECELLTYPE, RATECELLINDEX, ANYMINIMUMIND, ANYMAXIMUMIND, RATEROWID, BLANKCELLIND, VERSIONNO)
VALUES (80114, 80011, 0, 0, 20.5, null, 2, '0', '0', 80010, '0', 1);
INSERT INTO RATECELL (RATECELLID, RATECOLUMNID, RATECELLMIN, RATECELLMAX, RATECELLVALUE, RATECELLTYPE, RATECELLINDEX, ANYMINIMUMIND, ANYMAXIMUMIND, RATEROWID, BLANKCELLIND, VERSIONNO)
VALUES (80115, 80012, 0, 0, 2696, null, 2, '0', '0', 80010, '0', 1);
INSERT INTO RATECELL (RATECELLID, RATECOLUMNID, RATECELLMIN, RATECELLMAX, RATECELLVALUE, RATECELLTYPE, RATECELLINDEX, ANYMINIMUMIND, ANYMAXIMUMIND, RATEROWID, BLANKCELLIND, VERSIONNO)
VALUES (80116, 80010, 98040.01, 151978, 0, null, 3, '1', '1', 80010, '1', 1);
INSERT INTO RATECELL (RATECELLID, RATECOLUMNID, RATECELLMIN, RATECELLMAX, RATECELLVALUE, RATECELLTYPE, RATECELLINDEX, ANYMINIMUMIND, ANYMAXIMUMIND, RATEROWID, BLANKCELLIND, VERSIONNO)
VALUES (80117, 80011, 0, 0, 26, null, 3, '0', '0', 80010, '0', 1);
INSERT INTO RATECELL (RATECELLID, RATECOLUMNID, RATECELLMIN, RATECELLMAX, RATECELLVALUE, RATECELLTYPE, RATECELLINDEX, ANYMINIMUMIND, ANYMAXIMUMIND, RATEROWID, BLANKCELLIND, VERSIONNO)
VALUES (80118, 80012, 0, 0, 8088, null, 3, '0', '0', 80010, '0', 1);
INSERT INTO RATECELL (RATECELLID, RATECOLUMNID, RATECELLMIN, RATECELLMAX, RATECELLVALUE, RATECELLTYPE, RATECELLINDEX, ANYMINIMUMIND, ANYMAXIMUMIND, RATEROWID, BLANKCELLIND, VERSIONNO)
VALUES (80119, 80010, 151978.01, 216511, 0, null, 4, '1', '1', 80010, '1', 1);
INSERT INTO RATECELL (RATECELLID, RATECOLUMNID, RATECELLMIN, RATECELLMAX, RATECELLVALUE, RATECELLTYPE, RATECELLINDEX, ANYMINIMUMIND, ANYMAXIMUMIND, RATEROWID, BLANKCELLIND, VERSIONNO)
VALUES (80120, 80011, 0, 0, 29, null, 4, '0', '0', 80010, '0', 1);
INSERT INTO RATECELL (RATECELLID, RATECOLUMNID, RATECELLMIN, RATECELLMAX, RATECELLVALUE, RATECELLTYPE, RATECELLINDEX, ANYMINIMUMIND, ANYMAXIMUMIND, RATEROWID, BLANKCELLIND, VERSIONNO)
VALUES (80121, 80012, 0, 0, 12648, null, 4, '0', '0', 80010, '0', 1);
INSERT INTO RATECELL (RATECELLID, RATECOLUMNID, RATECELLMIN, RATECELLMAX, RATECELLVALUE, RATECELLTYPE, RATECELLINDEX, ANYMINIMUMIND, ANYMAXIMUMIND, RATEROWID, BLANKCELLIND, VERSIONNO)
VALUES (80122, 80010, 216511.01, 999999999, 0, null, 5, '1', '1', 80010, '1', 1);
INSERT INTO RATECELL (RATECELLID, RATECOLUMNID, RATECELLMIN, RATECELLMAX, RATECELLVALUE, RATECELLTYPE, RATECELLINDEX, ANYMINIMUMIND, ANYMAXIMUMIND, RATEROWID, BLANKCELLIND, VERSIONNO)
VALUES (80123, 80011, 0, 0, 33, null, 5, '0', '0', 80010, '0', 1);
INSERT INTO RATECELL (RATECELLID, RATECOLUMNID, RATECELLMIN, RATECELLMAX, RATECELLVALUE, RATECELLTYPE, RATECELLINDEX, ANYMINIMUMIND, ANYMAXIMUMIND, RATEROWID, BLANKCELLIND, VERSIONNO)
VALUES (80124, 80012, 0, 0, 21308, null, 5, '0', '0', 80010, '0', 1);
--Yukon
INSERT INTO RATEROW (RATEROWID, RATEHEADERID, RATEROWTYPE, RATEROWINDEX, VERSIONNO)
VALUES (81006, 80010, 'BDMRRT22', 1, 1);
INSERT INTO RATECELL (RATECELLID, RATECOLUMNID, RATECELLMIN, RATECELLMAX, RATECELLVALUE, RATECELLTYPE, RATECELLINDEX, ANYMINIMUMIND, ANYMAXIMUMIND, RATEROWID, BLANKCELLIND, VERSIONNO)
VALUES (81072, 80010, 0, 49020, 0, null, 1, '1', '1', 81006, '1', 1);
INSERT INTO RATECELL (RATECELLID, RATECOLUMNID, RATECELLMIN, RATECELLMAX, RATECELLVALUE, RATECELLTYPE, RATECELLINDEX, ANYMINIMUMIND, ANYMAXIMUMIND, RATEROWID, BLANKCELLIND, VERSIONNO)
VALUES (81073, 80011, 0, 0, 6.4, null, 1, '0', '0', 81006, '0', 1);
INSERT INTO RATECELL (RATECELLID, RATECOLUMNID, RATECELLMIN, RATECELLMAX, RATECELLVALUE, RATECELLTYPE, RATECELLINDEX, ANYMINIMUMIND, ANYMAXIMUMIND, RATEROWID, BLANKCELLIND, VERSIONNO)
VALUES (81074, 80012, 0, 0, 0, null, 1, '0', '0', 81006, '0', 1);
INSERT INTO RATECELL (RATECELLID, RATECOLUMNID, RATECELLMIN, RATECELLMAX, RATECELLVALUE, RATECELLTYPE, RATECELLINDEX, ANYMINIMUMIND, ANYMAXIMUMIND, RATEROWID, BLANKCELLIND, VERSIONNO)
VALUES (81075, 80010, 49020.01, 98040, 0, null, 2, '1', '1', 81006, '1', 1);
INSERT INTO RATECELL (RATECELLID, RATECOLUMNID, RATECELLMIN, RATECELLMAX, RATECELLVALUE, RATECELLTYPE, RATECELLINDEX, ANYMINIMUMIND, ANYMAXIMUMIND, RATEROWID, BLANKCELLIND, VERSIONNO)
VALUES (81076, 80011, 0, 0, 9, null, 2, '0', '0', 81006, '0', 1);
INSERT INTO RATECELL (RATECELLID, RATECOLUMNID, RATECELLMIN, RATECELLMAX, RATECELLVALUE, RATECELLTYPE, RATECELLINDEX, ANYMINIMUMIND, ANYMAXIMUMIND, RATEROWID, BLANKCELLIND, VERSIONNO)
VALUES (81077, 80012, 0, 0, 1275, null, 2, '0', '0', 81006, '0', 1);
INSERT INTO RATECELL (RATECELLID, RATECOLUMNID, RATECELLMIN, RATECELLMAX, RATECELLVALUE, RATECELLTYPE, RATECELLINDEX, ANYMINIMUMIND, ANYMAXIMUMIND, RATEROWID, BLANKCELLIND, VERSIONNO)
VALUES (81078, 80010, 98040.01, 151978, 0, null, 3, '1', '1', 81006, '1', 1);
INSERT INTO RATECELL (RATECELLID, RATECOLUMNID, RATECELLMIN, RATECELLMAX, RATECELLVALUE, RATECELLTYPE, RATECELLINDEX, ANYMINIMUMIND, ANYMAXIMUMIND, RATEROWID, BLANKCELLIND, VERSIONNO)
VALUES (81079, 80011, 0, 0, 10.9, null, 3, '0', '0', 81006, '0', 1);
INSERT INTO RATECELL (RATECELLID, RATECOLUMNID, RATECELLMIN, RATECELLMAX, RATECELLVALUE, RATECELLTYPE, RATECELLINDEX, ANYMINIMUMIND, ANYMAXIMUMIND, RATEROWID, BLANKCELLIND, VERSIONNO)
VALUES (81080, 80012, 0, 0, 3137, null, 3, '0', '0', 81006, '0', 1);
INSERT INTO RATECELL (RATECELLID, RATECOLUMNID, RATECELLMIN, RATECELLMAX, RATECELLVALUE, RATECELLTYPE, RATECELLINDEX, ANYMINIMUMIND, ANYMAXIMUMIND, RATEROWID, BLANKCELLIND, VERSIONNO)
VALUES (81081, 80010, 151978.01, 500000, 0, null, 4, '1', '1', 81006, '1', 1);
INSERT INTO RATECELL (RATECELLID, RATECOLUMNID, RATECELLMIN, RATECELLMAX, RATECELLVALUE, RATECELLTYPE, RATECELLINDEX, ANYMINIMUMIND, ANYMAXIMUMIND, RATEROWID, BLANKCELLIND, VERSIONNO)
VALUES (81082, 80011, 0, 0, 12.8, null, 4, '0', '0', 81006, '0', 1);
INSERT INTO RATECELL (RATECELLID, RATECOLUMNID, RATECELLMIN, RATECELLMAX, RATECELLVALUE, RATECELLTYPE, RATECELLINDEX, ANYMINIMUMIND, ANYMAXIMUMIND, RATEROWID, BLANKCELLIND, VERSIONNO)
VALUES (81083, 80012, 0, 0, 6025, null, 4, '0', '0', 81006, '0', 1);
INSERT INTO RATECELL (RATECELLID, RATECOLUMNID, RATECELLMIN, RATECELLMAX, RATECELLVALUE, RATECELLTYPE, RATECELLINDEX, ANYMINIMUMIND, ANYMAXIMUMIND, RATEROWID, BLANKCELLIND, VERSIONNO)
VALUES (81084, 80010, 500000.01, 999999999, 0, null, 5, '1', '1', 81006, '1', 1);
INSERT INTO RATECELL (RATECELLID, RATECOLUMNID, RATECELLMIN, RATECELLMAX, RATECELLVALUE, RATECELLTYPE, RATECELLINDEX, ANYMINIMUMIND, ANYMAXIMUMIND, RATEROWID, BLANKCELLIND, VERSIONNO)
VALUES (81085, 80011, 0, 0, 15, null, 5, '0', '0', 81006, '0', 1);
INSERT INTO RATECELL (RATECELLID, RATECOLUMNID, RATECELLMIN, RATECELLMAX, RATECELLVALUE, RATECELLTYPE, RATECELLINDEX, ANYMINIMUMIND, ANYMAXIMUMIND, RATEROWID, BLANKCELLIND, VERSIONNO)
VALUES (81086, 80012, 0, 0, 17025, null, 5, '0', '0', 81006, '0', 1);
--BC
INSERT INTO RATEROW (RATEROWID, RATEHEADERID, RATEROWTYPE, RATEROWINDEX, VERSIONNO)
VALUES (80011, 80010, 'BDMRRT11', 1, 1);
INSERT INTO RATECELL (RATECELLID, RATECOLUMNID, RATECELLMIN, RATECELLMAX, RATECELLVALUE, RATECELLTYPE, RATECELLINDEX, ANYMINIMUMIND, ANYMAXIMUMIND, RATEROWID, BLANKCELLIND, VERSIONNO)
VALUES (80125, 80010, 0, 42184, 0, null, 1, '1', '1', 80011, '1', 1);
INSERT INTO RATECELL (RATECELLID, RATECOLUMNID, RATECELLMIN, RATECELLMAX, RATECELLVALUE, RATECELLTYPE, RATECELLINDEX, ANYMINIMUMIND, ANYMAXIMUMIND, RATEROWID, BLANKCELLIND, VERSIONNO)
VALUES (80126, 80011, 0, 0, 5.06, null, 1, '0', '0', 80011, '0', 1);
INSERT INTO RATECELL (RATECELLID, RATECOLUMNID, RATECELLMIN, RATECELLMAX, RATECELLVALUE, RATECELLTYPE, RATECELLINDEX, ANYMINIMUMIND, ANYMAXIMUMIND, RATEROWID, BLANKCELLIND, VERSIONNO)
VALUES (80127, 80012, 0, 0, 0, null, 1, '0', '0', 80011, '0', 1);
INSERT INTO RATECELL (RATECELLID, RATECOLUMNID, RATECELLMIN, RATECELLMAX, RATECELLVALUE, RATECELLTYPE, RATECELLINDEX, ANYMINIMUMIND, ANYMAXIMUMIND, RATEROWID, BLANKCELLIND, VERSIONNO)
VALUES (80128, 80010, 42184.01, 84369, 0, null, 2, '1', '1', 80011, '1', 1);
INSERT INTO RATECELL (RATECELLID, RATECOLUMNID, RATECELLMIN, RATECELLMAX, RATECELLVALUE, RATECELLTYPE, RATECELLINDEX, ANYMINIMUMIND, ANYMAXIMUMIND, RATEROWID, BLANKCELLIND, VERSIONNO)
VALUES (80129, 80011, 0, 0, 7.7, null, 2, '0', '0', 80011, '0', 1);
INSERT INTO RATECELL (RATECELLID, RATECOLUMNID, RATECELLMIN, RATECELLMAX, RATECELLVALUE, RATECELLTYPE, RATECELLINDEX, ANYMINIMUMIND, ANYMAXIMUMIND, RATEROWID, BLANKCELLIND, VERSIONNO)
VALUES (80130, 80012, 0, 0, 1114, null, 2, '0', '0', 80011, '0', 1);
INSERT INTO RATECELL (RATECELLID, RATECOLUMNID, RATECELLMIN, RATECELLMAX, RATECELLVALUE, RATECELLTYPE, RATECELLINDEX, ANYMINIMUMIND, ANYMAXIMUMIND, RATEROWID, BLANKCELLIND, VERSIONNO)
VALUES (80131, 80010, 84369.01, 96866, 0, null, 3, '1', '1', 80011, '1', 1);
INSERT INTO RATECELL (RATECELLID, RATECOLUMNID, RATECELLMIN, RATECELLMAX, RATECELLVALUE, RATECELLTYPE, RATECELLINDEX, ANYMINIMUMIND, ANYMAXIMUMIND, RATEROWID, BLANKCELLIND, VERSIONNO)
VALUES (80132, 80011, 0, 0, 10.5, null, 3, '0', '0', 80011, '0', 1);
INSERT INTO RATECELL (RATECELLID, RATECOLUMNID, RATECELLMIN, RATECELLMAX, RATECELLVALUE, RATECELLTYPE, RATECELLINDEX, ANYMINIMUMIND, ANYMAXIMUMIND, RATEROWID, BLANKCELLIND, VERSIONNO)
VALUES (80133, 80012, 0, 0, 3476, null, 3, '0', '0', 80011, '0', 1);
INSERT INTO RATECELL (RATECELLID, RATECOLUMNID, RATECELLMIN, RATECELLMAX, RATECELLVALUE, RATECELLTYPE, RATECELLINDEX, ANYMINIMUMIND, ANYMAXIMUMIND, RATEROWID, BLANKCELLIND, VERSIONNO)
VALUES (80134, 80010, 96866.01, 117623, 0, null, 4, '1', '1', 80011, '1', 1);
INSERT INTO RATECELL (RATECELLID, RATECOLUMNID, RATECELLMIN, RATECELLMAX, RATECELLVALUE, RATECELLTYPE, RATECELLINDEX, ANYMINIMUMIND, ANYMAXIMUMIND, RATEROWID, BLANKCELLIND, VERSIONNO)
VALUES (80135, 80011, 0, 0, 12.29, null, 4, '0', '0', 80011, '0', 1);
INSERT INTO RATECELL (RATECELLID, RATECOLUMNID, RATECELLMIN, RATECELLMAX, RATECELLVALUE, RATECELLTYPE, RATECELLINDEX, ANYMINIMUMIND, ANYMAXIMUMIND, RATEROWID, BLANKCELLIND, VERSIONNO)
VALUES (80136, 80012, 0, 0, 5210, null, 4, '0', '0', 80011, '0', 1);
INSERT INTO RATECELL (RATECELLID, RATECOLUMNID, RATECELLMIN, RATECELLMAX, RATECELLVALUE, RATECELLTYPE, RATECELLINDEX, ANYMINIMUMIND, ANYMAXIMUMIND, RATEROWID, BLANKCELLIND, VERSIONNO)
VALUES (80137, 80010, 117623.01, 159483, 0, null, 5, '1', '1', 80011, '1', 1);
INSERT INTO RATECELL (RATECELLID, RATECOLUMNID, RATECELLMIN, RATECELLMAX, RATECELLVALUE, RATECELLTYPE, RATECELLINDEX, ANYMINIMUMIND, ANYMAXIMUMIND, RATEROWID, BLANKCELLIND, VERSIONNO)
VALUES (80138, 80011, 0, 0, 14.7, null, 5, '0', '0', 80011, '0', 1);
INSERT INTO RATECELL (RATECELLID, RATECOLUMNID, RATECELLMIN, RATECELLMAX, RATECELLVALUE, RATECELLTYPE, RATECELLINDEX, ANYMINIMUMIND, ANYMAXIMUMIND, RATEROWID, BLANKCELLIND, VERSIONNO)
VALUES (80139, 80012, 0, 0, 8045, null, 5, '0', '0', 80011, '0', 1);
INSERT INTO RATECELL (RATECELLID, RATECOLUMNID, RATECELLMIN, RATECELLMAX, RATECELLVALUE, RATECELLTYPE, RATECELLINDEX, ANYMINIMUMIND, ANYMAXIMUMIND, RATEROWID, BLANKCELLIND, VERSIONNO)
VALUES (80140, 80010, 159483.01, 222420, 0, null, 6, '1', '1', 80011, '1', 1);
INSERT INTO RATECELL (RATECELLID, RATECOLUMNID, RATECELLMIN, RATECELLMAX, RATECELLVALUE, RATECELLTYPE, RATECELLINDEX, ANYMINIMUMIND, ANYMAXIMUMIND, RATEROWID, BLANKCELLIND, VERSIONNO)
VALUES (80141, 80011, 0, 0, 16.8, null, 6, '0', '0', 80011, '0', 1);
INSERT INTO RATECELL (RATECELLID, RATECOLUMNID, RATECELLMIN, RATECELLMAX, RATECELLVALUE, RATECELLTYPE, RATECELLINDEX, ANYMINIMUMIND, ANYMAXIMUMIND, RATEROWID, BLANKCELLIND, VERSIONNO)
VALUES (80142, 80012, 0, 0, 11394, null, 6, '0', '0', 80011, '0', 1);
INSERT INTO RATECELL (RATECELLID, RATECOLUMNID, RATECELLMIN, RATECELLMAX, RATECELLVALUE, RATECELLTYPE, RATECELLINDEX, ANYMINIMUMIND, ANYMAXIMUMIND, RATEROWID, BLANKCELLIND, VERSIONNO)
VALUES (80143, 80010, 222420.01, 999999999, 0, null, 7, '1', '1', 80011, '1', 1);
INSERT INTO RATECELL (RATECELLID, RATECOLUMNID, RATECELLMIN, RATECELLMAX, RATECELLVALUE, RATECELLTYPE, RATECELLINDEX, ANYMINIMUMIND, ANYMAXIMUMIND, RATEROWID, BLANKCELLIND, VERSIONNO)
VALUES (80144, 80011, 0, 0, 20.5, null, 7, '0', '0', 80011, '0', 1);
INSERT INTO RATECELL (RATECELLID, RATECOLUMNID, RATECELLMIN, RATECELLMAX, RATECELLVALUE, RATECELLTYPE, RATECELLINDEX, ANYMINIMUMIND, ANYMAXIMUMIND, RATEROWID, BLANKCELLIND, VERSIONNO)
VALUES (80145, 80012, 0, 0, 19623, null, 7, '0', '0', 80011, '0', 1);
--AB
INSERT INTO RATEROW (RATEROWID, RATEHEADERID, RATEROWTYPE, RATEROWINDEX, VERSIONNO)
VALUES (80012, 80010, 'BDMRRT14', 1, 1);
INSERT INTO RATECELL (RATECELLID, RATECOLUMNID, RATECELLMIN, RATECELLMAX, RATECELLVALUE, RATECELLTYPE, RATECELLINDEX, ANYMINIMUMIND, ANYMAXIMUMIND, RATEROWID, BLANKCELLIND, VERSIONNO)
VALUES (80146, 80010, 0, 131220, 0, null, 1, '1', '1', 80012, '1', 1);
INSERT INTO RATECELL (RATECELLID, RATECOLUMNID, RATECELLMIN, RATECELLMAX, RATECELLVALUE, RATECELLTYPE, RATECELLINDEX, ANYMINIMUMIND, ANYMAXIMUMIND, RATEROWID, BLANKCELLIND, VERSIONNO)
VALUES (80147, 80011, 0, 0, 10, null, 1, '0', '0', 80012, '0', 1);
INSERT INTO RATECELL (RATECELLID, RATECOLUMNID, RATECELLMIN, RATECELLMAX, RATECELLVALUE, RATECELLTYPE, RATECELLINDEX, ANYMINIMUMIND, ANYMAXIMUMIND, RATEROWID, BLANKCELLIND, VERSIONNO)
VALUES (80148, 80012, 0, 0, 0, null, 1, '0', '0', 80012, '0', 1);
INSERT INTO RATECELL (RATECELLID, RATECOLUMNID, RATECELLMIN, RATECELLMAX, RATECELLVALUE, RATECELLTYPE, RATECELLINDEX, ANYMINIMUMIND, ANYMAXIMUMIND, RATEROWID, BLANKCELLIND, VERSIONNO)
VALUES (80149, 80010, 131220.01, 157464, 0, null, 2, '1', '1', 80012, '1', 1);
INSERT INTO RATECELL (RATECELLID, RATECOLUMNID, RATECELLMIN, RATECELLMAX, RATECELLVALUE, RATECELLTYPE, RATECELLINDEX, ANYMINIMUMIND, ANYMAXIMUMIND, RATEROWID, BLANKCELLIND, VERSIONNO)
VALUES (80150, 80011, 0, 0, 12, null, 2, '0', '0', 80012, '0', 1);
INSERT INTO RATECELL (RATECELLID, RATECOLUMNID, RATECELLMIN, RATECELLMAX, RATECELLVALUE, RATECELLTYPE, RATECELLINDEX, ANYMINIMUMIND, ANYMAXIMUMIND, RATEROWID, BLANKCELLIND, VERSIONNO)
VALUES (80151, 80012, 0, 0, 2624, null, 2, '0', '0', 80012, '0', 1);
INSERT INTO RATECELL (RATECELLID, RATECOLUMNID, RATECELLMIN, RATECELLMAX, RATECELLVALUE, RATECELLTYPE, RATECELLINDEX, ANYMINIMUMIND, ANYMAXIMUMIND, RATEROWID, BLANKCELLIND, VERSIONNO)
VALUES (80152, 80010, 157464.01, 209952, 0, null, 3, '1', '1', 80012, '1', 1);
INSERT INTO RATECELL (RATECELLID, RATECOLUMNID, RATECELLMIN, RATECELLMAX, RATECELLVALUE, RATECELLTYPE, RATECELLINDEX, ANYMINIMUMIND, ANYMAXIMUMIND, RATEROWID, BLANKCELLIND, VERSIONNO)
VALUES (80153, 80011, 0, 0, 13, null, 3, '0', '0', 80012, '0', 1);
INSERT INTO RATECELL (RATECELLID, RATECOLUMNID, RATECELLMIN, RATECELLMAX, RATECELLVALUE, RATECELLTYPE, RATECELLINDEX, ANYMINIMUMIND, ANYMAXIMUMIND, RATEROWID, BLANKCELLIND, VERSIONNO)
VALUES (80154, 80012, 0, 0, 4199, null, 3, '0', '0', 80012, '0', 1);
INSERT INTO RATECELL (RATECELLID, RATECOLUMNID, RATECELLMIN, RATECELLMAX, RATECELLVALUE, RATECELLTYPE, RATECELLINDEX, ANYMINIMUMIND, ANYMAXIMUMIND, RATEROWID, BLANKCELLIND, VERSIONNO)
VALUES (80155, 80010, 209952.01, 314928, 0, null, 4, '1', '1', 80012, '1', 1);
INSERT INTO RATECELL (RATECELLID, RATECOLUMNID, RATECELLMIN, RATECELLMAX, RATECELLVALUE, RATECELLTYPE, RATECELLINDEX, ANYMINIMUMIND, ANYMAXIMUMIND, RATEROWID, BLANKCELLIND, VERSIONNO)
VALUES (80156, 80011, 0, 0, 14, null, 4, '0', '0', 80012, '0', 1);
INSERT INTO RATECELL (RATECELLID, RATECOLUMNID, RATECELLMIN, RATECELLMAX, RATECELLVALUE, RATECELLTYPE, RATECELLINDEX, ANYMINIMUMIND, ANYMAXIMUMIND, RATEROWID, BLANKCELLIND, VERSIONNO)
VALUES (80157, 80012, 0, 0, 6299, null, 4, '0', '0', 80012, '0', 1);
INSERT INTO RATECELL (RATECELLID, RATECOLUMNID, RATECELLMIN, RATECELLMAX, RATECELLVALUE, RATECELLTYPE, RATECELLINDEX, ANYMINIMUMIND, ANYMAXIMUMIND, RATEROWID, BLANKCELLIND, VERSIONNO)
VALUES (80158, 80010, 314928.01, 999999999, 0, null, 5, '1', '1', 80012, '1', 1);
INSERT INTO RATECELL (RATECELLID, RATECOLUMNID, RATECELLMIN, RATECELLMAX, RATECELLVALUE, RATECELLTYPE, RATECELLINDEX, ANYMINIMUMIND, ANYMAXIMUMIND, RATEROWID, BLANKCELLIND, VERSIONNO)
VALUES (80159, 80011, 0, 0, 15, null, 5, '0', '0', 80012, '0', 1);
INSERT INTO RATECELL (RATECELLID, RATECOLUMNID, RATECELLMIN, RATECELLMAX, RATECELLVALUE, RATECELLTYPE, RATECELLINDEX, ANYMINIMUMIND, ANYMAXIMUMIND, RATEROWID, BLANKCELLIND, VERSIONNO)
VALUES (80160, 80012, 0, 0, 9448, null, 5, '0', '0', 80012, '0', 1);
--Manitoba
INSERT INTO RATEROW (RATEROWID, RATEHEADERID, RATEROWTYPE, RATEROWINDEX, VERSIONNO)
VALUES (80013, 80010, 'BDMRRT15', 1, 1);
INSERT INTO RATECELL (RATECELLID, RATECOLUMNID, RATECELLMIN, RATECELLMAX, RATECELLVALUE, RATECELLTYPE, RATECELLINDEX, ANYMINIMUMIND, ANYMAXIMUMIND, RATEROWID, BLANKCELLIND, VERSIONNO)
VALUES (80161, 80010, 0, 33723, 0, null, 1, '1', '1', 80013, '1', 1);
INSERT INTO RATECELL (RATECELLID, RATECOLUMNID, RATECELLMIN, RATECELLMAX, RATECELLVALUE, RATECELLTYPE, RATECELLINDEX, ANYMINIMUMIND, ANYMAXIMUMIND, RATEROWID, BLANKCELLIND, VERSIONNO)
VALUES (80162, 80011, 0, 0, 10.8, null, 1, '0', '0', 80013, '0', 1);
INSERT INTO RATECELL (RATECELLID, RATECOLUMNID, RATECELLMIN, RATECELLMAX, RATECELLVALUE, RATECELLTYPE, RATECELLINDEX, ANYMINIMUMIND, ANYMAXIMUMIND, RATEROWID, BLANKCELLIND, VERSIONNO)
VALUES (80163, 80012, 0, 0, 0, null, 1, '0', '0', 80013, '0', 1);
INSERT INTO RATECELL (RATECELLID, RATECOLUMNID, RATECELLMIN, RATECELLMAX, RATECELLVALUE, RATECELLTYPE, RATECELLINDEX, ANYMINIMUMIND, ANYMAXIMUMIND, RATEROWID, BLANKCELLIND, VERSIONNO)
VALUES (80164, 80010, 33723.01, 72885, 0, null, 2, '1', '1', 80013, '1', 1);
INSERT INTO RATECELL (RATECELLID, RATECOLUMNID, RATECELLMIN, RATECELLMAX, RATECELLVALUE, RATECELLTYPE, RATECELLINDEX, ANYMINIMUMIND, ANYMAXIMUMIND, RATEROWID, BLANKCELLIND, VERSIONNO)
VALUES (80165, 80011, 0, 0, 12.75, null, 2, '0', '0', 80013, '0', 1);
INSERT INTO RATECELL (RATECELLID, RATECOLUMNID, RATECELLMIN, RATECELLMAX, RATECELLVALUE, RATECELLTYPE, RATECELLINDEX, ANYMINIMUMIND, ANYMAXIMUMIND, RATEROWID, BLANKCELLIND, VERSIONNO)
VALUES (80166, 80012, 0, 0, 658, null, 2, '0', '0', 80013, '0', 1);
INSERT INTO RATECELL (RATECELLID, RATECOLUMNID, RATECELLMIN, RATECELLMAX, RATECELLVALUE, RATECELLTYPE, RATECELLINDEX, ANYMINIMUMIND, ANYMAXIMUMIND, RATEROWID, BLANKCELLIND, VERSIONNO)
VALUES (80167, 80010, 72885.01, 999999999, 0, null, 3, '1', '1', 80013, '1', 1);
INSERT INTO RATECELL (RATECELLID, RATECOLUMNID, RATECELLMIN, RATECELLMAX, RATECELLVALUE, RATECELLTYPE, RATECELLINDEX, ANYMINIMUMIND, ANYMAXIMUMIND, RATEROWID, BLANKCELLIND, VERSIONNO)
VALUES (80168, 80011, 0, 0, 17.4, null, 3, '0', '0', 80013, '0', 1);
INSERT INTO RATECELL (RATECELLID, RATECOLUMNID, RATECELLMIN, RATECELLMAX, RATECELLVALUE, RATECELLTYPE, RATECELLINDEX, ANYMINIMUMIND, ANYMAXIMUMIND, RATEROWID, BLANKCELLIND, VERSIONNO)
VALUES (80169, 80012, 0, 0, 4047, null, 3, '0', '0', 80013, '0', 1);
--NB
INSERT INTO RATEROW (RATEROWID, RATEHEADERID, RATEROWTYPE, RATEROWINDEX, VERSIONNO)
VALUES (80014, 80010, 'BDMRRT16', 1, 1);
INSERT INTO RATECELL (RATECELLID, RATECOLUMNID, RATECELLMIN, RATECELLMAX, RATECELLVALUE, RATECELLTYPE, RATECELLINDEX, ANYMINIMUMIND, ANYMAXIMUMIND, RATEROWID, BLANKCELLIND, VERSIONNO)
VALUES (80170, 80010, 0, 43835, 0, null, 1, '1', '1', 80014, '1', 1);
INSERT INTO RATECELL (RATECELLID, RATECOLUMNID, RATECELLMIN, RATECELLMAX, RATECELLVALUE, RATECELLTYPE, RATECELLINDEX, ANYMINIMUMIND, ANYMAXIMUMIND, RATEROWID, BLANKCELLIND, VERSIONNO)
VALUES (80171, 80011, 0, 0, 9.4, null, 1, '0', '0', 80014, '0', 1);
INSERT INTO RATECELL (RATECELLID, RATECOLUMNID, RATECELLMIN, RATECELLMAX, RATECELLVALUE, RATECELLTYPE, RATECELLINDEX, ANYMINIMUMIND, ANYMAXIMUMIND, RATEROWID, BLANKCELLIND, VERSIONNO)
VALUES (80172, 80012, 0, 0, 0, null, 1, '0', '0', 80014, '0', 1);
INSERT INTO RATECELL (RATECELLID, RATECOLUMNID, RATECELLMIN, RATECELLMAX, RATECELLVALUE, RATECELLTYPE, RATECELLINDEX, ANYMINIMUMIND, ANYMAXIMUMIND, RATEROWID, BLANKCELLIND, VERSIONNO)
VALUES (80173, 80010, 43835.01, 87671, 0, null, 2, '1', '1', 80014, '1', 1);
INSERT INTO RATECELL (RATECELLID, RATECOLUMNID, RATECELLMIN, RATECELLMAX, RATECELLVALUE, RATECELLTYPE, RATECELLINDEX, ANYMINIMUMIND, ANYMAXIMUMIND, RATEROWID, BLANKCELLIND, VERSIONNO)
VALUES (80174, 80011, 0, 0, 14.82, null, 2, '0', '0', 80014, '0', 1);
INSERT INTO RATECELL (RATECELLID, RATECOLUMNID, RATECELLMIN, RATECELLMAX, RATECELLVALUE, RATECELLTYPE, RATECELLINDEX, ANYMINIMUMIND, ANYMAXIMUMIND, RATEROWID, BLANKCELLIND, VERSIONNO)
VALUES (80175, 80012, 0, 0, 2253, null, 2, '0', '0', 80014, '0', 1);
INSERT INTO RATECELL (RATECELLID, RATECOLUMNID, RATECELLMIN, RATECELLMAX, RATECELLVALUE, RATECELLTYPE, RATECELLINDEX, ANYMINIMUMIND, ANYMAXIMUMIND, RATEROWID, BLANKCELLIND, VERSIONNO)
VALUES (80176, 80010, 87671.01, 142534, 0, null, 3, '1', '1', 80014, '1', 1);
INSERT INTO RATECELL (RATECELLID, RATECOLUMNID, RATECELLMIN, RATECELLMAX, RATECELLVALUE, RATECELLTYPE, RATECELLINDEX, ANYMINIMUMIND, ANYMAXIMUMIND, RATEROWID, BLANKCELLIND, VERSIONNO)
VALUES (80177, 80011, 0, 0, 16.52, null, 3, '0', '0', 80014, '0', 1);
INSERT INTO RATECELL (RATECELLID, RATECOLUMNID, RATECELLMIN, RATECELLMAX, RATECELLVALUE, RATECELLTYPE, RATECELLINDEX, ANYMINIMUMIND, ANYMAXIMUMIND, RATEROWID, BLANKCELLIND, VERSIONNO)
VALUES (80178, 80012, 0, 0, 3744, null, 3, '0', '0', 80014, '0', 1);
INSERT INTO RATECELL (RATECELLID, RATECOLUMNID, RATECELLMIN, RATECELLMAX, RATECELLVALUE, RATECELLTYPE, RATECELLINDEX, ANYMINIMUMIND, ANYMAXIMUMIND, RATEROWID, BLANKCELLIND, VERSIONNO)
VALUES (80179, 80010, 142534.01, 162383, 0, null, 4, '1', '1', 80014, '1', 1);
INSERT INTO RATECELL (RATECELLID, RATECOLUMNID, RATECELLMIN, RATECELLMAX, RATECELLVALUE, RATECELLTYPE, RATECELLINDEX, ANYMINIMUMIND, ANYMAXIMUMIND, RATEROWID, BLANKCELLIND, VERSIONNO)
VALUES (80180, 80011, 0, 0, 17.84, null, 4, '0', '0', 80014, '0', 1);
INSERT INTO RATECELL (RATECELLID, RATECOLUMNID, RATECELLMIN, RATECELLMAX, RATECELLVALUE, RATECELLTYPE, RATECELLINDEX, ANYMINIMUMIND, ANYMAXIMUMIND, RATEROWID, BLANKCELLIND, VERSIONNO)
VALUES (80181, 80012, 0, 0, 5625, null, 4, '0', '0', 80014, '0', 1);
INSERT INTO RATECELL (RATECELLID, RATECOLUMNID, RATECELLMIN, RATECELLMAX, RATECELLVALUE, RATECELLTYPE, RATECELLINDEX, ANYMINIMUMIND, ANYMAXIMUMIND, RATEROWID, BLANKCELLIND, VERSIONNO)
VALUES (80182, 80010, 162383.01, 999999999, 0, null, 5, '1', '1', 80014, '1', 1);
INSERT INTO RATECELL (RATECELLID, RATECOLUMNID, RATECELLMIN, RATECELLMAX, RATECELLVALUE, RATECELLTYPE, RATECELLINDEX, ANYMINIMUMIND, ANYMAXIMUMIND, RATEROWID, BLANKCELLIND, VERSIONNO)
VALUES (80183, 80011, 0, 0, 20.3, null, 5, '0', '0', 80014, '0', 1);
INSERT INTO RATECELL (RATECELLID, RATECOLUMNID, RATECELLMIN, RATECELLMAX, RATECELLVALUE, RATECELLTYPE, RATECELLINDEX, ANYMINIMUMIND, ANYMAXIMUMIND, RATEROWID, BLANKCELLIND, VERSIONNO)
VALUES (80184, 80012, 0, 0, 9620, null, 5, '0', '0', 80014, '0', 1);
--Newfoundland
INSERT INTO RATEROW (RATEROWID, RATEHEADERID, RATEROWTYPE, RATEROWINDEX, VERSIONNO)
VALUES (80015, 80010, 'BDMRRT17', 1, 1);
INSERT INTO RATECELL (RATECELLID, RATECOLUMNID, RATECELLMIN, RATECELLMAX, RATECELLVALUE, RATECELLTYPE, RATECELLINDEX, ANYMINIMUMIND, ANYMAXIMUMIND, RATEROWID, BLANKCELLIND, VERSIONNO)
VALUES (80185, 80010, 0, 38081, 0, null, 1, '1', '1', 80015, '1', 1);
INSERT INTO RATECELL (RATECELLID, RATECOLUMNID, RATECELLMIN, RATECELLMAX, RATECELLVALUE, RATECELLTYPE, RATECELLINDEX, ANYMINIMUMIND, ANYMAXIMUMIND, RATEROWID, BLANKCELLIND, VERSIONNO)
VALUES (80186, 80011, 0, 0, 8.7, null, 1, '0', '0', 80015, '0', 1);
INSERT INTO RATECELL (RATECELLID, RATECOLUMNID, RATECELLMIN, RATECELLMAX, RATECELLVALUE, RATECELLTYPE, RATECELLINDEX, ANYMINIMUMIND, ANYMAXIMUMIND, RATEROWID, BLANKCELLIND, VERSIONNO)
VALUES (80187, 80012, 0, 0, 0, null, 1, '0', '0', 80015, '0', 1);
INSERT INTO RATECELL (RATECELLID, RATECOLUMNID, RATECELLMIN, RATECELLMAX, RATECELLVALUE, RATECELLTYPE, RATECELLINDEX, ANYMINIMUMIND, ANYMAXIMUMIND, RATEROWID, BLANKCELLIND, VERSIONNO)
VALUES (80188, 80010, 38081.01, 76161, 0, null, 2, '1', '1', 80015, '1', 1);
INSERT INTO RATECELL (RATECELLID, RATECOLUMNID, RATECELLMIN, RATECELLMAX, RATECELLVALUE, RATECELLTYPE, RATECELLINDEX, ANYMINIMUMIND, ANYMAXIMUMIND, RATEROWID, BLANKCELLIND, VERSIONNO)
VALUES (80189, 80011, 0, 0, 14.5, null, 2, '0', '0', 80015, '0', 1);
INSERT INTO RATECELL (RATECELLID, RATECOLUMNID, RATECELLMIN, RATECELLMAX, RATECELLVALUE, RATECELLTYPE, RATECELLINDEX, ANYMINIMUMIND, ANYMAXIMUMIND, RATEROWID, BLANKCELLIND, VERSIONNO)
VALUES (80190, 80012, 0, 0, 2209, null, 2, '0', '0', 80015, '0', 1);
INSERT INTO RATECELL (RATECELLID, RATECOLUMNID, RATECELLMIN, RATECELLMAX, RATECELLVALUE, RATECELLTYPE, RATECELLINDEX, ANYMINIMUMIND, ANYMAXIMUMIND, RATEROWID, BLANKCELLIND, VERSIONNO)
VALUES (80191, 80010, 76161.01, 135973, 0, null, 3, '1', '1', 80015, '1', 1);
INSERT INTO RATECELL (RATECELLID, RATECOLUMNID, RATECELLMIN, RATECELLMAX, RATECELLVALUE, RATECELLTYPE, RATECELLINDEX, ANYMINIMUMIND, ANYMAXIMUMIND, RATEROWID, BLANKCELLIND, VERSIONNO)
VALUES (80192, 80011, 0, 0, 15.8, null, 3, '0', '0', 80015, '0', 1);
INSERT INTO RATECELL (RATECELLID, RATECOLUMNID, RATECELLMIN, RATECELLMAX, RATECELLVALUE, RATECELLTYPE, RATECELLINDEX, ANYMINIMUMIND, ANYMAXIMUMIND, RATEROWID, BLANKCELLIND, VERSIONNO)
VALUES (80193, 80012, 0, 0, 3199, null, 3, '0', '0', 80015, '0', 1);
INSERT INTO RATECELL (RATECELLID, RATECOLUMNID, RATECELLMIN, RATECELLMAX, RATECELLVALUE, RATECELLTYPE, RATECELLINDEX, ANYMINIMUMIND, ANYMAXIMUMIND, RATEROWID, BLANKCELLIND, VERSIONNO)
VALUES (80194, 80010, 135973.01, 190363, 0, null, 4, '1', '1', 80015, '1', 1);
INSERT INTO RATECELL (RATECELLID, RATECOLUMNID, RATECELLMIN, RATECELLMAX, RATECELLVALUE, RATECELLTYPE, RATECELLINDEX, ANYMINIMUMIND, ANYMAXIMUMIND, RATEROWID, BLANKCELLIND, VERSIONNO)
VALUES (80195, 80011, 0, 0, 17.3, null, 4, '0', '0', 80015, '0', 1);
INSERT INTO RATECELL (RATECELLID, RATECOLUMNID, RATECELLMIN, RATECELLMAX, RATECELLVALUE, RATECELLTYPE, RATECELLINDEX, ANYMINIMUMIND, ANYMAXIMUMIND, RATEROWID, BLANKCELLIND, VERSIONNO)
VALUES (80196, 80012, 0, 0, 5238, null, 4, '0', '0', 80015, '0', 1);
INSERT INTO RATECELL (RATECELLID, RATECOLUMNID, RATECELLMIN, RATECELLMAX, RATECELLVALUE, RATECELLTYPE, RATECELLINDEX, ANYMINIMUMIND, ANYMAXIMUMIND, RATEROWID, BLANKCELLIND, VERSIONNO)
VALUES (80197, 80010, 190363.01, 999999999, 0, null, 5, '1', '1', 80015, '1', 1);
INSERT INTO RATECELL (RATECELLID, RATECOLUMNID, RATECELLMIN, RATECELLMAX, RATECELLVALUE, RATECELLTYPE, RATECELLINDEX, ANYMINIMUMIND, ANYMAXIMUMIND, RATEROWID, BLANKCELLIND, VERSIONNO)
VALUES (80198, 80011, 0, 0, 18.3, null, 5, '0', '0', 80015, '0', 1);
INSERT INTO RATECELL (RATECELLID, RATECOLUMNID, RATECELLMIN, RATECELLMAX, RATECELLVALUE, RATECELLTYPE, RATECELLINDEX, ANYMINIMUMIND, ANYMAXIMUMIND, RATEROWID, BLANKCELLIND, VERSIONNO)
VALUES (80199, 80012, 0, 0, 7142, null, 5, '0', '0', 80015, '0', 1);
--Nova Scotia
INSERT INTO RATEROW (RATEROWID, RATEHEADERID, RATEROWTYPE, RATEROWINDEX, VERSIONNO)
VALUES (81000, 80010, 'BDMRRT12', 1, 1);
INSERT INTO RATECELL (RATECELLID, RATECOLUMNID, RATECELLMIN, RATECELLMAX, RATECELLVALUE, RATECELLTYPE, RATECELLINDEX, ANYMINIMUMIND, ANYMAXIMUMIND, RATEROWID, BLANKCELLIND, VERSIONNO)
VALUES (81000, 80010, 0, 29590, 0, null, 1, '1', '1', 81000, '1', 1);
INSERT INTO RATECELL (RATECELLID, RATECOLUMNID, RATECELLMIN, RATECELLMAX, RATECELLVALUE, RATECELLTYPE, RATECELLINDEX, ANYMINIMUMIND, ANYMAXIMUMIND, RATEROWID, BLANKCELLIND, VERSIONNO)
VALUES (81001, 80011, 0, 0, 8.79, null, 1, '0', '0', 81000, '0', 1);
INSERT INTO RATECELL (RATECELLID, RATECOLUMNID, RATECELLMIN, RATECELLMAX, RATECELLVALUE, RATECELLTYPE, RATECELLINDEX, ANYMINIMUMIND, ANYMAXIMUMIND, RATEROWID, BLANKCELLIND, VERSIONNO)
VALUES (81002, 80012, 0, 0, 0, null, 1, '0', '0', 81000, '0', 1);
INSERT INTO RATECELL (RATECELLID, RATECOLUMNID, RATECELLMIN, RATECELLMAX, RATECELLVALUE, RATECELLTYPE, RATECELLINDEX, ANYMINIMUMIND, ANYMAXIMUMIND, RATEROWID, BLANKCELLIND, VERSIONNO)
VALUES (81003, 80010, 29590.01, 59180, 0, null, 2, '1', '1', 81000, '1', 1);
INSERT INTO RATECELL (RATECELLID, RATECOLUMNID, RATECELLMIN, RATECELLMAX, RATECELLVALUE, RATECELLTYPE, RATECELLINDEX, ANYMINIMUMIND, ANYMAXIMUMIND, RATEROWID, BLANKCELLIND, VERSIONNO)
VALUES (81004, 80011, 0, 0, 14.95, null, 2, '0', '0', 81000, '0', 1);
INSERT INTO RATECELL (RATECELLID, RATECOLUMNID, RATECELLMIN, RATECELLMAX, RATECELLVALUE, RATECELLTYPE, RATECELLINDEX, ANYMINIMUMIND, ANYMAXIMUMIND, RATEROWID, BLANKCELLIND, VERSIONNO)
VALUES (81005, 80012, 0, 0, 1823, null, 2, '0', '0', 81000, '0', 1);
INSERT INTO RATECELL (RATECELLID, RATECOLUMNID, RATECELLMIN, RATECELLMAX, RATECELLVALUE, RATECELLTYPE, RATECELLINDEX, ANYMINIMUMIND, ANYMAXIMUMIND, RATEROWID, BLANKCELLIND, VERSIONNO)
VALUES (81006, 80010, 59180.01, 93000, 0, null, 3, '1', '1', 81000, '1', 1);
INSERT INTO RATECELL (RATECELLID, RATECOLUMNID, RATECELLMIN, RATECELLMAX, RATECELLVALUE, RATECELLTYPE, RATECELLINDEX, ANYMINIMUMIND, ANYMAXIMUMIND, RATEROWID, BLANKCELLIND, VERSIONNO)
VALUES (81007, 80011, 0, 0, 16.67, null, 3, '0', '0', 81000, '0', 1);
INSERT INTO RATECELL (RATECELLID, RATECOLUMNID, RATECELLMIN, RATECELLMAX, RATECELLVALUE, RATECELLTYPE, RATECELLINDEX, ANYMINIMUMIND, ANYMAXIMUMIND, RATEROWID, BLANKCELLIND, VERSIONNO)
VALUES (81008, 80012, 0, 0, 2841, null, 3, '0', '0', 81000, '0', 1);
INSERT INTO RATECELL (RATECELLID, RATECOLUMNID, RATECELLMIN, RATECELLMAX, RATECELLVALUE, RATECELLTYPE, RATECELLINDEX, ANYMINIMUMIND, ANYMAXIMUMIND, RATEROWID, BLANKCELLIND, VERSIONNO)
VALUES (81009, 80010, 93000.01, 150000, 0, null, 4, '1', '1', 81000, '1', 1);
INSERT INTO RATECELL (RATECELLID, RATECOLUMNID, RATECELLMIN, RATECELLMAX, RATECELLVALUE, RATECELLTYPE, RATECELLINDEX, ANYMINIMUMIND, ANYMAXIMUMIND, RATEROWID, BLANKCELLIND, VERSIONNO)
VALUES (81010, 80011, 0, 0, 17.5, null, 4, '0', '0', 81000, '0', 1);
INSERT INTO RATECELL (RATECELLID, RATECOLUMNID, RATECELLMIN, RATECELLMAX, RATECELLVALUE, RATECELLTYPE, RATECELLINDEX, ANYMINIMUMIND, ANYMAXIMUMIND, RATEROWID, BLANKCELLIND, VERSIONNO)
VALUES (81011, 80012, 0, 0, 3613, null, 4, '0', '0', 81000, '0', 1);
INSERT INTO RATECELL (RATECELLID, RATECOLUMNID, RATECELLMIN, RATECELLMAX, RATECELLVALUE, RATECELLTYPE, RATECELLINDEX, ANYMINIMUMIND, ANYMAXIMUMIND, RATEROWID, BLANKCELLIND, VERSIONNO)
VALUES (81012, 80010, 150000.01, 999999999, 0, null, 5, '1', '1', 81000, '1', 1);
INSERT INTO RATECELL (RATECELLID, RATECOLUMNID, RATECELLMIN, RATECELLMAX, RATECELLVALUE, RATECELLTYPE, RATECELLINDEX, ANYMINIMUMIND, ANYMAXIMUMIND, RATEROWID, BLANKCELLIND, VERSIONNO)
VALUES (81013, 80011, 0, 0, 21, null, 5, '0', '0', 81000, '0', 1);
INSERT INTO RATECELL (RATECELLID, RATECOLUMNID, RATECELLMIN, RATECELLMAX, RATECELLVALUE, RATECELLTYPE, RATECELLINDEX, ANYMINIMUMIND, ANYMAXIMUMIND, RATEROWID, BLANKCELLIND, VERSIONNO)
VALUES (81014, 80012, 0, 0, 8863, null, 5, '0', '0', 81000, '0', 1);
--NWT
INSERT INTO RATEROW (RATEROWID, RATEHEADERID, RATEROWTYPE, RATEROWINDEX, VERSIONNO)
VALUES (81001, 80010, 'BDMRRT18', 1, 1);
INSERT INTO RATECELL (RATECELLID, RATECOLUMNID, RATECELLMIN, RATECELLMAX, RATECELLVALUE, RATECELLTYPE, RATECELLINDEX, ANYMINIMUMIND, ANYMAXIMUMIND, RATEROWID, BLANKCELLIND, VERSIONNO)
VALUES (81015, 80010, 0, 44396, 0, null, 1, '1', '1', 81001, '1', 1);
INSERT INTO RATECELL (RATECELLID, RATECOLUMNID, RATECELLMIN, RATECELLMAX, RATECELLVALUE, RATECELLTYPE, RATECELLINDEX, ANYMINIMUMIND, ANYMAXIMUMIND, RATEROWID, BLANKCELLIND, VERSIONNO)
VALUES (81016, 80011, 0, 0, 5.9, null, 1, '0', '0', 81001, '0', 1);
INSERT INTO RATECELL (RATECELLID, RATECOLUMNID, RATECELLMIN, RATECELLMAX, RATECELLVALUE, RATECELLTYPE, RATECELLINDEX, ANYMINIMUMIND, ANYMAXIMUMIND, RATEROWID, BLANKCELLIND, VERSIONNO)
VALUES (81017, 80012, 0, 0, 0, null, 1, '0', '0', 81001, '0', 1);
INSERT INTO RATECELL (RATECELLID, RATECOLUMNID, RATECELLMIN, RATECELLMAX, RATECELLVALUE, RATECELLTYPE, RATECELLINDEX, ANYMINIMUMIND, ANYMAXIMUMIND, RATEROWID, BLANKCELLIND, VERSIONNO)
VALUES (81018, 80010, 44396.01, 88796, 0, null, 2, '1', '1', 81001, '1', 1);
INSERT INTO RATECELL (RATECELLID, RATECOLUMNID, RATECELLMIN, RATECELLMAX, RATECELLVALUE, RATECELLTYPE, RATECELLINDEX, ANYMINIMUMIND, ANYMAXIMUMIND, RATEROWID, BLANKCELLIND, VERSIONNO)
VALUES (81019, 80011, 0, 0, 8.6, null, 2, '0', '0', 81001, '0', 1);
INSERT INTO RATECELL (RATECELLID, RATECOLUMNID, RATECELLMIN, RATECELLMAX, RATECELLVALUE, RATECELLTYPE, RATECELLINDEX, ANYMINIMUMIND, ANYMAXIMUMIND, RATEROWID, BLANKCELLIND, VERSIONNO)
VALUES (81020, 80012, 0, 0, 1199, null, 2, '0', '0', 81001, '0', 1);
INSERT INTO RATECELL (RATECELLID, RATECOLUMNID, RATECELLMIN, RATECELLMAX, RATECELLVALUE, RATECELLTYPE, RATECELLINDEX, ANYMINIMUMIND, ANYMAXIMUMIND, RATEROWID, BLANKCELLIND, VERSIONNO)
VALUES (81021, 80010, 88796.01, 144362, 0, null, 3, '1', '1', 81001, '1', 1);
INSERT INTO RATECELL (RATECELLID, RATECOLUMNID, RATECELLMIN, RATECELLMAX, RATECELLVALUE, RATECELLTYPE, RATECELLINDEX, ANYMINIMUMIND, ANYMAXIMUMIND, RATEROWID, BLANKCELLIND, VERSIONNO)
VALUES (81022, 80011, 0, 0, 12.2, null, 3, '0', '0', 81001, '0', 1);
INSERT INTO RATECELL (RATECELLID, RATECOLUMNID, RATECELLMIN, RATECELLMAX, RATECELLVALUE, RATECELLTYPE, RATECELLINDEX, ANYMINIMUMIND, ANYMAXIMUMIND, RATEROWID, BLANKCELLIND, VERSIONNO)
VALUES (81023, 80012, 0, 0, 4395, null, 3, '0', '0', 81001, '0', 1);
INSERT INTO RATECELL (RATECELLID, RATECOLUMNID, RATECELLMIN, RATECELLMAX, RATECELLVALUE, RATECELLTYPE, RATECELLINDEX, ANYMINIMUMIND, ANYMAXIMUMIND, RATEROWID, BLANKCELLIND, VERSIONNO)
VALUES (81024, 80010, 144362.01, 999999999, 0, null, 4, '1', '1', 81001, '1', 1);
INSERT INTO RATECELL (RATECELLID, RATECOLUMNID, RATECELLMIN, RATECELLMAX, RATECELLVALUE, RATECELLTYPE, RATECELLINDEX, ANYMINIMUMIND, ANYMAXIMUMIND, RATEROWID, BLANKCELLIND, VERSIONNO)
VALUES (81025, 80011, 0, 0, 14.05, null, 4, '0', '0', 81001, '0', 1);
INSERT INTO RATECELL (RATECELLID, RATECOLUMNID, RATECELLMIN, RATECELLMAX, RATECELLVALUE, RATECELLTYPE, RATECELLINDEX, ANYMINIMUMIND, ANYMAXIMUMIND, RATEROWID, BLANKCELLIND, VERSIONNO)
VALUES (81026, 80012, 0, 0, 7066, null, 4, '0', '0', 81001, '0', 1);
--Nunavut
INSERT INTO RATEROW (RATEROWID, RATEHEADERID, RATEROWTYPE, RATEROWINDEX, VERSIONNO)
VALUES (81002, 80010, 'BDMRRT19', 1, 1);
INSERT INTO RATECELL (RATECELLID, RATECOLUMNID, RATECELLMIN, RATECELLMAX, RATECELLVALUE, RATECELLTYPE, RATECELLINDEX, ANYMINIMUMIND, ANYMAXIMUMIND, RATEROWID, BLANKCELLIND, VERSIONNO)
VALUES (81027, 80010, 0, 46740, 0, null, 1, '1', '1', 81002, '1', 1);
INSERT INTO RATECELL (RATECELLID, RATECOLUMNID, RATECELLMIN, RATECELLMAX, RATECELLVALUE, RATECELLTYPE, RATECELLINDEX, ANYMINIMUMIND, ANYMAXIMUMIND, RATEROWID, BLANKCELLIND, VERSIONNO)
VALUES (81028, 80011, 0, 0, 4, null, 1, '0', '0', 81002, '0', 1);
INSERT INTO RATECELL (RATECELLID, RATECOLUMNID, RATECELLMIN, RATECELLMAX, RATECELLVALUE, RATECELLTYPE, RATECELLINDEX, ANYMINIMUMIND, ANYMAXIMUMIND, RATEROWID, BLANKCELLIND, VERSIONNO)
VALUES (81029, 80012, 0, 0, 0, null, 1, '0', '0', 81002, '0', 1);
INSERT INTO RATECELL (RATECELLID, RATECOLUMNID, RATECELLMIN, RATECELLMAX, RATECELLVALUE, RATECELLTYPE, RATECELLINDEX, ANYMINIMUMIND, ANYMAXIMUMIND, RATEROWID, BLANKCELLIND, VERSIONNO)
VALUES (81030, 80010, 46740.01, 93480, 0, null, 2, '1', '1', 81002, '1', 1);
INSERT INTO RATECELL (RATECELLID, RATECOLUMNID, RATECELLMIN, RATECELLMAX, RATECELLVALUE, RATECELLTYPE, RATECELLINDEX, ANYMINIMUMIND, ANYMAXIMUMIND, RATEROWID, BLANKCELLIND, VERSIONNO)
VALUES (81031, 80011, 0, 0, 7, null, 2, '0', '0', 81002, '0', 1);
INSERT INTO RATECELL (RATECELLID, RATECOLUMNID, RATECELLMIN, RATECELLMAX, RATECELLVALUE, RATECELLTYPE, RATECELLINDEX, ANYMINIMUMIND, ANYMAXIMUMIND, RATEROWID, BLANKCELLIND, VERSIONNO)
VALUES (81032, 80012, 0, 0, 1402, null, 2, '0', '0', 81002, '0', 1);
INSERT INTO RATECELL (RATECELLID, RATECOLUMNID, RATECELLMIN, RATECELLMAX, RATECELLVALUE, RATECELLTYPE, RATECELLINDEX, ANYMINIMUMIND, ANYMAXIMUMIND, RATEROWID, BLANKCELLIND, VERSIONNO)
VALUES (81033, 80010, 93480.01, 151978, 0, null, 3, '1', '1', 81002, '1', 1);
INSERT INTO RATECELL (RATECELLID, RATECOLUMNID, RATECELLMIN, RATECELLMAX, RATECELLVALUE, RATECELLTYPE, RATECELLINDEX, ANYMINIMUMIND, ANYMAXIMUMIND, RATEROWID, BLANKCELLIND, VERSIONNO)
VALUES (81034, 80011, 0, 0, 9, null, 3, '0', '0', 81002, '0', 1);
INSERT INTO RATECELL (RATECELLID, RATECOLUMNID, RATECELLMIN, RATECELLMAX, RATECELLVALUE, RATECELLTYPE, RATECELLINDEX, ANYMINIMUMIND, ANYMAXIMUMIND, RATEROWID, BLANKCELLIND, VERSIONNO)
VALUES (81035, 80012, 0, 0, 3272, null, 3, '0', '0', 81002, '0', 1);
INSERT INTO RATECELL (RATECELLID, RATECOLUMNID, RATECELLMIN, RATECELLMAX, RATECELLVALUE, RATECELLTYPE, RATECELLINDEX, ANYMINIMUMIND, ANYMAXIMUMIND, RATEROWID, BLANKCELLIND, VERSIONNO)
VALUES (81036, 80010, 151978.01, 999999999, 0, null, 4, '1', '1', 81002, '1', 1);
INSERT INTO RATECELL (RATECELLID, RATECOLUMNID, RATECELLMIN, RATECELLMAX, RATECELLVALUE, RATECELLTYPE, RATECELLINDEX, ANYMINIMUMIND, ANYMAXIMUMIND, RATEROWID, BLANKCELLIND, VERSIONNO)
VALUES (81037, 80011, 0, 0, 11.5, null, 4, '0', '0', 81002, '0', 1);
INSERT INTO RATECELL (RATECELLID, RATECOLUMNID, RATECELLMIN, RATECELLMAX, RATECELLVALUE, RATECELLTYPE, RATECELLINDEX, ANYMINIMUMIND, ANYMAXIMUMIND, RATEROWID, BLANKCELLIND, VERSIONNO)
VALUES (81038, 80012, 0, 0, 7071, null, 4, '0', '0', 81002, '0', 1);

INSERT INTO RATEHEADER (RATEHEADERID, EFFECTIVEDATE, RATETABLETYPE, COMMENTS, RATESTATUS, VERSIONNO)
VALUES (81000, '2021-07-01-00.00.00', 'BDMRTT3', null, 'RS1', 1);
INSERT INTO RATECOLUMN (RATECOLUMNID, RATEHEADERID, PARENTCOLUMNID, RATECOLUMNKEYMIN, RATECOLUMNKEYMAX, RATECOLUMNKEYVALUE, RATECOLUMNTYPE, RATECOLUMNINDEX, ANYMINIMUMIND, ANYMAXIMUMIND, VERSIONNO)
VALUES (81000, 81000, null, 0, 0, 0, 'BDMRCT10', 1, '0', '0', 1);
INSERT INTO RATECOLUMN (RATECOLUMNID, RATEHEADERID, PARENTCOLUMNID, RATECOLUMNKEYMIN, RATECOLUMNKEYMAX, RATECOLUMNKEYVALUE, RATECOLUMNTYPE, RATECOLUMNINDEX, ANYMINIMUMIND, ANYMAXIMUMIND, VERSIONNO)
VALUES (81001, 81000, null, 0, 0, 0, 'BDMRCT11', 2, '0', '0', 1);
INSERT INTO RATECOLUMN (RATECOLUMNID, RATEHEADERID, PARENTCOLUMNID, RATECOLUMNKEYMIN, RATECOLUMNKEYMAX, RATECOLUMNKEYVALUE, RATECOLUMNTYPE, RATECOLUMNINDEX, ANYMINIMUMIND, ANYMAXIMUMIND, VERSIONNO)
VALUES (81002, 81000, null, 0, 0, 0, 'BDMRCT12', 3, '0', '0', 1);
--New Brunswick
INSERT INTO RATEROW (RATEROWID, RATEHEADERID, RATEROWTYPE, RATEROWINDEX, VERSIONNO)
VALUES (81007, 81000, 'BDMRRT16', 1, 1);
INSERT INTO RATECELL (RATECELLID, RATECOLUMNID, RATECELLMIN, RATECELLMAX, RATECELLVALUE, RATECELLTYPE, RATECELLINDEX, ANYMINIMUMIND, ANYMAXIMUMIND, RATEROWID, BLANKCELLIND, VERSIONNO)
VALUES (81087, 81000, 0, 43835, 0, null, 1, '1', '1', 81007, '1', 1);
INSERT INTO RATECELL (RATECELLID, RATECOLUMNID, RATECELLMIN, RATECELLMAX, RATECELLVALUE, RATECELLTYPE, RATECELLINDEX, ANYMINIMUMIND, ANYMAXIMUMIND, RATEROWID, BLANKCELLIND, VERSIONNO)
VALUES (81088, 81001, 0, 0, 9.12, null, 1, '0', '0', 81007, '0', 1);
INSERT INTO RATECELL (RATECELLID, RATECOLUMNID, RATECELLMIN, RATECELLMAX, RATECELLVALUE, RATECELLTYPE, RATECELLINDEX, ANYMINIMUMIND, ANYMAXIMUMIND, RATEROWID, BLANKCELLIND, VERSIONNO)
VALUES (81089, 81002, 0, 0, 0, null, 1, '0', '0', 81007, '0', 1);
INSERT INTO RATECELL (RATECELLID, RATECOLUMNID, RATECELLMIN, RATECELLMAX, RATECELLVALUE, RATECELLTYPE, RATECELLINDEX, ANYMINIMUMIND, ANYMAXIMUMIND, RATEROWID, BLANKCELLIND, VERSIONNO)
VALUES (81090, 81000, 43835.01, 87671, 0, null, 2, '1', '1', 81007, '1', 1);
INSERT INTO RATECELL (RATECELLID, RATECOLUMNID, RATECELLMIN, RATECELLMAX, RATECELLVALUE, RATECELLTYPE, RATECELLINDEX, ANYMINIMUMIND, ANYMAXIMUMIND, RATEROWID, BLANKCELLIND, VERSIONNO)
VALUES (81091, 81001, 0, 0, 14.82, null, 2, '0', '0', 81007, '0', 1);
INSERT INTO RATECELL (RATECELLID, RATECOLUMNID, RATECELLMIN, RATECELLMAX, RATECELLVALUE, RATECELLTYPE, RATECELLINDEX, ANYMINIMUMIND, ANYMAXIMUMIND, RATEROWID, BLANKCELLIND, VERSIONNO)
VALUES (81092, 81002, 0, 0, 2499, null, 2, '0', '0', 81007, '0', 1);
INSERT INTO RATECELL (RATECELLID, RATECOLUMNID, RATECELLMIN, RATECELLMAX, RATECELLVALUE, RATECELLTYPE, RATECELLINDEX, ANYMINIMUMIND, ANYMAXIMUMIND, RATEROWID, BLANKCELLIND, VERSIONNO)
VALUES (81093, 81000, 87671.01, 142534, 0, null, 3, '1', '1', 81007, '1', 1);
INSERT INTO RATECELL (RATECELLID, RATECOLUMNID, RATECELLMIN, RATECELLMAX, RATECELLVALUE, RATECELLTYPE, RATECELLINDEX, ANYMINIMUMIND, ANYMAXIMUMIND, RATEROWID, BLANKCELLIND, VERSIONNO)
VALUES (81094, 81001, 0, 0, 16.52, null, 3, '0', '0', 81007, '0', 1);
INSERT INTO RATECELL (RATECELLID, RATECOLUMNID, RATECELLMIN, RATECELLMAX, RATECELLVALUE, RATECELLTYPE, RATECELLINDEX, ANYMINIMUMIND, ANYMAXIMUMIND, RATEROWID, BLANKCELLIND, VERSIONNO)
VALUES (81095, 81002, 0, 0, 3989, null, 3, '0', '0', 81007, '0', 1);
INSERT INTO RATECELL (RATECELLID, RATECOLUMNID, RATECELLMIN, RATECELLMAX, RATECELLVALUE, RATECELLTYPE, RATECELLINDEX, ANYMINIMUMIND, ANYMAXIMUMIND, RATEROWID, BLANKCELLIND, VERSIONNO)
VALUES (81096, 81000, 142534.01, 162383, 0, null, 4, '1', '1', 81007, '1', 1);
INSERT INTO RATECELL (RATECELLID, RATECOLUMNID, RATECELLMIN, RATECELLMAX, RATECELLVALUE, RATECELLTYPE, RATECELLINDEX, ANYMINIMUMIND, ANYMAXIMUMIND, RATEROWID, BLANKCELLIND, VERSIONNO)
VALUES (81097, 81001, 0, 0, 17.84, null, 4, '0', '0', 81007, '0', 1);
INSERT INTO RATECELL (RATECELLID, RATECOLUMNID, RATECELLMIN, RATECELLMAX, RATECELLVALUE, RATECELLTYPE, RATECELLINDEX, ANYMINIMUMIND, ANYMAXIMUMIND, RATEROWID, BLANKCELLIND, VERSIONNO)
VALUES (81098, 81002, 0, 0, 5870, null, 4, '0', '0', 81007, '0', 1);
INSERT INTO RATECELL (RATECELLID, RATECOLUMNID, RATECELLMIN, RATECELLMAX, RATECELLVALUE, RATECELLTYPE, RATECELLINDEX, ANYMINIMUMIND, ANYMAXIMUMIND, RATEROWID, BLANKCELLIND, VERSIONNO)
VALUES (81099, 81000, 162383.01, 999999999, 0, null, 5, '1', '1', 81007, '1', 1);
INSERT INTO RATECELL (RATECELLID, RATECOLUMNID, RATECELLMIN, RATECELLMAX, RATECELLVALUE, RATECELLTYPE, RATECELLINDEX, ANYMINIMUMIND, ANYMAXIMUMIND, RATEROWID, BLANKCELLIND, VERSIONNO)
VALUES (81100, 81001, 0, 0, 20.3, null, 5, '0', '0', 81007, '0', 1);
INSERT INTO RATECELL (RATECELLID, RATECOLUMNID, RATECELLMIN, RATECELLMAX, RATECELLVALUE, RATECELLTYPE, RATECELLINDEX, ANYMINIMUMIND, ANYMAXIMUMIND, RATEROWID, BLANKCELLIND, VERSIONNO)
VALUES (81101, 81002, 0, 0, 9865, null, 5, '0', '0', 81007, '0', 1);
----------------------
-- TD1 Rates
INSERT INTO RATEHEADER (RATEHEADERID, EFFECTIVEDATE, RATETABLETYPE, COMMENTS, RATESTATUS, VERSIONNO)
VALUES (80020, '2021-01-01-00.00.00', 'BDMRTT4', null, 'RS1', 1);
INSERT INTO RATECOLUMN (RATECOLUMNID, RATEHEADERID, PARENTCOLUMNID, RATECOLUMNKEYMIN, RATECOLUMNKEYMAX, RATECOLUMNKEYVALUE, RATECOLUMNTYPE, RATECOLUMNINDEX, ANYMINIMUMIND, ANYMAXIMUMIND, VERSIONNO)
VALUES (80020, 80020, null, 0, 0, 0, 'BDMRCT13', 1, '0', '0', 1);
INSERT INTO RATECOLUMN (RATECOLUMNID, RATEHEADERID, PARENTCOLUMNID, RATECOLUMNKEYMIN, RATECOLUMNKEYMAX, RATECOLUMNKEYVALUE, RATECOLUMNTYPE, RATECOLUMNINDEX, ANYMINIMUMIND, ANYMAXIMUMIND, VERSIONNO)
VALUES (80021, 80020, null, 0, 0, 0, 'BDMRCT14', 1, '0', '0', 1);
INSERT INTO RATECOLUMN (RATECOLUMNID, RATEHEADERID, PARENTCOLUMNID, RATECOLUMNKEYMIN, RATECOLUMNKEYMAX, RATECOLUMNKEYVALUE, RATECOLUMNTYPE, RATECOLUMNINDEX, ANYMINIMUMIND, ANYMAXIMUMIND, VERSIONNO)
VALUES (80022, 80020, null, 0, 0, 0, 'BDMRCT15', 1, '0', '0', 1);
INSERT INTO RATECOLUMN (RATECOLUMNID, RATEHEADERID, PARENTCOLUMNID, RATECOLUMNKEYMIN, RATECOLUMNKEYMAX, RATECOLUMNKEYVALUE, RATECOLUMNTYPE, RATECOLUMNINDEX, ANYMINIMUMIND, ANYMAXIMUMIND, VERSIONNO)
VALUES (80023, 80020, null, 0, 0, 0, 'BDMRCT16', 1, '0', '0', 1);
INSERT INTO RATECOLUMN (RATECOLUMNID, RATEHEADERID, PARENTCOLUMNID, RATECOLUMNKEYMIN, RATECOLUMNKEYMAX, RATECOLUMNKEYVALUE, RATECOLUMNTYPE, RATECOLUMNINDEX, ANYMINIMUMIND, ANYMAXIMUMIND, VERSIONNO)
VALUES (80024, 80020, null, 0, 0, 0, 'BDMRCT17', 1, '0', '0', 1);
INSERT INTO RATECOLUMN (RATECOLUMNID, RATEHEADERID, PARENTCOLUMNID, RATECOLUMNKEYMIN, RATECOLUMNKEYMAX, RATECOLUMNKEYVALUE, RATECOLUMNTYPE, RATECOLUMNINDEX, ANYMINIMUMIND, ANYMAXIMUMIND, VERSIONNO)
VALUES (80025, 80020, null, 0, 0, 0, 'BDMRCT18', 1, '0', '0', 1);
INSERT INTO RATECOLUMN (RATECOLUMNID, RATEHEADERID, PARENTCOLUMNID, RATECOLUMNKEYMIN, RATECOLUMNKEYMAX, RATECOLUMNKEYVALUE, RATECOLUMNTYPE, RATECOLUMNINDEX, ANYMINIMUMIND, ANYMAXIMUMIND, VERSIONNO)
VALUES (80026, 80020, null, 0, 0, 0, 'BDMRCT19', 1, '0', '0', 1);
INSERT INTO RATECOLUMN (RATECOLUMNID, RATEHEADERID, PARENTCOLUMNID, RATECOLUMNKEYMIN, RATECOLUMNKEYMAX, RATECOLUMNKEYVALUE, RATECOLUMNTYPE, RATECOLUMNINDEX, ANYMINIMUMIND, ANYMAXIMUMIND, VERSIONNO)
VALUES (80027, 80020, null, 0, 0, 0, 'BDMRCT20', 1, '0', '0', 1);
--British Columbia
INSERT INTO RATEROW (RATEROWID, RATEHEADERID, RATEROWTYPE, RATEROWINDEX, VERSIONNO)
VALUES (80021, 80020, 'BDMRRT11', 1, 1);
INSERT INTO RATECELL (RATECELLID, RATECOLUMNID, RATECELLMIN, RATECELLMAX, RATECELLVALUE, RATECELLTYPE, RATECELLINDEX, ANYMINIMUMIND, ANYMAXIMUMIND, RATEROWID, BLANKCELLIND, VERSIONNO)
VALUES (80218, 80020, 0, 0, 11070, null, 1, '0', '0', 80021, '0', 1);
INSERT INTO RATECELL (RATECELLID, RATECOLUMNID, RATECELLMIN, RATECELLMAX, RATECELLVALUE, RATECELLTYPE, RATECELLINDEX, ANYMINIMUMIND, ANYMAXIMUMIND, RATEROWID, BLANKCELLIND, VERSIONNO)
VALUES (80219, 80021, 0, 0, 4964, null, 1, '0', '0', 80021, '0', 1);
INSERT INTO RATECELL (RATECELLID, RATECOLUMNID, RATECELLMIN, RATECELLMAX, RATECELLVALUE, RATECELLTYPE, RATECELLINDEX, ANYMINIMUMIND, ANYMAXIMUMIND, RATEROWID, BLANKCELLIND, VERSIONNO)
VALUES (80220, 80022, 0, 0, 9479, null, 1, '0', '0', 80021, '0', 1);
INSERT INTO RATECELL (RATECELLID, RATECOLUMNID, RATECELLMIN, RATECELLMAX, RATECELLVALUE, RATECELLTYPE, RATECELLINDEX, ANYMINIMUMIND, ANYMAXIMUMIND, RATEROWID, BLANKCELLIND, VERSIONNO)
VALUES (80221, 80023, 0, 0, 0, null, 1, '0', '0', 80021, '1', 1);
INSERT INTO RATECELL (RATECELLID, RATECOLUMNID, RATECELLMIN, RATECELLMAX, RATECELLVALUE, RATECELLTYPE, RATECELLINDEX, ANYMINIMUMIND, ANYMAXIMUMIND, RATEROWID, BLANKCELLIND, VERSIONNO)
VALUES (80222, 80024, 0, 0, 0, null, 1, '0', '0', 80021, '1', 1);
INSERT INTO RATECELL (RATECELLID, RATECOLUMNID, RATECELLMIN, RATECELLMAX, RATECELLVALUE, RATECELLTYPE, RATECELLINDEX, ANYMINIMUMIND, ANYMAXIMUMIND, RATEROWID, BLANKCELLIND, VERSIONNO)
VALUES (80223, 80025, 0, 0, 0, null, 1, '0', '0', 80021, '1', 1);
INSERT INTO RATECELL (RATECELLID, RATECOLUMNID, RATECELLMIN, RATECELLMAX, RATECELLVALUE, RATECELLTYPE, RATECELLINDEX, ANYMINIMUMIND, ANYMAXIMUMIND, RATEROWID, BLANKCELLIND, VERSIONNO)
VALUES (80224, 80026, 0, 0, 0, null, 1, '0', '0', 80021, '1', 1);
INSERT INTO RATECELL (RATECELLID, RATECOLUMNID, RATECELLMIN, RATECELLMAX, RATECELLVALUE, RATECELLTYPE, RATECELLINDEX, ANYMINIMUMIND, ANYMAXIMUMIND, RATEROWID, BLANKCELLIND, VERSIONNO)
VALUES (80225, 80027, 0, 0, 0, null, 1, '0', '0', 80021, '1', 1);
--Nova Scotia
INSERT INTO RATEROW (RATEROWID, RATEHEADERID, RATEROWTYPE, RATEROWINDEX, VERSIONNO)
VALUES (80022, 80020, 'BDMRRT12', 1, 1);
INSERT INTO RATECELL (RATECELLID, RATECOLUMNID, RATECELLMIN, RATECELLMAX, RATECELLVALUE, RATECELLTYPE, RATECELLINDEX, ANYMINIMUMIND, ANYMAXIMUMIND, RATEROWID, BLANKCELLIND, VERSIONNO)
VALUES (80226, 80020, 0, 0, 8481, null, 1, '0', '0', 80022, '0', 1);
INSERT INTO RATECELL (RATECELLID, RATECOLUMNID, RATECELLMIN, RATECELLMAX, RATECELLVALUE, RATECELLTYPE, RATECELLINDEX, ANYMINIMUMIND, ANYMAXIMUMIND, RATEROWID, BLANKCELLIND, VERSIONNO)
VALUES (80227, 80021, 0, 0, 4141, null, 1, '0', '0', 80022, '0', 1);
INSERT INTO RATECELL (RATECELLID, RATECOLUMNID, RATECELLMIN, RATECELLMAX, RATECELLVALUE, RATECELLTYPE, RATECELLINDEX, ANYMINIMUMIND, ANYMAXIMUMIND, RATEROWID, BLANKCELLIND, VERSIONNO)
VALUES (80228, 80022, 0, 0, 8481, null, 1, '0', '0', 80022, '0', 1);
INSERT INTO RATECELL (RATECELLID, RATECOLUMNID, RATECELLMIN, RATECELLMAX, RATECELLVALUE, RATECELLTYPE, RATECELLINDEX, ANYMINIMUMIND, ANYMAXIMUMIND, RATEROWID, BLANKCELLIND, VERSIONNO)
VALUES (80229, 80023, 0, 0, 0, null, 1, '0', '0', 80022, '1', 1);
INSERT INTO RATECELL (RATECELLID, RATECOLUMNID, RATECELLMIN, RATECELLMAX, RATECELLVALUE, RATECELLTYPE, RATECELLINDEX, ANYMINIMUMIND, ANYMAXIMUMIND, RATEROWID, BLANKCELLIND, VERSIONNO)
VALUES (80230, 80024, 0, 25000, 3000, null, 1, '1', '1', 80022, '0', 1);
INSERT INTO RATECELL (RATECELLID, RATECOLUMNID, RATECELLMIN, RATECELLMAX, RATECELLVALUE, RATECELLTYPE, RATECELLINDEX, ANYMINIMUMIND, ANYMAXIMUMIND, RATEROWID, BLANKCELLIND, VERSIONNO)
VALUES (80231, 80025, 0, 25000, 1465, null, 1, '1', '1', 80022, '0', 1);
INSERT INTO RATECELL (RATECELLID, RATECOLUMNID, RATECELLMIN, RATECELLMAX, RATECELLVALUE, RATECELLTYPE, RATECELLINDEX, ANYMINIMUMIND, ANYMAXIMUMIND, RATEROWID, BLANKCELLIND, VERSIONNO)
VALUES (80232, 80026, 0, 25000, 3000, null, 1, '1', '1', 80022, '0', 1);
INSERT INTO RATECELL (RATECELLID, RATECOLUMNID, RATECELLMIN, RATECELLMAX, RATECELLVALUE, RATECELLTYPE, RATECELLINDEX, ANYMINIMUMIND, ANYMAXIMUMIND, RATEROWID, BLANKCELLIND, VERSIONNO)
VALUES (80233, 80027, 0, 0, 0, null, 1, '0', '0', 80022, '1', 1);
--Saskatchewan
INSERT INTO RATEROW (RATEROWID, RATEHEADERID, RATEROWTYPE, RATEROWINDEX, VERSIONNO)
VALUES (80023, 80020, 'BDMRRT13', 1, 1);
INSERT INTO RATECELL (RATECELLID, RATECOLUMNID, RATECELLMIN, RATECELLMAX, RATECELLVALUE, RATECELLTYPE, RATECELLINDEX, ANYMINIMUMIND, ANYMAXIMUMIND, RATEROWID, BLANKCELLIND, VERSIONNO)
VALUES (80234, 80020, 0, 0, 16225, null, 1, '0', '0', 80023, '0', 1);
INSERT INTO RATECELL (RATECELLID, RATECOLUMNID, RATECELLMIN, RATECELLMAX, RATECELLVALUE, RATECELLTYPE, RATECELLINDEX, ANYMINIMUMIND, ANYMAXIMUMIND, RATEROWID, BLANKCELLIND, VERSIONNO)
VALUES (80235, 80021, 0, 0, 4942, null, 1, '0', '0', 80023, '0', 1);
INSERT INTO RATECELL (RATECELLID, RATECOLUMNID, RATECELLMIN, RATECELLMAX, RATECELLVALUE, RATECELLTYPE, RATECELLINDEX, ANYMINIMUMIND, ANYMAXIMUMIND, RATEROWID, BLANKCELLIND, VERSIONNO)
VALUES (80236, 80022, 0, 0, 16225, null, 1, '0', '0', 80023, '0', 1);
INSERT INTO RATECELL (RATECELLID, RATECOLUMNID, RATECELLMIN, RATECELLMAX, RATECELLVALUE, RATECELLTYPE, RATECELLINDEX, ANYMINIMUMIND, ANYMAXIMUMIND, RATEROWID, BLANKCELLIND, VERSIONNO)
VALUES (80237, 80023, 0, 0, 6155, null, 1, '0', '0', 80023, '0', 1);
INSERT INTO RATECELL (RATECELLID, RATECOLUMNID, RATECELLMIN, RATECELLMAX, RATECELLVALUE, RATECELLTYPE, RATECELLINDEX, ANYMINIMUMIND, ANYMAXIMUMIND, RATEROWID, BLANKCELLIND, VERSIONNO)
VALUES (80238, 80024, 0, 0, 0, null, 1, '0', '0', 80023, '1', 1);
INSERT INTO RATECELL (RATECELLID, RATECOLUMNID, RATECELLMIN, RATECELLMAX, RATECELLVALUE, RATECELLTYPE, RATECELLINDEX, ANYMINIMUMIND, ANYMAXIMUMIND, RATEROWID, BLANKCELLIND, VERSIONNO)
VALUES (80239, 80025, 0, 0, 0, null, 1, '0', '0', 80023, '1', 1);
INSERT INTO RATECELL (RATECELLID, RATECOLUMNID, RATECELLMIN, RATECELLMAX, RATECELLVALUE, RATECELLTYPE, RATECELLINDEX, ANYMINIMUMIND, ANYMAXIMUMIND, RATEROWID, BLANKCELLIND, VERSIONNO)
VALUES (80240, 80026, 0, 0, 0, null, 1, '0', '0', 80023, '1', 1);
INSERT INTO RATECELL (RATECELLID, RATECOLUMNID, RATECELLMIN, RATECELLMAX, RATECELLVALUE, RATECELLTYPE, RATECELLINDEX, ANYMINIMUMIND, ANYMAXIMUMIND, RATEROWID, BLANKCELLIND, VERSIONNO)
VALUES (80241, 80027, 0, 0, 0, null, 1, '0', '0', 80023, '1', 1);
--Alberta
INSERT INTO RATEROW (RATEROWID, RATEHEADERID, RATEROWTYPE, RATEROWINDEX, VERSIONNO)
VALUES (80024, 80020, 'BDMRRT14', 1, 1);
INSERT INTO RATECELL (RATECELLID, RATECOLUMNID, RATECELLMIN, RATECELLMAX, RATECELLVALUE, RATECELLTYPE, RATECELLINDEX, ANYMINIMUMIND, ANYMAXIMUMIND, RATEROWID, BLANKCELLIND, VERSIONNO)
VALUES (80242, 80020, 0, 0, 19369, null, 1, '0', '0', 80024, '0', 1);
INSERT INTO RATECELL (RATECELLID, RATECOLUMNID, RATECELLMIN, RATECELLMAX, RATECELLVALUE, RATECELLTYPE, RATECELLINDEX, ANYMINIMUMIND, ANYMAXIMUMIND, RATEROWID, BLANKCELLIND, VERSIONNO)
VALUES (80243, 80021, 0, 0, 5397, null, 1, '0', '0', 80024, '0', 1);
INSERT INTO RATECELL (RATECELLID, RATECOLUMNID, RATECELLMIN, RATECELLMAX, RATECELLVALUE, RATECELLTYPE, RATECELLINDEX, ANYMINIMUMIND, ANYMAXIMUMIND, RATEROWID, BLANKCELLIND, VERSIONNO)
VALUES (80244, 80022, 0, 0, 19369, null, 1, '0', '0', 80024, '0', 1);
INSERT INTO RATECELL (RATECELLID, RATECOLUMNID, RATECELLMIN, RATECELLMAX, RATECELLVALUE, RATECELLTYPE, RATECELLINDEX, ANYMINIMUMIND, ANYMAXIMUMIND, RATEROWID, BLANKCELLIND, VERSIONNO)
VALUES (80245, 80023, 0, 0, 0, null, 1, '0', '0', 80024, '1', 1);
INSERT INTO RATECELL (RATECELLID, RATECOLUMNID, RATECELLMIN, RATECELLMAX, RATECELLVALUE, RATECELLTYPE, RATECELLINDEX, ANYMINIMUMIND, ANYMAXIMUMIND, RATEROWID, BLANKCELLIND, VERSIONNO)
VALUES (80246, 80024, 0, 0, 0, null, 1, '0', '0', 80024, '1', 1);
INSERT INTO RATECELL (RATECELLID, RATECOLUMNID, RATECELLMIN, RATECELLMAX, RATECELLVALUE, RATECELLTYPE, RATECELLINDEX, ANYMINIMUMIND, ANYMAXIMUMIND, RATEROWID, BLANKCELLIND, VERSIONNO)
VALUES (80247, 80025, 0, 0, 0, null, 1, '0', '0', 80024, '1', 1);
INSERT INTO RATECELL (RATECELLID, RATECOLUMNID, RATECELLMIN, RATECELLMAX, RATECELLVALUE, RATECELLTYPE, RATECELLINDEX, ANYMINIMUMIND, ANYMAXIMUMIND, RATEROWID, BLANKCELLIND, VERSIONNO)
VALUES (80248, 80026, 0, 0, 0, null, 1, '0', '0', 80024, '1', 1);
INSERT INTO RATECELL (RATECELLID, RATECOLUMNID, RATECELLMIN, RATECELLMAX, RATECELLVALUE, RATECELLTYPE, RATECELLINDEX, ANYMINIMUMIND, ANYMAXIMUMIND, RATEROWID, BLANKCELLIND, VERSIONNO)
VALUES (80249, 80027, 0, 0, 0, null, 1, '0', '0', 80024, '1', 1);
--Federal
INSERT INTO RATEROW (RATEROWID, RATEHEADERID, RATEROWTYPE, RATEROWINDEX, VERSIONNO)
VALUES (80020, 80020, 'BDMRRT10', 1, 1);
INSERT INTO RATECELL (RATECELLID, RATECOLUMNID, RATECELLMIN, RATECELLMAX, RATECELLVALUE, RATECELLTYPE, RATECELLINDEX, ANYMINIMUMIND, ANYMAXIMUMIND, RATEROWID, BLANKCELLIND, VERSIONNO)
VALUES (80210, 80020, 0, 0, 13808, null, 1, '0', '0', 80020, '0', 1);
INSERT INTO RATECELL (RATECELLID, RATECOLUMNID, RATECELLMIN, RATECELLMAX, RATECELLVALUE, RATECELLTYPE, RATECELLINDEX, ANYMINIMUMIND, ANYMAXIMUMIND, RATEROWID, BLANKCELLIND, VERSIONNO)
VALUES (80211, 80021, 0, 0, 7713, null, 1, '0', '0', 80020, '0', 1);
INSERT INTO RATECELL (RATECELLID, RATECOLUMNID, RATECELLMIN, RATECELLMAX, RATECELLVALUE, RATECELLTYPE, RATECELLINDEX, ANYMINIMUMIND, ANYMAXIMUMIND, RATEROWID, BLANKCELLIND, VERSIONNO)
VALUES (80212, 80022, 0, 0, 13808, null, 1, '0', '0', 80020, '0', 1);
INSERT INTO RATECELL (RATECELLID, RATECOLUMNID, RATECELLMIN, RATECELLMAX, RATECELLVALUE, RATECELLTYPE, RATECELLINDEX, ANYMINIMUMIND, ANYMAXIMUMIND, RATEROWID, BLANKCELLIND, VERSIONNO)
VALUES (80213, 80023, 0, 0, 0, null, 1, '0', '0', 80020, '1', 1);
INSERT INTO RATECELL (RATECELLID, RATECOLUMNID, RATECELLMIN, RATECELLMAX, RATECELLVALUE, RATECELLTYPE, RATECELLINDEX, ANYMINIMUMIND, ANYMAXIMUMIND, RATEROWID, BLANKCELLIND, VERSIONNO)
VALUES (80214, 80024, 0, 0, 0, null, 1, '0', '0', 80020, '1', 1);
INSERT INTO RATECELL (RATECELLID, RATECOLUMNID, RATECELLMIN, RATECELLMAX, RATECELLVALUE, RATECELLTYPE, RATECELLINDEX, ANYMINIMUMIND, ANYMAXIMUMIND, RATEROWID, BLANKCELLIND, VERSIONNO)
VALUES (80215, 80025, 0, 0, 0, null, 1, '0', '0', 80020, '1', 1);
INSERT INTO RATECELL (RATECELLID, RATECOLUMNID, RATECELLMIN, RATECELLMAX, RATECELLVALUE, RATECELLTYPE, RATECELLINDEX, ANYMINIMUMIND, ANYMAXIMUMIND, RATEROWID, BLANKCELLIND, VERSIONNO)
VALUES (80216, 80026, 0, 0, 0, null, 1, '0', '0', 80020, '1', 1);
INSERT INTO RATECELL (RATECELLID, RATECOLUMNID, RATECELLMIN, RATECELLMAX, RATECELLVALUE, RATECELLTYPE, RATECELLINDEX, ANYMINIMUMIND, ANYMAXIMUMIND, RATEROWID, BLANKCELLIND, VERSIONNO)
VALUES (80217, 80027, 0, 0, 0, null, 1, '0', '0', 80020, '1', 1);
--Manitoba
INSERT INTO RATEROW (RATEROWID, RATEHEADERID, RATEROWTYPE, RATEROWINDEX, VERSIONNO)
VALUES (80025, 80020, 'BDMRRT15', 1, 1);
INSERT INTO RATECELL (RATECELLID, RATECOLUMNID, RATECELLMIN, RATECELLMAX, RATECELLVALUE, RATECELLTYPE, RATECELLINDEX, ANYMINIMUMIND, ANYMAXIMUMIND, RATEROWID, BLANKCELLIND, VERSIONNO)
VALUES (80250, 80020, 0, 0, 9936, null, 1, '0', '0', 80025, '0', 1);
INSERT INTO RATECELL (RATECELLID, RATECOLUMNID, RATECELLMIN, RATECELLMAX, RATECELLVALUE, RATECELLTYPE, RATECELLINDEX, ANYMINIMUMIND, ANYMAXIMUMIND, RATEROWID, BLANKCELLIND, VERSIONNO)
VALUES (80251, 80021, 0, 0, 3728, null, 1, '0', '0', 80025, '0', 1);
INSERT INTO RATECELL (RATECELLID, RATECOLUMNID, RATECELLMIN, RATECELLMAX, RATECELLVALUE, RATECELLTYPE, RATECELLINDEX, ANYMINIMUMIND, ANYMAXIMUMIND, RATEROWID, BLANKCELLIND, VERSIONNO)
VALUES (80252, 80022, 0, 0, 9134, null, 1, '0', '0', 80025, '0', 1);
INSERT INTO RATECELL (RATECELLID, RATECOLUMNID, RATECELLMIN, RATECELLMAX, RATECELLVALUE, RATECELLTYPE, RATECELLINDEX, ANYMINIMUMIND, ANYMAXIMUMIND, RATEROWID, BLANKCELLIND, VERSIONNO)
VALUES (80253, 80023, 0, 0, 0, null, 1, '0', '0', 80025, '1', 1);
INSERT INTO RATECELL (RATECELLID, RATECOLUMNID, RATECELLMIN, RATECELLMAX, RATECELLVALUE, RATECELLTYPE, RATECELLINDEX, ANYMINIMUMIND, ANYMAXIMUMIND, RATEROWID, BLANKCELLIND, VERSIONNO)
VALUES (80254, 80024, 0, 0, 0, null, 1, '0', '0', 80025, '1', 1);
INSERT INTO RATECELL (RATECELLID, RATECOLUMNID, RATECELLMIN, RATECELLMAX, RATECELLVALUE, RATECELLTYPE, RATECELLINDEX, ANYMINIMUMIND, ANYMAXIMUMIND, RATEROWID, BLANKCELLIND, VERSIONNO)
VALUES (80255, 80025, 0, 0, 0, null, 1, '0', '0', 80025, '1', 1);
INSERT INTO RATECELL (RATECELLID, RATECOLUMNID, RATECELLMIN, RATECELLMAX, RATECELLVALUE, RATECELLTYPE, RATECELLINDEX, ANYMINIMUMIND, ANYMAXIMUMIND, RATEROWID, BLANKCELLIND, VERSIONNO)
VALUES (80256, 80026, 0, 0, 0, null, 1, '0', '0', 80025, '1', 1);
INSERT INTO RATECELL (RATECELLID, RATECOLUMNID, RATECELLMIN, RATECELLMAX, RATECELLVALUE, RATECELLTYPE, RATECELLINDEX, ANYMINIMUMIND, ANYMAXIMUMIND, RATEROWID, BLANKCELLIND, VERSIONNO)
VALUES (80257, 80027, 0, 0, 0, null, 1, '0', '0', 80025, '1', 1);
--New Brunswick
INSERT INTO RATEROW (RATEROWID, RATEHEADERID, RATEROWTYPE, RATEROWINDEX, VERSIONNO)
VALUES (80026, 80020, 'BDMRRT16', 1, 1);
INSERT INTO RATECELL (RATECELLID, RATECOLUMNID, RATECELLMIN, RATECELLMAX, RATECELLVALUE, RATECELLTYPE, RATECELLINDEX, ANYMINIMUMIND, ANYMAXIMUMIND, RATEROWID, BLANKCELLIND, VERSIONNO)
VALUES (80258, 80020, 0, 0, 10564, null, 1, '0', '0', 80026, '0', 1);
INSERT INTO RATECELL (RATECELLID, RATECOLUMNID, RATECELLMIN, RATECELLMAX, RATECELLVALUE, RATECELLTYPE, RATECELLINDEX, ANYMINIMUMIND, ANYMAXIMUMIND, RATEROWID, BLANKCELLIND, VERSIONNO)
VALUES (80259, 80021, 0, 0, 5158, null, 1, '0', '0', 80026, '0', 1);
INSERT INTO RATECELL (RATECELLID, RATECOLUMNID, RATECELLMIN, RATECELLMAX, RATECELLVALUE, RATECELLTYPE, RATECELLINDEX, ANYMINIMUMIND, ANYMAXIMUMIND, RATEROWID, BLANKCELLIND, VERSIONNO)
VALUES (80260, 80022, 0, 0, 8970, null, 1, '0', '0', 80026, '0', 1);
INSERT INTO RATECELL (RATECELLID, RATECOLUMNID, RATECELLMIN, RATECELLMAX, RATECELLVALUE, RATECELLTYPE, RATECELLINDEX, ANYMINIMUMIND, ANYMAXIMUMIND, RATEROWID, BLANKCELLIND, VERSIONNO)
VALUES (80261, 80023, 0, 0, 0, null, 1, '0', '0', 80026, '1', 1);
INSERT INTO RATECELL (RATECELLID, RATECOLUMNID, RATECELLMIN, RATECELLMAX, RATECELLVALUE, RATECELLTYPE, RATECELLINDEX, ANYMINIMUMIND, ANYMAXIMUMIND, RATEROWID, BLANKCELLIND, VERSIONNO)
VALUES (80262, 80024, 0, 0, 0, null, 1, '0', '0', 80026, '1', 1);
INSERT INTO RATECELL (RATECELLID, RATECOLUMNID, RATECELLMIN, RATECELLMAX, RATECELLVALUE, RATECELLTYPE, RATECELLINDEX, ANYMINIMUMIND, ANYMAXIMUMIND, RATEROWID, BLANKCELLIND, VERSIONNO)
VALUES (80263, 80025, 0, 0, 0, null, 1, '0', '0', 80026, '1', 1);
INSERT INTO RATECELL (RATECELLID, RATECOLUMNID, RATECELLMIN, RATECELLMAX, RATECELLVALUE, RATECELLTYPE, RATECELLINDEX, ANYMINIMUMIND, ANYMAXIMUMIND, RATEROWID, BLANKCELLIND, VERSIONNO)
VALUES (80264, 80026, 0, 0, 0, null, 1, '0', '0', 80026, '1', 1);
INSERT INTO RATECELL (RATECELLID, RATECOLUMNID, RATECELLMIN, RATECELLMAX, RATECELLVALUE, RATECELLTYPE, RATECELLINDEX, ANYMINIMUMIND, ANYMAXIMUMIND, RATEROWID, BLANKCELLIND, VERSIONNO)
VALUES (80265, 80027, 0, 0, 0, null, 1, '0', '0', 80026, '1', 1);
--Newfoundland
INSERT INTO RATEROW (RATEROWID, RATEHEADERID, RATEROWTYPE, RATEROWINDEX, VERSIONNO)
VALUES (80027, 80020, 'BDMRRT17', 1, 1);
INSERT INTO RATECELL (RATECELLID, RATECOLUMNID, RATECELLMIN, RATECELLMAX, RATECELLVALUE, RATECELLTYPE, RATECELLINDEX, ANYMINIMUMIND, ANYMAXIMUMIND, RATEROWID, BLANKCELLIND, VERSIONNO)
VALUES (80266, 80020, 0, 0, 9536, null, 1, '0', '0', 80027, '0', 1);
INSERT INTO RATECELL (RATECELLID, RATECOLUMNID, RATECELLMIN, RATECELLMAX, RATECELLVALUE, RATECELLTYPE, RATECELLINDEX, ANYMINIMUMIND, ANYMAXIMUMIND, RATEROWID, BLANKCELLIND, VERSIONNO)
VALUES (80267, 80021, 0, 0, 6087, null, 1, '0', '0', 80027, '0', 1);
INSERT INTO RATECELL (RATECELLID, RATECOLUMNID, RATECELLMIN, RATECELLMAX, RATECELLVALUE, RATECELLTYPE, RATECELLINDEX, ANYMINIMUMIND, ANYMAXIMUMIND, RATEROWID, BLANKCELLIND, VERSIONNO)
VALUES (80268, 80022, 0, 0, 7792, null, 1, '0', '0', 80027, '0', 1);
INSERT INTO RATECELL (RATECELLID, RATECOLUMNID, RATECELLMIN, RATECELLMAX, RATECELLVALUE, RATECELLTYPE, RATECELLINDEX, ANYMINIMUMIND, ANYMAXIMUMIND, RATEROWID, BLANKCELLIND, VERSIONNO)
VALUES (80269, 80023, 0, 0, 0, null, 1, '0', '0', 80027, '1', 1);
INSERT INTO RATECELL (RATECELLID, RATECOLUMNID, RATECELLMIN, RATECELLMAX, RATECELLVALUE, RATECELLTYPE, RATECELLINDEX, ANYMINIMUMIND, ANYMAXIMUMIND, RATEROWID, BLANKCELLIND, VERSIONNO)
VALUES (80270, 80024, 0, 0, 0, null, 1, '0', '0', 80027, '1', 1);
INSERT INTO RATECELL (RATECELLID, RATECOLUMNID, RATECELLMIN, RATECELLMAX, RATECELLVALUE, RATECELLTYPE, RATECELLINDEX, ANYMINIMUMIND, ANYMAXIMUMIND, RATEROWID, BLANKCELLIND, VERSIONNO)
VALUES (80271, 80025, 0, 0, 0, null, 1, '0', '0', 80027, '1', 1);
INSERT INTO RATECELL (RATECELLID, RATECOLUMNID, RATECELLMIN, RATECELLMAX, RATECELLVALUE, RATECELLTYPE, RATECELLINDEX, ANYMINIMUMIND, ANYMAXIMUMIND, RATEROWID, BLANKCELLIND, VERSIONNO)
VALUES (80272, 80026, 0, 0, 0, null, 1, '0', '0', 80027, '1', 1);
INSERT INTO RATECELL (RATECELLID, RATECOLUMNID, RATECELLMIN, RATECELLMAX, RATECELLVALUE, RATECELLTYPE, RATECELLINDEX, ANYMINIMUMIND, ANYMAXIMUMIND, RATEROWID, BLANKCELLIND, VERSIONNO)
VALUES (80273, 80027, 0, 0, 0, null, 1, '0', '0', 80027, '1', 1);
--Northwest Territories
INSERT INTO RATEROW (RATEROWID, RATEHEADERID, RATEROWTYPE, RATEROWINDEX, VERSIONNO)
VALUES (80028, 80020, 'BDMRRT18', 1, 1);
INSERT INTO RATECELL (RATECELLID, RATECOLUMNID, RATECELLMIN, RATECELLMAX, RATECELLVALUE, RATECELLTYPE, RATECELLINDEX, ANYMINIMUMIND, ANYMAXIMUMIND, RATEROWID, BLANKCELLIND, VERSIONNO)
VALUES (80274, 80020, 0, 0, 15243, null, 1, '0', '0', 80028, '0', 1);
INSERT INTO RATECELL (RATECELLID, RATECOLUMNID, RATECELLMIN, RATECELLMAX, RATECELLVALUE, RATECELLTYPE, RATECELLINDEX, ANYMINIMUMIND, ANYMAXIMUMIND, RATEROWID, BLANKCELLIND, VERSIONNO)
VALUES (80275, 80021, 0, 0, 7456, null, 1, '0', '0', 80028, '0', 1);
INSERT INTO RATECELL (RATECELLID, RATECOLUMNID, RATECELLMIN, RATECELLMAX, RATECELLVALUE, RATECELLTYPE, RATECELLINDEX, ANYMINIMUMIND, ANYMAXIMUMIND, RATEROWID, BLANKCELLIND, VERSIONNO)
VALUES (80276, 80022, 0, 0, 15243, null, 1, '0', '0', 80028, '0', 1);
INSERT INTO RATECELL (RATECELLID, RATECOLUMNID, RATECELLMIN, RATECELLMAX, RATECELLVALUE, RATECELLTYPE, RATECELLINDEX, ANYMINIMUMIND, ANYMAXIMUMIND, RATEROWID, BLANKCELLIND, VERSIONNO)
VALUES (80277, 80023, 0, 0, 0, null, 1, '0', '0', 80028, '1', 1);
INSERT INTO RATECELL (RATECELLID, RATECOLUMNID, RATECELLMIN, RATECELLMAX, RATECELLVALUE, RATECELLTYPE, RATECELLINDEX, ANYMINIMUMIND, ANYMAXIMUMIND, RATEROWID, BLANKCELLIND, VERSIONNO)
VALUES (80278, 80024, 0, 0, 0, null, 1, '0', '0', 80028, '1', 1);
INSERT INTO RATECELL (RATECELLID, RATECOLUMNID, RATECELLMIN, RATECELLMAX, RATECELLVALUE, RATECELLTYPE, RATECELLINDEX, ANYMINIMUMIND, ANYMAXIMUMIND, RATEROWID, BLANKCELLIND, VERSIONNO)
VALUES (80279, 80025, 0, 0, 0, null, 1, '0', '0', 80028, '1', 1);
INSERT INTO RATECELL (RATECELLID, RATECOLUMNID, RATECELLMIN, RATECELLMAX, RATECELLVALUE, RATECELLTYPE, RATECELLINDEX, ANYMINIMUMIND, ANYMAXIMUMIND, RATEROWID, BLANKCELLIND, VERSIONNO)
VALUES (80280, 80026, 0, 0, 0, null, 1, '0', '0', 80028, '1', 1);
INSERT INTO RATECELL (RATECELLID, RATECOLUMNID, RATECELLMIN, RATECELLMAX, RATECELLVALUE, RATECELLTYPE, RATECELLINDEX, ANYMINIMUMIND, ANYMAXIMUMIND, RATEROWID, BLANKCELLIND, VERSIONNO)
VALUES (80281, 80027, 0, 0, 0, null, 1, '0', '0', 80028, '1', 1);
--Nunavut
INSERT INTO RATEROW (RATEROWID, RATEHEADERID, RATEROWTYPE, RATEROWINDEX, VERSIONNO)
VALUES (80029, 80020, 'BDMRRT19', 1, 1);
INSERT INTO RATECELL (RATECELLID, RATECOLUMNID, RATECELLMIN, RATECELLMAX, RATECELLVALUE, RATECELLTYPE, RATECELLINDEX, ANYMINIMUMIND, ANYMAXIMUMIND, RATEROWID, BLANKCELLIND, VERSIONNO)
VALUES (80282, 80020, 0, 0, 16467, null, 1, '0', '0', 80029, '0', 1);
INSERT INTO RATECELL (RATECELLID, RATECOLUMNID, RATECELLMIN, RATECELLMAX, RATECELLVALUE, RATECELLTYPE, RATECELLINDEX, ANYMINIMUMIND, ANYMAXIMUMIND, RATEROWID, BLANKCELLIND, VERSIONNO)
VALUES (80283, 80021, 0, 0, 10512, null, 1, '0', '0', 80029, '0', 1);
INSERT INTO RATECELL (RATECELLID, RATECOLUMNID, RATECELLMIN, RATECELLMAX, RATECELLVALUE, RATECELLTYPE, RATECELLINDEX, ANYMINIMUMIND, ANYMAXIMUMIND, RATEROWID, BLANKCELLIND, VERSIONNO)
VALUES (80284, 80022, 0, 0, 16467, null, 1, '0', '0', 80029, '0', 1);
INSERT INTO RATECELL (RATECELLID, RATECOLUMNID, RATECELLMIN, RATECELLMAX, RATECELLVALUE, RATECELLTYPE, RATECELLINDEX, ANYMINIMUMIND, ANYMAXIMUMIND, RATEROWID, BLANKCELLIND, VERSIONNO)
VALUES (80285, 80023, 0, 0, 0, null, 1, '0', '0', 80029, '1', 1);
INSERT INTO RATECELL (RATECELLID, RATECOLUMNID, RATECELLMIN, RATECELLMAX, RATECELLVALUE, RATECELLTYPE, RATECELLINDEX, ANYMINIMUMIND, ANYMAXIMUMIND, RATEROWID, BLANKCELLIND, VERSIONNO)
VALUES (80286, 80024, 0, 0, 0, null, 1, '0', '0', 80029, '1', 1);
INSERT INTO RATECELL (RATECELLID, RATECOLUMNID, RATECELLMIN, RATECELLMAX, RATECELLVALUE, RATECELLTYPE, RATECELLINDEX, ANYMINIMUMIND, ANYMAXIMUMIND, RATEROWID, BLANKCELLIND, VERSIONNO)
VALUES (80287, 80025, 0, 0, 0, null, 1, '0', '0', 80029, '1', 1);
INSERT INTO RATECELL (RATECELLID, RATECOLUMNID, RATECELLMIN, RATECELLMAX, RATECELLVALUE, RATECELLTYPE, RATECELLINDEX, ANYMINIMUMIND, ANYMAXIMUMIND, RATEROWID, BLANKCELLIND, VERSIONNO)
VALUES (80288, 80026, 0, 0, 0, null, 1, '0', '0', 80029, '1', 1);
INSERT INTO RATECELL (RATECELLID, RATECOLUMNID, RATECELLMIN, RATECELLMAX, RATECELLVALUE, RATECELLTYPE, RATECELLINDEX, ANYMINIMUMIND, ANYMAXIMUMIND, RATEROWID, BLANKCELLIND, VERSIONNO)
VALUES (80289, 80027, 0, 0, 0, null, 1, '0', '0', 80029, '1', 1);
--Ontario
INSERT INTO RATEROW (RATEROWID, RATEHEADERID, RATEROWTYPE, RATEROWINDEX, VERSIONNO)
VALUES (82000, 80020, 'BDMRRT20', 1, 1);
INSERT INTO RATECELL (RATECELLID, RATECOLUMNID, RATECELLMIN, RATECELLMAX, RATECELLVALUE, RATECELLTYPE, RATECELLINDEX, ANYMINIMUMIND, ANYMAXIMUMIND, RATEROWID, BLANKCELLIND, VERSIONNO)
VALUES (82000, 80020, 0, 0, 10880, null, 1, '0', '0', 82000, '0', 1);
INSERT INTO RATECELL (RATECELLID, RATECOLUMNID, RATECELLMIN, RATECELLMAX, RATECELLVALUE, RATECELLTYPE, RATECELLINDEX, ANYMINIMUMIND, ANYMAXIMUMIND, RATEROWID, BLANKCELLIND, VERSIONNO)
VALUES (82001, 80021, 0, 0, 5312, null, 1, '0', '0', 82000, '0', 1);
INSERT INTO RATECELL (RATECELLID, RATECOLUMNID, RATECELLMIN, RATECELLMAX, RATECELLVALUE, RATECELLTYPE, RATECELLINDEX, ANYMINIMUMIND, ANYMAXIMUMIND, RATEROWID, BLANKCELLIND, VERSIONNO)
VALUES (82002, 80022, 0, 0, 9238, null, 1, '0', '0', 82000, '0', 1);
INSERT INTO RATECELL (RATECELLID, RATECOLUMNID, RATECELLMIN, RATECELLMAX, RATECELLVALUE, RATECELLTYPE, RATECELLINDEX, ANYMINIMUMIND, ANYMAXIMUMIND, RATEROWID, BLANKCELLIND, VERSIONNO)
VALUES (82003, 80023, 0, 0, 0, null, 1, '0', '0', 82000, '1', 1);
INSERT INTO RATECELL (RATECELLID, RATECOLUMNID, RATECELLMIN, RATECELLMAX, RATECELLVALUE, RATECELLTYPE, RATECELLINDEX, ANYMINIMUMIND, ANYMAXIMUMIND, RATEROWID, BLANKCELLIND, VERSIONNO)
VALUES (82004, 80024, 0, 0, 0, null, 1, '0', '0', 82000, '1', 1);
INSERT INTO RATECELL (RATECELLID, RATECOLUMNID, RATECELLMIN, RATECELLMAX, RATECELLVALUE, RATECELLTYPE, RATECELLINDEX, ANYMINIMUMIND, ANYMAXIMUMIND, RATEROWID, BLANKCELLIND, VERSIONNO)
VALUES (82005, 80025, 0, 0, 0, null, 1, '0', '0', 82000, '1', 1);
INSERT INTO RATECELL (RATECELLID, RATECOLUMNID, RATECELLMIN, RATECELLMAX, RATECELLVALUE, RATECELLTYPE, RATECELLINDEX, ANYMINIMUMIND, ANYMAXIMUMIND, RATEROWID, BLANKCELLIND, VERSIONNO)
VALUES (82006, 80026, 0, 0, 0, null, 1, '0', '0', 82000, '1', 1);
INSERT INTO RATECELL (RATECELLID, RATECOLUMNID, RATECELLMIN, RATECELLMAX, RATECELLVALUE, RATECELLTYPE, RATECELLINDEX, ANYMINIMUMIND, ANYMAXIMUMIND, RATEROWID, BLANKCELLIND, VERSIONNO)
VALUES (82007, 80027, 0, 0, 0, null, 1, '0', '0', 82000, '1', 1);
--Prince Edward Island
INSERT INTO RATEROW (RATEROWID, RATEHEADERID, RATEROWTYPE, RATEROWINDEX, VERSIONNO)
VALUES (82001, 80020, 'BDMRRT21', 1, 1);
INSERT INTO RATECELL (RATECELLID, RATECOLUMNID, RATECELLMIN, RATECELLMAX, RATECELLVALUE, RATECELLTYPE, RATECELLINDEX, ANYMINIMUMIND, ANYMAXIMUMIND, RATEROWID, BLANKCELLIND, VERSIONNO)
VALUES (82008, 80020, 0, 0, 10500, null, 1, '0', '0', 82001, '0', 1);
INSERT INTO RATECELL (RATECELLID, RATECOLUMNID, RATECELLMIN, RATECELLMAX, RATECELLVALUE, RATECELLTYPE, RATECELLINDEX, ANYMINIMUMIND, ANYMAXIMUMIND, RATEROWID, BLANKCELLIND, VERSIONNO)
VALUES (82009, 80021, 0, 0, 3764, null, 1, '0', '0', 82001, '0', 1);
INSERT INTO RATECELL (RATECELLID, RATECOLUMNID, RATECELLMIN, RATECELLMAX, RATECELLVALUE, RATECELLTYPE, RATECELLINDEX, ANYMINIMUMIND, ANYMAXIMUMIND, RATEROWID, BLANKCELLIND, VERSIONNO)
VALUES (82010, 80022, 0, 0, 8918, null, 1, '0', '0', 82001, '0', 1);
INSERT INTO RATECELL (RATECELLID, RATECOLUMNID, RATECELLMIN, RATECELLMAX, RATECELLVALUE, RATECELLTYPE, RATECELLINDEX, ANYMINIMUMIND, ANYMAXIMUMIND, RATEROWID, BLANKCELLIND, VERSIONNO)
VALUES (82011, 80023, 0, 0, 0, null, 1, '0', '0', 82001, '1', 1);
INSERT INTO RATECELL (RATECELLID, RATECOLUMNID, RATECELLMIN, RATECELLMAX, RATECELLVALUE, RATECELLTYPE, RATECELLINDEX, ANYMINIMUMIND, ANYMAXIMUMIND, RATEROWID, BLANKCELLIND, VERSIONNO)
VALUES (82012, 80024, 0, 0, 0, null, 1, '0', '0', 82001, '1', 1);
INSERT INTO RATECELL (RATECELLID, RATECOLUMNID, RATECELLMIN, RATECELLMAX, RATECELLVALUE, RATECELLTYPE, RATECELLINDEX, ANYMINIMUMIND, ANYMAXIMUMIND, RATEROWID, BLANKCELLIND, VERSIONNO)
VALUES (82013, 80025, 0, 0, 0, null, 1, '0', '0', 82001, '1', 1);
INSERT INTO RATECELL (RATECELLID, RATECOLUMNID, RATECELLMIN, RATECELLMAX, RATECELLVALUE, RATECELLTYPE, RATECELLINDEX, ANYMINIMUMIND, ANYMAXIMUMIND, RATEROWID, BLANKCELLIND, VERSIONNO)
VALUES (82014, 80026, 0, 0, 0, null, 1, '0', '0', 82001, '1', 1);
INSERT INTO RATECELL (RATECELLID, RATECOLUMNID, RATECELLMIN, RATECELLMAX, RATECELLVALUE, RATECELLTYPE, RATECELLINDEX, ANYMINIMUMIND, ANYMAXIMUMIND, RATEROWID, BLANKCELLIND, VERSIONNO)
VALUES (82015, 80027, 0, 0, 0, null, 1, '0', '0', 82001, '1', 1);
--Yukon
INSERT INTO RATEROW (RATEROWID, RATEHEADERID, RATEROWTYPE, RATEROWINDEX, VERSIONNO)
VALUES (82002, 80020, 'BDMRRT22', 1, 1);
INSERT INTO RATECELL (RATECELLID, RATECOLUMNID, RATECELLMIN, RATECELLMAX, RATECELLVALUE, RATECELLTYPE, RATECELLINDEX, ANYMINIMUMIND, ANYMAXIMUMIND, RATEROWID, BLANKCELLIND, VERSIONNO)
VALUES (82016, 80020, 0, 0, 13808, null, 1, '0', '0', 82002, '0', 1);
INSERT INTO RATECELL (RATECELLID, RATECOLUMNID, RATECELLMIN, RATECELLMAX, RATECELLVALUE, RATECELLTYPE, RATECELLINDEX, ANYMINIMUMIND, ANYMAXIMUMIND, RATEROWID, BLANKCELLIND, VERSIONNO)
VALUES (82017, 80021, 0, 0, 7713, null, 1, '0', '0', 82002, '0', 1);
INSERT INTO RATECELL (RATECELLID, RATECOLUMNID, RATECELLMIN, RATECELLMAX, RATECELLVALUE, RATECELLTYPE, RATECELLINDEX, ANYMINIMUMIND, ANYMAXIMUMIND, RATEROWID, BLANKCELLIND, VERSIONNO)
VALUES (82018, 80022, 0, 0, 13808, null, 1, '0', '0', 82002, '0', 1);
INSERT INTO RATECELL (RATECELLID, RATECOLUMNID, RATECELLMIN, RATECELLMAX, RATECELLVALUE, RATECELLTYPE, RATECELLINDEX, ANYMINIMUMIND, ANYMAXIMUMIND, RATEROWID, BLANKCELLIND, VERSIONNO)
VALUES (82019, 80023, 0, 0, 0, null, 1, '0', '0', 82002, '1', 1);
INSERT INTO RATECELL (RATECELLID, RATECOLUMNID, RATECELLMIN, RATECELLMAX, RATECELLVALUE, RATECELLTYPE, RATECELLINDEX, ANYMINIMUMIND, ANYMAXIMUMIND, RATEROWID, BLANKCELLIND, VERSIONNO)
VALUES (82020, 80024, 0, 0, 0, null, 1, '0', '0', 82002, '1', 1);
INSERT INTO RATECELL (RATECELLID, RATECOLUMNID, RATECELLMIN, RATECELLMAX, RATECELLVALUE, RATECELLTYPE, RATECELLINDEX, ANYMINIMUMIND, ANYMAXIMUMIND, RATEROWID, BLANKCELLIND, VERSIONNO)
VALUES (82021, 80025, 0, 0, 0, null, 1, '0', '0', 82002, '1', 1);
INSERT INTO RATECELL (RATECELLID, RATECOLUMNID, RATECELLMIN, RATECELLMAX, RATECELLVALUE, RATECELLTYPE, RATECELLINDEX, ANYMINIMUMIND, ANYMAXIMUMIND, RATEROWID, BLANKCELLIND, VERSIONNO)
VALUES (82022, 80026, 0, 0, 0, null, 1, '0', '0', 82002, '1', 1);
INSERT INTO RATECELL (RATECELLID, RATECOLUMNID, RATECELLMIN, RATECELLMAX, RATECELLVALUE, RATECELLTYPE, RATECELLINDEX, ANYMINIMUMIND, ANYMAXIMUMIND, RATEROWID, BLANKCELLIND, VERSIONNO)
VALUES (82023, 80027, 0, 0, 0, null, 1, '0', '0', 82002, '1', 1);
--Quebec
INSERT INTO RATEROW (RATEROWID, RATEHEADERID, RATEROWTYPE, RATEROWINDEX, VERSIONNO)
VALUES (85032, 80020, 'BDMRRT23', 1, 1);
INSERT INTO RATECELL (RATECELLID, RATECOLUMNID, RATECELLMIN, RATECELLMAX, RATECELLVALUE, RATECELLTYPE, RATECELLINDEX, ANYMINIMUMIND, ANYMAXIMUMIND, RATEROWID, BLANKCELLIND, VERSIONNO)
VALUES (85352, 80020, 0, 0, 15728, null, 1, '0', '0', 85032, '0', 1);
INSERT INTO RATECELL (RATECELLID, RATECOLUMNID, RATECELLMIN, RATECELLMAX, RATECELLVALUE, RATECELLTYPE, RATECELLINDEX, ANYMINIMUMIND, ANYMAXIMUMIND, RATEROWID, BLANKCELLIND, VERSIONNO)
VALUES (85353, 80021, 0, 0, 3308, null, 1, '0', '0', 85032, '0', 1);
INSERT INTO RATECELL (RATECELLID, RATECOLUMNID, RATECELLMIN, RATECELLMAX, RATECELLVALUE, RATECELLTYPE, RATECELLINDEX, ANYMINIMUMIND, ANYMAXIMUMIND, RATEROWID, BLANKCELLIND, VERSIONNO)
VALUES (85354, 80022, 0, 0, 15728, null, 1, '0', '0', 85032, '0', 1);
INSERT INTO RATECELL (RATECELLID, RATECOLUMNID, RATECELLMIN, RATECELLMAX, RATECELLVALUE, RATECELLTYPE, RATECELLINDEX, ANYMINIMUMIND, ANYMAXIMUMIND, RATEROWID, BLANKCELLIND, VERSIONNO)
VALUES (85355, 80023, 0, 0, 0, null, 1, '0', '0', 82002, '1', 1);
INSERT INTO RATECELL (RATECELLID, RATECOLUMNID, RATECELLMIN, RATECELLMAX, RATECELLVALUE, RATECELLTYPE, RATECELLINDEX, ANYMINIMUMIND, ANYMAXIMUMIND, RATEROWID, BLANKCELLIND, VERSIONNO)
VALUES (85356, 80024, 0, 0, 0, null, 1, '0', '0', 82002, '1', 1);
INSERT INTO RATECELL (RATECELLID, RATECOLUMNID, RATECELLMIN, RATECELLMAX, RATECELLVALUE, RATECELLTYPE, RATECELLINDEX, ANYMINIMUMIND, ANYMAXIMUMIND, RATEROWID, BLANKCELLIND, VERSIONNO)
VALUES (85357, 80025, 0, 0, 0, null, 1, '0', '0', 82002, '1', 1);
INSERT INTO RATECELL (RATECELLID, RATECOLUMNID, RATECELLMIN, RATECELLMAX, RATECELLVALUE, RATECELLTYPE, RATECELLINDEX, ANYMINIMUMIND, ANYMAXIMUMIND, RATEROWID, BLANKCELLIND, VERSIONNO)
VALUES (85358, 80026, 0, 0, 0, null, 1, '0', '0', 82002, '1', 1);
INSERT INTO RATECELL (RATECELLID, RATECOLUMNID, RATECELLMIN, RATECELLMAX, RATECELLVALUE, RATECELLTYPE, RATECELLINDEX, ANYMINIMUMIND, ANYMAXIMUMIND, RATEROWID, BLANKCELLIND, VERSIONNO)
VALUES (85359, 80027, 0, 0, 0, null, 1, '0', '0', 82002, '1', 1);
-------------------------------
--Other Tax Factors
INSERT INTO RATEHEADER (RATEHEADERID, EFFECTIVEDATE, RATETABLETYPE, COMMENTS, RATESTATUS, VERSIONNO)
VALUES (80030, '2021-01-01-00.00.00', 'BDMRTT5', null, 'RS1', 1);
INSERT INTO RATECOLUMN (RATECOLUMNID, RATEHEADERID, PARENTCOLUMNID, RATECOLUMNKEYMIN, RATECOLUMNKEYMAX, RATECOLUMNKEYVALUE, RATECOLUMNTYPE, RATECOLUMNINDEX, ANYMINIMUMIND, ANYMAXIMUMIND, VERSIONNO)
VALUES (80030, 80030, null, 0, 0, 0, 'BDMRCT21', 1, '0', '0', 1);
INSERT INTO RATECOLUMN (RATECOLUMNID, RATEHEADERID, PARENTCOLUMNID, RATECOLUMNKEYMIN, RATECOLUMNKEYMAX, RATECOLUMNKEYVALUE, RATECOLUMNTYPE, RATECOLUMNINDEX, ANYMINIMUMIND, ANYMAXIMUMIND, VERSIONNO)
VALUES (80031, 80030, null, 0, 0, 0, 'BDMRCT22', 1, '0', '0', 1);
INSERT INTO RATECOLUMN (RATECOLUMNID, RATEHEADERID, PARENTCOLUMNID, RATECOLUMNKEYMIN, RATECOLUMNKEYMAX, RATECOLUMNKEYVALUE, RATECOLUMNTYPE, RATECOLUMNINDEX, ANYMINIMUMIND, ANYMAXIMUMIND, VERSIONNO)
VALUES (80032, 80030, null, 0, 0, 0, 'BDMRCT23', 1, '0', '0', 1);
INSERT INTO RATECOLUMN (RATECOLUMNID, RATEHEADERID, PARENTCOLUMNID, RATECOLUMNKEYMIN, RATECOLUMNKEYMAX, RATECOLUMNKEYVALUE, RATECOLUMNTYPE, RATECOLUMNINDEX, ANYMINIMUMIND, ANYMAXIMUMIND, VERSIONNO)
VALUES (80033, 80030, null, 0, 0, 0, 'BDMRCT24', 1, '0', '0', 1);
INSERT INTO RATECOLUMN (RATECOLUMNID, RATEHEADERID, PARENTCOLUMNID, RATECOLUMNKEYMIN, RATECOLUMNKEYMAX, RATECOLUMNKEYVALUE, RATECOLUMNTYPE, RATECOLUMNINDEX, ANYMINIMUMIND, ANYMAXIMUMIND, VERSIONNO)
VALUES (80034, 80030, null, 0, 0, 0, 'BDMRCT25', 1, '0', '0', 1);
INSERT INTO RATECOLUMN (RATECOLUMNID, RATEHEADERID, PARENTCOLUMNID, RATECOLUMNKEYMIN, RATECOLUMNKEYMAX, RATECOLUMNKEYVALUE, RATECOLUMNTYPE, RATECOLUMNINDEX, ANYMINIMUMIND, ANYMAXIMUMIND, VERSIONNO)
VALUES (80035, 80030, null, 0, 0, 0, 'BDMRCT26', 1, '0', '0', 1);
INSERT INTO RATECOLUMN (RATECOLUMNID, RATEHEADERID, PARENTCOLUMNID, RATECOLUMNKEYMIN, RATECOLUMNKEYMAX, RATECOLUMNKEYVALUE, RATECOLUMNTYPE, RATECOLUMNINDEX, ANYMINIMUMIND, ANYMAXIMUMIND, VERSIONNO)
VALUES (80036, 80030, null, 0, 0, 0, 'BDMRCT27', 1, '0', '0', 1);
INSERT INTO RATECOLUMN (RATECOLUMNID, RATEHEADERID, PARENTCOLUMNID, RATECOLUMNKEYMIN, RATECOLUMNKEYMAX, RATECOLUMNKEYVALUE, RATECOLUMNTYPE, RATECOLUMNINDEX, ANYMINIMUMIND, ANYMAXIMUMIND, VERSIONNO)
VALUES (80037, 80030, null, 0, 0, 0, 'BDMRCT28', 1, '0', '0', 1);
--Federal
INSERT INTO RATEROW (RATEROWID, RATEHEADERID, RATEROWTYPE, RATEROWINDEX, VERSIONNO)
VALUES (80030, 80030, 'BDMRRT10', 1, 1);
INSERT INTO RATECELL (RATECELLID, RATECOLUMNID, RATECELLMIN, RATECELLMAX, RATECELLVALUE, RATECELLTYPE, RATECELLINDEX, ANYMINIMUMIND, ANYMAXIMUMIND, RATEROWID, BLANKCELLIND, VERSIONNO)
VALUES (80310, 80030, 0, 0, 0, null, 1, '0', '0', 80030, '0', 1);
INSERT INTO RATECELL (RATECELLID, RATECOLUMNID, RATECELLMIN, RATECELLMAX, RATECELLVALUE, RATECELLTYPE, RATECELLINDEX, ANYMINIMUMIND, ANYMAXIMUMIND, RATEROWID, BLANKCELLIND, VERSIONNO)
VALUES (80311, 80031, 0, 0, 1, null, 1, '0', '0', 80030, '0', 1);
INSERT INTO RATECELL (RATECELLID, RATECOLUMNID, RATECELLMIN, RATECELLMAX, RATECELLVALUE, RATECELLTYPE, RATECELLINDEX, ANYMINIMUMIND, ANYMAXIMUMIND, RATEROWID, BLANKCELLIND, VERSIONNO)
VALUES (80312, 80032, 0, 0, 15, null, 1, '0', '0', 80030, '0', 1);
INSERT INTO RATECELL (RATECELLID, RATECOLUMNID, RATECELLMIN, RATECELLMAX, RATECELLVALUE, RATECELLTYPE, RATECELLINDEX, ANYMINIMUMIND, ANYMAXIMUMIND, RATEROWID, BLANKCELLIND, VERSIONNO)
VALUES (80313, 80033, 0, 0, 750, null, 1, '0', '0', 80030, '0', 1);
INSERT INTO RATECELL (RATECELLID, RATECOLUMNID, RATECELLMIN, RATECELLMAX, RATECELLVALUE, RATECELLTYPE, RATECELLINDEX, ANYMINIMUMIND, ANYMAXIMUMIND, RATEROWID, BLANKCELLIND, VERSIONNO)
VALUES (80314, 80034, 0, 0, 1257, null, 1, '0', '0', 80030, '0', 1);
INSERT INTO RATECELL (RATECELLID, RATECOLUMNID, RATECELLMIN, RATECELLMAX, RATECELLVALUE, RATECELLTYPE, RATECELLINDEX, ANYMINIMUMIND, ANYMAXIMUMIND, RATEROWID, BLANKCELLIND, VERSIONNO)
VALUES (80315, 80035, 0, 0, 0, null, 1, '0', '0', 80030, '1', 1);
INSERT INTO RATECELL (RATECELLID, RATECOLUMNID, RATECELLMIN, RATECELLMAX, RATECELLVALUE, RATECELLTYPE, RATECELLINDEX, ANYMINIMUMIND, ANYMAXIMUMIND, RATEROWID, BLANKCELLIND, VERSIONNO)
VALUES (80316, 80036, 0, 0, 0, null, 1, '0', '0', 80030, '1', 1);
INSERT INTO RATECELL (RATECELLID, RATECOLUMNID, RATECELLMIN, RATECELLMAX, RATECELLVALUE, RATECELLTYPE, RATECELLINDEX, ANYMINIMUMIND, ANYMAXIMUMIND, RATEROWID, BLANKCELLIND, VERSIONNO)
VALUES (80317, 80037, 0, 0, 0, null, 1, '0', '0', 80030, '1', 1);
--British Columbia
INSERT INTO RATEROW (RATEROWID, RATEHEADERID, RATEROWTYPE, RATEROWINDEX, VERSIONNO)
VALUES (80031, 80030, 'BDMRRT11', 1, 1);
INSERT INTO RATECELL (RATECELLID, RATECOLUMNID, RATECELLMIN, RATECELLMAX, RATECELLVALUE, RATECELLTYPE, RATECELLINDEX, ANYMINIMUMIND, ANYMAXIMUMIND, RATEROWID, BLANKCELLIND, VERSIONNO)
VALUES (80318, 80030, 0, 0, 11070, null, 1, '0', '0', 80031, '0', 1);
INSERT INTO RATECELL (RATECELLID, RATECOLUMNID, RATECELLMIN, RATECELLMAX, RATECELLVALUE, RATECELLTYPE, RATECELLINDEX, ANYMINIMUMIND, ANYMAXIMUMIND, RATEROWID, BLANKCELLIND, VERSIONNO)
VALUES (80319, 80031, 0, 0, 1.1, null, 1, '0', '0', 80031, '0', 1);
INSERT INTO RATECELL (RATECELLID, RATECOLUMNID, RATECELLMIN, RATECELLMAX, RATECELLVALUE, RATECELLTYPE, RATECELLINDEX, ANYMINIMUMIND, ANYMAXIMUMIND, RATEROWID, BLANKCELLIND, VERSIONNO)
VALUES (80320, 80032, 0, 0, 15, null, 1, '0', '0', 80031, '0', 1);
INSERT INTO RATECELL (RATECELLID, RATECOLUMNID, RATECELLMIN, RATECELLMAX, RATECELLVALUE, RATECELLTYPE, RATECELLINDEX, ANYMINIMUMIND, ANYMAXIMUMIND, RATEROWID, BLANKCELLIND, VERSIONNO)
VALUES (80321, 80033, 0, 0, 2000, null, 1, '0', '0', 80031, '0', 1);
INSERT INTO RATECELL (RATECELLID, RATECOLUMNID, RATECELLMIN, RATECELLMAX, RATECELLVALUE, RATECELLTYPE, RATECELLINDEX, ANYMINIMUMIND, ANYMAXIMUMIND, RATEROWID, BLANKCELLIND, VERSIONNO)
VALUES (80322, 80034, 0, 0, 0, null, 1, '0', '0', 80031, '1', 1);
INSERT INTO RATECELL (RATECELLID, RATECOLUMNID, RATECELLMIN, RATECELLMAX, RATECELLVALUE, RATECELLTYPE, RATECELLINDEX, ANYMINIMUMIND, ANYMAXIMUMIND, RATEROWID, BLANKCELLIND, VERSIONNO)
VALUES (80323, 80035, 0, 0, 481, null, 1, '0', '0', 80031, '0', 1);
INSERT INTO RATECELL (RATECELLID, RATECOLUMNID, RATECELLMIN, RATECELLMAX, RATECELLVALUE, RATECELLTYPE, RATECELLINDEX, ANYMINIMUMIND, ANYMAXIMUMIND, RATEROWID, BLANKCELLIND, VERSIONNO)
VALUES (80324, 80036, 0, 0, 0, null, 1, '0', '0', 80031, '1', 1);
INSERT INTO RATECELL (RATECELLID, RATECOLUMNID, RATECELLMIN, RATECELLMAX, RATECELLVALUE, RATECELLTYPE, RATECELLINDEX, ANYMINIMUMIND, ANYMAXIMUMIND, RATEROWID, BLANKCELLIND, VERSIONNO)
VALUES (80325, 80037, 0, 0, 0, null, 1, '0', '0', 80031, '1', 1);
--Alberta
INSERT INTO RATEROW (RATEROWID, RATEHEADERID, RATEROWTYPE, RATEROWINDEX, VERSIONNO)
VALUES (80032, 80030, 'BDMRRT14', 1, 1);
INSERT INTO RATECELL (RATECELLID, RATECOLUMNID, RATECELLMIN, RATECELLMAX, RATECELLVALUE, RATECELLTYPE, RATECELLINDEX, ANYMINIMUMIND, ANYMAXIMUMIND, RATEROWID, BLANKCELLIND, VERSIONNO)
VALUES (80326, 80030, 0, 0, 19369, null, 1, '0', '0', 80032, '0', 1);
INSERT INTO RATECELL (RATECELLID, RATECOLUMNID, RATECELLMIN, RATECELLMAX, RATECELLVALUE, RATECELLTYPE, RATECELLINDEX, ANYMINIMUMIND, ANYMAXIMUMIND, RATEROWID, BLANKCELLIND, VERSIONNO)
VALUES (80327, 80031, 0, 0, 0, null, 1, '0', '0', 80032, '1', 1);
INSERT INTO RATECELL (RATECELLID, RATECOLUMNID, RATECELLMIN, RATECELLMAX, RATECELLVALUE, RATECELLTYPE, RATECELLINDEX, ANYMINIMUMIND, ANYMAXIMUMIND, RATEROWID, BLANKCELLIND, VERSIONNO)
VALUES (80328, 80032, 0, 0, 0, null, 1, '0', '0', 80032, '1', 1);
INSERT INTO RATECELL (RATECELLID, RATECOLUMNID, RATECELLMIN, RATECELLMAX, RATECELLVALUE, RATECELLTYPE, RATECELLINDEX, ANYMINIMUMIND, ANYMAXIMUMIND, RATEROWID, BLANKCELLIND, VERSIONNO)
VALUES (80329, 80033, 0, 0, 0, null, 1, '0', '0', 80032, '1', 1);
INSERT INTO RATECELL (RATECELLID, RATECOLUMNID, RATECELLMIN, RATECELLMAX, RATECELLVALUE, RATECELLTYPE, RATECELLINDEX, ANYMINIMUMIND, ANYMAXIMUMIND, RATEROWID, BLANKCELLIND, VERSIONNO)
VALUES (80330, 80034, 0, 0, 0, null, 1, '0', '0', 80032, '1', 1);
INSERT INTO RATECELL (RATECELLID, RATECOLUMNID, RATECELLMIN, RATECELLMAX, RATECELLVALUE, RATECELLTYPE, RATECELLINDEX, ANYMINIMUMIND, ANYMAXIMUMIND, RATEROWID, BLANKCELLIND, VERSIONNO)
VALUES (80331, 80035, 0, 0, 0, null, 1, '0', '0', 80032, '1', 1);
INSERT INTO RATECELL (RATECELLID, RATECOLUMNID, RATECELLMIN, RATECELLMAX, RATECELLVALUE, RATECELLTYPE, RATECELLINDEX, ANYMINIMUMIND, ANYMAXIMUMIND, RATEROWID, BLANKCELLIND, VERSIONNO)
VALUES (80332, 80036, 0, 0, 0, null, 1, '0', '0', 80032, '1', 1);
INSERT INTO RATECELL (RATECELLID, RATECOLUMNID, RATECELLMIN, RATECELLMAX, RATECELLVALUE, RATECELLTYPE, RATECELLINDEX, ANYMINIMUMIND, ANYMAXIMUMIND, RATEROWID, BLANKCELLIND, VERSIONNO)
VALUES (80333, 80037, 0, 0, 0, null, 1, '0', '0', 80032, '1', 1);
--Manitoba
INSERT INTO RATEROW (RATEROWID, RATEHEADERID, RATEROWTYPE, RATEROWINDEX, VERSIONNO)
VALUES (80033, 80030, 'BDMRRT15', 1, 1);
INSERT INTO RATECELL (RATECELLID, RATECOLUMNID, RATECELLMIN, RATECELLMAX, RATECELLVALUE, RATECELLTYPE, RATECELLINDEX, ANYMINIMUMIND, ANYMAXIMUMIND, RATEROWID, BLANKCELLIND, VERSIONNO)
VALUES (80334, 80030, 0, 0, 9936, null, 1, '0', '0', 80033, '0', 1);
INSERT INTO RATECELL (RATECELLID, RATECOLUMNID, RATECELLMIN, RATECELLMAX, RATECELLVALUE, RATECELLTYPE, RATECELLINDEX, ANYMINIMUMIND, ANYMAXIMUMIND, RATEROWID, BLANKCELLIND, VERSIONNO)
VALUES (80335, 80031, 0, 0, 1, null, 1, '0', '0', 80033, '0', 1);
INSERT INTO RATECELL (RATECELLID, RATECOLUMNID, RATECELLMIN, RATECELLMAX, RATECELLVALUE, RATECELLTYPE, RATECELLINDEX, ANYMINIMUMIND, ANYMAXIMUMIND, RATEROWID, BLANKCELLIND, VERSIONNO)
VALUES (80336, 80032, 0, 0, 0, null, 1, '0', '0', 80033, '1', 1);
INSERT INTO RATECELL (RATECELLID, RATECOLUMNID, RATECELLMIN, RATECELLMAX, RATECELLVALUE, RATECELLTYPE, RATECELLINDEX, ANYMINIMUMIND, ANYMAXIMUMIND, RATEROWID, BLANKCELLIND, VERSIONNO)
VALUES (80337, 80033, 0, 0, 0, null, 1, '0', '0', 80033, '1', 1);
INSERT INTO RATECELL (RATECELLID, RATECOLUMNID, RATECELLMIN, RATECELLMAX, RATECELLVALUE, RATECELLTYPE, RATECELLINDEX, ANYMINIMUMIND, ANYMAXIMUMIND, RATEROWID, BLANKCELLIND, VERSIONNO)
VALUES (80338, 80034, 0, 0, 0, null, 1, '0', '0', 80033, '1', 1);
INSERT INTO RATECELL (RATECELLID, RATECOLUMNID, RATECELLMIN, RATECELLMAX, RATECELLVALUE, RATECELLTYPE, RATECELLINDEX, ANYMINIMUMIND, ANYMAXIMUMIND, RATEROWID, BLANKCELLIND, VERSIONNO)
VALUES (80339, 80035, 0, 0, 0, null, 1, '0', '0', 80033, '1', 1);
INSERT INTO RATECELL (RATECELLID, RATECOLUMNID, RATECELLMIN, RATECELLMAX, RATECELLVALUE, RATECELLTYPE, RATECELLINDEX, ANYMINIMUMIND, ANYMAXIMUMIND, RATEROWID, BLANKCELLIND, VERSIONNO)
VALUES (80340, 80036, 0, 0, 0, null, 1, '0', '0', 80033, '1', 1);
INSERT INTO RATECELL (RATECELLID, RATECOLUMNID, RATECELLMIN, RATECELLMAX, RATECELLVALUE, RATECELLTYPE, RATECELLINDEX, ANYMINIMUMIND, ANYMAXIMUMIND, RATEROWID, BLANKCELLIND, VERSIONNO)
VALUES (80341, 80037, 0, 0, 0, null, 1, '0', '0', 80033, '1', 1);
--New Brunswick
INSERT INTO RATEROW (RATEROWID, RATEHEADERID, RATEROWTYPE, RATEROWINDEX, VERSIONNO)
VALUES (80034, 80030, 'BDMRRT16', 1, 1);
INSERT INTO RATECELL (RATECELLID, RATECOLUMNID, RATECELLMIN, RATECELLMAX, RATECELLVALUE, RATECELLTYPE, RATECELLINDEX, ANYMINIMUMIND, ANYMAXIMUMIND, RATEROWID, BLANKCELLIND, VERSIONNO)
VALUES (80342, 80030, 0, 0, 10564, null, 1, '0', '0', 80034, '0', 1);
INSERT INTO RATECELL (RATECELLID, RATECOLUMNID, RATECELLMIN, RATECELLMAX, RATECELLVALUE, RATECELLTYPE, RATECELLINDEX, ANYMINIMUMIND, ANYMAXIMUMIND, RATEROWID, BLANKCELLIND, VERSIONNO)
VALUES (80343, 80031, 0, 0, 1, null, 1, '0', '0', 80034, '0', 1);
INSERT INTO RATECELL (RATECELLID, RATECOLUMNID, RATECELLMIN, RATECELLMAX, RATECELLVALUE, RATECELLTYPE, RATECELLINDEX, ANYMINIMUMIND, ANYMAXIMUMIND, RATEROWID, BLANKCELLIND, VERSIONNO)
VALUES (80344, 80032, 0, 0, 20, null, 1, '0', '0', 80034, '0', 1);
INSERT INTO RATECELL (RATECELLID, RATECOLUMNID, RATECELLMIN, RATECELLMAX, RATECELLVALUE, RATECELLTYPE, RATECELLINDEX, ANYMINIMUMIND, ANYMAXIMUMIND, RATEROWID, BLANKCELLIND, VERSIONNO)
VALUES (80345, 80033, 0, 0, 2000, null, 1, '0', '0', 80034, '0', 1);
INSERT INTO RATECELL (RATECELLID, RATECOLUMNID, RATECELLMIN, RATECELLMAX, RATECELLVALUE, RATECELLTYPE, RATECELLINDEX, ANYMINIMUMIND, ANYMAXIMUMIND, RATEROWID, BLANKCELLIND, VERSIONNO)
VALUES (80346, 80034, 0, 0, 0, null, 1, '0', '0', 80034, '1', 1);
INSERT INTO RATECELL (RATECELLID, RATECOLUMNID, RATECELLMIN, RATECELLMAX, RATECELLVALUE, RATECELLTYPE, RATECELLINDEX, ANYMINIMUMIND, ANYMAXIMUMIND, RATEROWID, BLANKCELLIND, VERSIONNO)
VALUES (80347, 80035, 0, 0, 0, null, 1, '0', '0', 80034, '1', 1);
INSERT INTO RATECELL (RATECELLID, RATECOLUMNID, RATECELLMIN, RATECELLMAX, RATECELLVALUE, RATECELLTYPE, RATECELLINDEX, ANYMINIMUMIND, ANYMAXIMUMIND, RATEROWID, BLANKCELLIND, VERSIONNO)
VALUES (80348, 80036, 0, 0, 0, null, 1, '0', '0', 80034, '1', 1);
INSERT INTO RATECELL (RATECELLID, RATECOLUMNID, RATECELLMIN, RATECELLMAX, RATECELLVALUE, RATECELLTYPE, RATECELLINDEX, ANYMINIMUMIND, ANYMAXIMUMIND, RATEROWID, BLANKCELLIND, VERSIONNO)
VALUES (80349, 80037, 0, 0, 0, null, 1, '0', '0', 80034, '1', 1);
--Newfoundland
INSERT INTO RATEROW (RATEROWID, RATEHEADERID, RATEROWTYPE, RATEROWINDEX, VERSIONNO)
VALUES (80035, 80030, 'BDMRRT17', 1, 1);
INSERT INTO RATECELL (RATECELLID, RATECOLUMNID, RATECELLMIN, RATECELLMAX, RATECELLVALUE, RATECELLTYPE, RATECELLINDEX, ANYMINIMUMIND, ANYMAXIMUMIND, RATEROWID, BLANKCELLIND, VERSIONNO)
VALUES (80350, 80030, 0, 0, 9536, null, 1, '0', '0', 80035, '0', 1);
INSERT INTO RATECELL (RATECELLID, RATECOLUMNID, RATECELLMIN, RATECELLMAX, RATECELLVALUE, RATECELLTYPE, RATECELLINDEX, ANYMINIMUMIND, ANYMAXIMUMIND, RATEROWID, BLANKCELLIND, VERSIONNO)
VALUES (80351, 80031, 0, 0, 0.4, null, 1, '0', '0', 80035, '0', 1);
INSERT INTO RATECELL (RATECELLID, RATECOLUMNID, RATECELLMIN, RATECELLMAX, RATECELLVALUE, RATECELLTYPE, RATECELLINDEX, ANYMINIMUMIND, ANYMAXIMUMIND, RATEROWID, BLANKCELLIND, VERSIONNO)
VALUES (80352, 80032, 0, 0, 20, null, 1, '0', '0', 80035, '0', 1);
INSERT INTO RATECELL (RATECELLID, RATECOLUMNID, RATECELLMIN, RATECELLMAX, RATECELLVALUE, RATECELLTYPE, RATECELLINDEX, ANYMINIMUMIND, ANYMAXIMUMIND, RATEROWID, BLANKCELLIND, VERSIONNO)
VALUES (80353, 80033, 0, 0, 2000, null, 1, '0', '0', 80035, '0', 1);
INSERT INTO RATECELL (RATECELLID, RATECOLUMNID, RATECELLMIN, RATECELLMAX, RATECELLVALUE, RATECELLTYPE, RATECELLINDEX, ANYMINIMUMIND, ANYMAXIMUMIND, RATEROWID, BLANKCELLIND, VERSIONNO)
VALUES (80354, 80034, 0, 0, 0, null, 1, '0', '0', 80035, '1', 1);
INSERT INTO RATECELL (RATECELLID, RATECOLUMNID, RATECELLMIN, RATECELLMAX, RATECELLVALUE, RATECELLTYPE, RATECELLINDEX, ANYMINIMUMIND, ANYMAXIMUMIND, RATEROWID, BLANKCELLIND, VERSIONNO)
VALUES (80355, 80035, 0, 0, 0, null, 1, '0', '0', 80035, '1', 1);
INSERT INTO RATECELL (RATECELLID, RATECOLUMNID, RATECELLMIN, RATECELLMAX, RATECELLVALUE, RATECELLTYPE, RATECELLINDEX, ANYMINIMUMIND, ANYMAXIMUMIND, RATEROWID, BLANKCELLIND, VERSIONNO)
VALUES (80356, 80036, 0, 0, 0, null, 1, '0', '0', 80035, '1', 1);
INSERT INTO RATECELL (RATECELLID, RATECOLUMNID, RATECELLMIN, RATECELLMAX, RATECELLVALUE, RATECELLTYPE, RATECELLINDEX, ANYMINIMUMIND, ANYMAXIMUMIND, RATEROWID, BLANKCELLIND, VERSIONNO)
VALUES (80357, 80037, 0, 0, 0, null, 1, '0', '0', 80035, '1', 1);
--Nova Scotia
INSERT INTO RATEROW (RATEROWID, RATEHEADERID, RATEROWTYPE, RATEROWINDEX, VERSIONNO)
VALUES (80036, 80030, 'BDMRRT12', 1, 1);
INSERT INTO RATECELL (RATECELLID, RATECOLUMNID, RATECELLMIN, RATECELLMAX, RATECELLVALUE, RATECELLTYPE, RATECELLINDEX, ANYMINIMUMIND, ANYMAXIMUMIND, RATEROWID, BLANKCELLIND, VERSIONNO)
VALUES (80358, 80030, 0, 0, 0, null, 1, '0', '0', 80036, '1', 1);
INSERT INTO RATECELL (RATECELLID, RATECOLUMNID, RATECELLMIN, RATECELLMAX, RATECELLVALUE, RATECELLTYPE, RATECELLINDEX, ANYMINIMUMIND, ANYMAXIMUMIND, RATEROWID, BLANKCELLIND, VERSIONNO)
VALUES (80359, 80031, 0, 0, 0, null, 1, '0', '0', 80036, '1', 1);
INSERT INTO RATECELL (RATECELLID, RATECOLUMNID, RATECELLMIN, RATECELLMAX, RATECELLVALUE, RATECELLTYPE, RATECELLINDEX, ANYMINIMUMIND, ANYMAXIMUMIND, RATEROWID, BLANKCELLIND, VERSIONNO)
VALUES (80360, 80032, 0, 0, 20, null, 1, '0', '0', 80036, '0', 1);
INSERT INTO RATECELL (RATECELLID, RATECOLUMNID, RATECELLMIN, RATECELLMAX, RATECELLVALUE, RATECELLTYPE, RATECELLINDEX, ANYMINIMUMIND, ANYMAXIMUMIND, RATEROWID, BLANKCELLIND, VERSIONNO)
VALUES (80361, 80033, 0, 0, 2000, null, 1, '0', '0', 80036, '0', 1);
INSERT INTO RATECELL (RATECELLID, RATECOLUMNID, RATECELLMIN, RATECELLMAX, RATECELLVALUE, RATECELLTYPE, RATECELLINDEX, ANYMINIMUMIND, ANYMAXIMUMIND, RATEROWID, BLANKCELLIND, VERSIONNO)
VALUES (80362, 80034, 0, 0, 0, null, 1, '0', '0', 80036, '1', 1);
INSERT INTO RATECELL (RATECELLID, RATECOLUMNID, RATECELLMIN, RATECELLMAX, RATECELLVALUE, RATECELLTYPE, RATECELLINDEX, ANYMINIMUMIND, ANYMAXIMUMIND, RATEROWID, BLANKCELLIND, VERSIONNO)
VALUES (80363, 80035, 0, 0, 0, null, 1, '0', '0', 80036, '1', 1);
INSERT INTO RATECELL (RATECELLID, RATECOLUMNID, RATECELLMIN, RATECELLMAX, RATECELLVALUE, RATECELLTYPE, RATECELLINDEX, ANYMINIMUMIND, ANYMAXIMUMIND, RATEROWID, BLANKCELLIND, VERSIONNO)
VALUES (80364, 80036, 0, 0, 0, null, 1, '0', '0', 80036, '1', 1);
INSERT INTO RATECELL (RATECELLID, RATECOLUMNID, RATECELLMIN, RATECELLMAX, RATECELLVALUE, RATECELLTYPE, RATECELLINDEX, ANYMINIMUMIND, ANYMAXIMUMIND, RATEROWID, BLANKCELLIND, VERSIONNO)
VALUES (80365, 80037, 0, 0, 0, null, 1, '0', '0', 80036, '1', 1);
--Northwest Territories
INSERT INTO RATEROW (RATEROWID, RATEHEADERID, RATEROWTYPE, RATEROWINDEX, VERSIONNO)
VALUES (80037, 80030, 'BDMRRT18', 1, 1);
INSERT INTO RATECELL (RATECELLID, RATECOLUMNID, RATECELLMIN, RATECELLMAX, RATECELLVALUE, RATECELLTYPE, RATECELLINDEX, ANYMINIMUMIND, ANYMAXIMUMIND, RATEROWID, BLANKCELLIND, VERSIONNO)
VALUES (80366, 80030, 0, 0, 15243, null, 1, '0', '0', 80037, '0', 1);
INSERT INTO RATECELL (RATECELLID, RATECOLUMNID, RATECELLMIN, RATECELLMAX, RATECELLVALUE, RATECELLTYPE, RATECELLINDEX, ANYMINIMUMIND, ANYMAXIMUMIND, RATEROWID, BLANKCELLIND, VERSIONNO)
VALUES (80367, 80031, 0, 0, 1, null, 1, '0', '0', 80037, '0', 1);
INSERT INTO RATECELL (RATECELLID, RATECOLUMNID, RATECELLMIN, RATECELLMAX, RATECELLVALUE, RATECELLTYPE, RATECELLINDEX, ANYMINIMUMIND, ANYMAXIMUMIND, RATEROWID, BLANKCELLIND, VERSIONNO)
VALUES (80368, 80032, 0, 0, 0, null, 1, '0', '0', 80037, '1', 1);
INSERT INTO RATECELL (RATECELLID, RATECOLUMNID, RATECELLMIN, RATECELLMAX, RATECELLVALUE, RATECELLTYPE, RATECELLINDEX, ANYMINIMUMIND, ANYMAXIMUMIND, RATEROWID, BLANKCELLIND, VERSIONNO)
VALUES (80369, 80033, 0, 0, 0, null, 1, '0', '0', 80037, '1', 1);
INSERT INTO RATECELL (RATECELLID, RATECOLUMNID, RATECELLMIN, RATECELLMAX, RATECELLVALUE, RATECELLTYPE, RATECELLINDEX, ANYMINIMUMIND, ANYMAXIMUMIND, RATEROWID, BLANKCELLIND, VERSIONNO)
VALUES (80370, 80034, 0, 0, 0, null, 1, '0', '0', 80037, '1', 1);
INSERT INTO RATECELL (RATECELLID, RATECOLUMNID, RATECELLMIN, RATECELLMAX, RATECELLVALUE, RATECELLTYPE, RATECELLINDEX, ANYMINIMUMIND, ANYMAXIMUMIND, RATEROWID, BLANKCELLIND, VERSIONNO)
VALUES (80371, 80035, 0, 0, 0, null, 1, '0', '0', 80037, '1', 1);
INSERT INTO RATECELL (RATECELLID, RATECOLUMNID, RATECELLMIN, RATECELLMAX, RATECELLVALUE, RATECELLTYPE, RATECELLINDEX, ANYMINIMUMIND, ANYMAXIMUMIND, RATEROWID, BLANKCELLIND, VERSIONNO)
VALUES (80372, 80036, 0, 0, 0, null, 1, '0', '0', 80037, '1', 1);
INSERT INTO RATECELL (RATECELLID, RATECOLUMNID, RATECELLMIN, RATECELLMAX, RATECELLVALUE, RATECELLTYPE, RATECELLINDEX, ANYMINIMUMIND, ANYMAXIMUMIND, RATEROWID, BLANKCELLIND, VERSIONNO)
VALUES (80373, 80037, 0, 0, 0, null, 1, '0', '0', 80037, '1', 1);
--Nunavut
INSERT INTO RATEROW (RATEROWID, RATEHEADERID, RATEROWTYPE, RATEROWINDEX, VERSIONNO)
VALUES (80038, 80030, 'BDMRRT19', 1, 1);
INSERT INTO RATECELL (RATECELLID, RATECOLUMNID, RATECELLMIN, RATECELLMAX, RATECELLVALUE, RATECELLTYPE, RATECELLINDEX, ANYMINIMUMIND, ANYMAXIMUMIND, RATEROWID, BLANKCELLIND, VERSIONNO)
VALUES (80374, 80030, 0, 0, 16467, null, 1, '0', '0', 80038, '0', 1);
INSERT INTO RATECELL (RATECELLID, RATECOLUMNID, RATECELLMIN, RATECELLMAX, RATECELLVALUE, RATECELLTYPE, RATECELLINDEX, ANYMINIMUMIND, ANYMAXIMUMIND, RATEROWID, BLANKCELLIND, VERSIONNO)
VALUES (80375, 80031, 0, 0, 1, null, 1, '0', '0', 80038, '0', 1);
INSERT INTO RATECELL (RATECELLID, RATECOLUMNID, RATECELLMIN, RATECELLMAX, RATECELLVALUE, RATECELLTYPE, RATECELLINDEX, ANYMINIMUMIND, ANYMAXIMUMIND, RATEROWID, BLANKCELLIND, VERSIONNO)
VALUES (80376, 80032, 0, 0, 0, null, 1, '0', '0', 80038, '1', 1);
INSERT INTO RATECELL (RATECELLID, RATECOLUMNID, RATECELLMIN, RATECELLMAX, RATECELLVALUE, RATECELLTYPE, RATECELLINDEX, ANYMINIMUMIND, ANYMAXIMUMIND, RATEROWID, BLANKCELLIND, VERSIONNO)
VALUES (80377, 80033, 0, 0, 0, null, 1, '0', '0', 80038, '1', 1);
INSERT INTO RATECELL (RATECELLID, RATECOLUMNID, RATECELLMIN, RATECELLMAX, RATECELLVALUE, RATECELLTYPE, RATECELLINDEX, ANYMINIMUMIND, ANYMAXIMUMIND, RATEROWID, BLANKCELLIND, VERSIONNO)
VALUES (80378, 80034, 0, 0, 0, null, 1, '0', '0', 80038, '1', 1);
INSERT INTO RATECELL (RATECELLID, RATECOLUMNID, RATECELLMIN, RATECELLMAX, RATECELLVALUE, RATECELLTYPE, RATECELLINDEX, ANYMINIMUMIND, ANYMAXIMUMIND, RATEROWID, BLANKCELLIND, VERSIONNO)
VALUES (80379, 80035, 0, 0, 0, null, 1, '0', '0', 80038, '1', 1);
INSERT INTO RATECELL (RATECELLID, RATECOLUMNID, RATECELLMIN, RATECELLMAX, RATECELLVALUE, RATECELLTYPE, RATECELLINDEX, ANYMINIMUMIND, ANYMAXIMUMIND, RATEROWID, BLANKCELLIND, VERSIONNO)
VALUES (80380, 80036, 0, 0, 0, null, 1, '0', '0', 80038, '1', 1);
INSERT INTO RATECELL (RATECELLID, RATECOLUMNID, RATECELLMIN, RATECELLMAX, RATECELLVALUE, RATECELLTYPE, RATECELLINDEX, ANYMINIMUMIND, ANYMAXIMUMIND, RATEROWID, BLANKCELLIND, VERSIONNO)
VALUES (80381, 80037, 0, 0, 0, null, 1, '0', '0', 80038, '1', 1);
--Ontario
INSERT INTO RATEROW (RATEROWID, RATEHEADERID, RATEROWTYPE, RATEROWINDEX, VERSIONNO)
VALUES (80039, 80030, 'BDMRRT20', 1, 1);
INSERT INTO RATECELL (RATECELLID, RATECOLUMNID, RATECELLMIN, RATECELLMAX, RATECELLVALUE, RATECELLTYPE, RATECELLINDEX, ANYMINIMUMIND, ANYMAXIMUMIND, RATEROWID, BLANKCELLIND, VERSIONNO)
VALUES (80382, 80030, 0, 0, 10880, null, 1, '0', '0', 80039, '0', 1);
INSERT INTO RATECELL (RATECELLID, RATECOLUMNID, RATECELLMIN, RATECELLMAX, RATECELLVALUE, RATECELLTYPE, RATECELLINDEX, ANYMINIMUMIND, ANYMAXIMUMIND, RATEROWID, BLANKCELLIND, VERSIONNO)
VALUES (80383, 80031, 0, 0, 0.9, null, 1, '0', '0', 80039, '0', 1);
INSERT INTO RATECELL (RATECELLID, RATECOLUMNID, RATECELLMIN, RATECELLMAX, RATECELLVALUE, RATECELLTYPE, RATECELLINDEX, ANYMINIMUMIND, ANYMAXIMUMIND, RATEROWID, BLANKCELLIND, VERSIONNO)
VALUES (80384, 80032, 0, 0, 0, null, 1, '0', '0', 80039, '1', 1);
INSERT INTO RATECELL (RATECELLID, RATECOLUMNID, RATECELLMIN, RATECELLMAX, RATECELLVALUE, RATECELLTYPE, RATECELLINDEX, ANYMINIMUMIND, ANYMAXIMUMIND, RATEROWID, BLANKCELLIND, VERSIONNO)
VALUES (80385, 80033, 0, 0, 0, null, 1, '0', '0', 80039, '1', 1);
INSERT INTO RATECELL (RATECELLID, RATECOLUMNID, RATECELLMIN, RATECELLMAX, RATECELLVALUE, RATECELLTYPE, RATECELLINDEX, ANYMINIMUMIND, ANYMAXIMUMIND, RATEROWID, BLANKCELLIND, VERSIONNO)
VALUES (80386, 80034, 0, 0, 0, null, 1, '0', '0', 80039, '1', 1);
INSERT INTO RATECELL (RATECELLID, RATECOLUMNID, RATECELLMIN, RATECELLMAX, RATECELLVALUE, RATECELLTYPE, RATECELLINDEX, ANYMINIMUMIND, ANYMAXIMUMIND, RATEROWID, BLANKCELLIND, VERSIONNO)
VALUES (80387, 80035, 0, 0, 251, null, 1, '0', '0', 80039, '0', 1);
INSERT INTO RATECELL (RATECELLID, RATECOLUMNID, RATECELLMIN, RATECELLMAX, RATECELLVALUE, RATECELLTYPE, RATECELLINDEX, ANYMINIMUMIND, ANYMAXIMUMIND, RATEROWID, BLANKCELLIND, VERSIONNO)
VALUES (80388, 80036, 0, 0, 0, null, 1, '0', '0', 80039, '1', 1);
INSERT INTO RATECELL (RATECELLID, RATECOLUMNID, RATECELLMIN, RATECELLMAX, RATECELLVALUE, RATECELLTYPE, RATECELLINDEX, ANYMINIMUMIND, ANYMAXIMUMIND, RATEROWID, BLANKCELLIND, VERSIONNO)
VALUES (80389, 80037, 0, 0, 0, null, 1, '0', '0', 80039, '1', 1);
--Prince Edward Island
INSERT INTO RATEROW (RATEROWID, RATEHEADERID, RATEROWTYPE, RATEROWINDEX, VERSIONNO)
VALUES (80040, 80030, 'BDMRRT21', 1, 1);
INSERT INTO RATECELL (RATECELLID, RATECOLUMNID, RATECELLMIN, RATECELLMAX, RATECELLVALUE, RATECELLTYPE, RATECELLINDEX, ANYMINIMUMIND, ANYMAXIMUMIND, RATEROWID, BLANKCELLIND, VERSIONNO)
VALUES (80390, 80030, 0, 0, 10500, null, 1, '0', '0', 80040, '0', 1);
INSERT INTO RATECELL (RATECELLID, RATECOLUMNID, RATECELLMIN, RATECELLMAX, RATECELLVALUE, RATECELLTYPE, RATECELLINDEX, ANYMINIMUMIND, ANYMAXIMUMIND, RATEROWID, BLANKCELLIND, VERSIONNO)
VALUES (80391, 80031, 0, 0, 0, null, 1, '0', '0', 80040, '1', 1);
INSERT INTO RATECELL (RATECELLID, RATECOLUMNID, RATECELLMIN, RATECELLMAX, RATECELLVALUE, RATECELLTYPE, RATECELLINDEX, ANYMINIMUMIND, ANYMAXIMUMIND, RATEROWID, BLANKCELLIND, VERSIONNO)
VALUES (80392, 80032, 0, 0, 0, null, 1, '0', '0', 80040, '1', 1);
INSERT INTO RATECELL (RATECELLID, RATECOLUMNID, RATECELLMIN, RATECELLMAX, RATECELLVALUE, RATECELLTYPE, RATECELLINDEX, ANYMINIMUMIND, ANYMAXIMUMIND, RATEROWID, BLANKCELLIND, VERSIONNO)
VALUES (80393, 80033, 0, 0, 0, null, 1, '0', '0', 80040, '1', 1);
INSERT INTO RATECELL (RATECELLID, RATECOLUMNID, RATECELLMIN, RATECELLMAX, RATECELLVALUE, RATECELLTYPE, RATECELLINDEX, ANYMINIMUMIND, ANYMAXIMUMIND, RATEROWID, BLANKCELLIND, VERSIONNO)
VALUES (80394, 80034, 0, 0, 0, null, 1, '0', '0', 80040, '1', 1);
INSERT INTO RATECELL (RATECELLID, RATECOLUMNID, RATECELLMIN, RATECELLMAX, RATECELLVALUE, RATECELLTYPE, RATECELLINDEX, ANYMINIMUMIND, ANYMAXIMUMIND, RATEROWID, BLANKCELLIND, VERSIONNO)
VALUES (80395, 80035, 0, 0, 0, null, 1, '0', '0', 80040, '1', 1);
INSERT INTO RATECELL (RATECELLID, RATECOLUMNID, RATECELLMIN, RATECELLMAX, RATECELLVALUE, RATECELLTYPE, RATECELLINDEX, ANYMINIMUMIND, ANYMAXIMUMIND, RATEROWID, BLANKCELLIND, VERSIONNO)
VALUES (80396, 80036, 0, 0, 0, null, 1, '0', '0', 80040, '1', 1);
INSERT INTO RATECELL (RATECELLID, RATECOLUMNID, RATECELLMIN, RATECELLMAX, RATECELLVALUE, RATECELLTYPE, RATECELLINDEX, ANYMINIMUMIND, ANYMAXIMUMIND, RATEROWID, BLANKCELLIND, VERSIONNO)
VALUES (80397, 80037, 0, 0, 0, null, 1, '0', '0', 80040, '1', 1);
--Saskatchewan
INSERT INTO RATEROW (RATEROWID, RATEHEADERID, RATEROWTYPE, RATEROWINDEX, VERSIONNO)
VALUES (80041, 80030, 'BDMRRT13', 1, 1);
INSERT INTO RATECELL (RATECELLID, RATECOLUMNID, RATECELLMIN, RATECELLMAX, RATECELLVALUE, RATECELLTYPE, RATECELLINDEX, ANYMINIMUMIND, ANYMAXIMUMIND, RATEROWID, BLANKCELLIND, VERSIONNO)
VALUES (80398, 80030, 0, 0, 16225, null, 1, '0', '0', 80041, '0', 1);
INSERT INTO RATECELL (RATECELLID, RATECOLUMNID, RATECELLMIN, RATECELLMAX, RATECELLVALUE, RATECELLTYPE, RATECELLINDEX, ANYMINIMUMIND, ANYMAXIMUMIND, RATEROWID, BLANKCELLIND, VERSIONNO)
VALUES (80399, 80031, 0, 0, 1, null, 1, '0', '0', 80041, '0', 1);
INSERT INTO RATECELL (RATECELLID, RATECOLUMNID, RATECELLMIN, RATECELLMAX, RATECELLVALUE, RATECELLTYPE, RATECELLINDEX, ANYMINIMUMIND, ANYMAXIMUMIND, RATEROWID, BLANKCELLIND, VERSIONNO)
VALUES (80400, 80032, 0, 0, 17.5, null, 1, '0', '0', 80041, '0', 1);
INSERT INTO RATECELL (RATECELLID, RATECOLUMNID, RATECELLMIN, RATECELLMAX, RATECELLVALUE, RATECELLTYPE, RATECELLINDEX, ANYMINIMUMIND, ANYMAXIMUMIND, RATEROWID, BLANKCELLIND, VERSIONNO)
VALUES (80401, 80033, 0, 0, 875, null, 1, '0', '0', 80041, '0', 1);
INSERT INTO RATECELL (RATECELLID, RATECOLUMNID, RATECELLMIN, RATECELLMAX, RATECELLVALUE, RATECELLTYPE, RATECELLINDEX, ANYMINIMUMIND, ANYMAXIMUMIND, RATEROWID, BLANKCELLIND, VERSIONNO)
VALUES (80402, 80034, 0, 0, 0, null, 1, '0', '0', 80041, '1', 1);
INSERT INTO RATECELL (RATECELLID, RATECOLUMNID, RATECELLMIN, RATECELLMAX, RATECELLVALUE, RATECELLTYPE, RATECELLINDEX, ANYMINIMUMIND, ANYMAXIMUMIND, RATEROWID, BLANKCELLIND, VERSIONNO)
VALUES (80403, 80035, 0, 0, 0, null, 1, '0', '0', 80041, '1', 1);
INSERT INTO RATECELL (RATECELLID, RATECOLUMNID, RATECELLMIN, RATECELLMAX, RATECELLVALUE, RATECELLTYPE, RATECELLINDEX, ANYMINIMUMIND, ANYMAXIMUMIND, RATEROWID, BLANKCELLIND, VERSIONNO)
VALUES (80404, 80036, 0, 0, 0, null, 1, '0', '0', 80041, '1', 1);
INSERT INTO RATECELL (RATECELLID, RATECOLUMNID, RATECELLMIN, RATECELLMAX, RATECELLVALUE, RATECELLTYPE, RATECELLINDEX, ANYMINIMUMIND, ANYMAXIMUMIND, RATEROWID, BLANKCELLIND, VERSIONNO)
VALUES (80405, 80037, 0, 0, 0, null, 1, '0', '0', 80041, '1', 1);
--Yukon
INSERT INTO RATEROW (RATEROWID, RATEHEADERID, RATEROWTYPE, RATEROWINDEX, VERSIONNO)
VALUES (80042, 80030, 'BDMRRT22', 1, 1);
INSERT INTO RATECELL (RATECELLID, RATECOLUMNID, RATECELLMIN, RATECELLMAX, RATECELLVALUE, RATECELLTYPE, RATECELLINDEX, ANYMINIMUMIND, ANYMAXIMUMIND, RATEROWID, BLANKCELLIND, VERSIONNO)
VALUES (80406, 80030, 0, 0, 0, null, 1, '0', '0', 80042, '1', 1);
INSERT INTO RATECELL (RATECELLID, RATECOLUMNID, RATECELLMIN, RATECELLMAX, RATECELLVALUE, RATECELLTYPE, RATECELLINDEX, ANYMINIMUMIND, ANYMAXIMUMIND, RATEROWID, BLANKCELLIND, VERSIONNO)
VALUES (80407, 80031, 0, 0, 1, null, 1, '0', '0', 80042, '0', 1);
INSERT INTO RATECELL (RATECELLID, RATECOLUMNID, RATECELLMIN, RATECELLMAX, RATECELLVALUE, RATECELLTYPE, RATECELLINDEX, ANYMINIMUMIND, ANYMAXIMUMIND, RATEROWID, BLANKCELLIND, VERSIONNO)
VALUES (80408, 80032, 0, 0, 25, null, 1, '0', '0', 80042, '0', 1);
INSERT INTO RATECELL (RATECELLID, RATECOLUMNID, RATECELLMIN, RATECELLMAX, RATECELLVALUE, RATECELLTYPE, RATECELLINDEX, ANYMINIMUMIND, ANYMAXIMUMIND, RATEROWID, BLANKCELLIND, VERSIONNO)
VALUES (80409, 80033, 0, 0, 1250, null, 1, '0', '0', 80042, '0', 1);
INSERT INTO RATECELL (RATECELLID, RATECOLUMNID, RATECELLMIN, RATECELLMAX, RATECELLVALUE, RATECELLTYPE, RATECELLINDEX, ANYMINIMUMIND, ANYMAXIMUMIND, RATEROWID, BLANKCELLIND, VERSIONNO)
VALUES (80410, 80034, 0, 0, 1245, null, 1, '0', '0', 80042, '0', 1);
INSERT INTO RATECELL (RATECELLID, RATECOLUMNID, RATECELLMIN, RATECELLMAX, RATECELLVALUE, RATECELLTYPE, RATECELLINDEX, ANYMINIMUMIND, ANYMAXIMUMIND, RATEROWID, BLANKCELLIND, VERSIONNO)
VALUES (80411, 80035, 0, 0, 0, null, 1, '0', '0', 80042, '1', 1);
INSERT INTO RATECELL (RATECELLID, RATECOLUMNID, RATECELLMIN, RATECELLMAX, RATECELLVALUE, RATECELLTYPE, RATECELLINDEX, ANYMINIMUMIND, ANYMAXIMUMIND, RATEROWID, BLANKCELLIND, VERSIONNO)
VALUES (80412, 80036, 0, 0, 0, null, 1, '0', '0', 80042, '1', 1);
INSERT INTO RATECELL (RATECELLID, RATECOLUMNID, RATECELLMIN, RATECELLMAX, RATECELLVALUE, RATECELLTYPE, RATECELLINDEX, ANYMINIMUMIND, ANYMAXIMUMIND, RATEROWID, BLANKCELLIND, VERSIONNO)
VALUES (80413, 80037, 0, 0, 0, null, 1, '0', '0', 80042, '1', 1);
--Quebec
INSERT INTO RATEROW (RATEROWID, RATEHEADERID, RATEROWTYPE, RATEROWINDEX, VERSIONNO)
VALUES (80043, 80030, 'BDMRRT23', 1, 1);
INSERT INTO RATECELL (RATECELLID, RATECOLUMNID, RATECELLMIN, RATECELLMAX, RATECELLVALUE, RATECELLTYPE, RATECELLINDEX, ANYMINIMUMIND, ANYMAXIMUMIND, RATEROWID, BLANKCELLIND, VERSIONNO)
VALUES (80414, 80030, 0, 0, 0, null, 1, '0', '0', 80043, '1', 1);
INSERT INTO RATECELL (RATECELLID, RATECOLUMNID, RATECELLMIN, RATECELLMAX, RATECELLVALUE, RATECELLTYPE, RATECELLINDEX, ANYMINIMUMIND, ANYMAXIMUMIND, RATEROWID, BLANKCELLIND, VERSIONNO)
VALUES (80415, 80031, 0, 0, 0, null, 1, '0', '0', 80043, '1', 1);
INSERT INTO RATECELL (RATECELLID, RATECOLUMNID, RATECELLMIN, RATECELLMAX, RATECELLVALUE, RATECELLTYPE, RATECELLINDEX, ANYMINIMUMIND, ANYMAXIMUMIND, RATEROWID, BLANKCELLIND, VERSIONNO)
VALUES (80416, 80032, 0, 0, 0, null, 1, '0', '0', 80043, '1', 1);
INSERT INTO RATECELL (RATECELLID, RATECOLUMNID, RATECELLMIN, RATECELLMAX, RATECELLVALUE, RATECELLTYPE, RATECELLINDEX, ANYMINIMUMIND, ANYMAXIMUMIND, RATEROWID, BLANKCELLIND, VERSIONNO)
VALUES (80417, 80033, 0, 0, 0, null, 1, '0', '0', 80043, '1', 1);
INSERT INTO RATECELL (RATECELLID, RATECOLUMNID, RATECELLMIN, RATECELLMAX, RATECELLVALUE, RATECELLTYPE, RATECELLINDEX, ANYMINIMUMIND, ANYMAXIMUMIND, RATEROWID, BLANKCELLIND, VERSIONNO)
VALUES (80418, 80034, 0, 0, 0, null, 1, '0', '0', 80043, '1', 1);
INSERT INTO RATECELL (RATECELLID, RATECOLUMNID, RATECELLMIN, RATECELLMAX, RATECELLVALUE, RATECELLTYPE, RATECELLINDEX, ANYMINIMUMIND, ANYMAXIMUMIND, RATEROWID, BLANKCELLIND, VERSIONNO)
VALUES (80419, 80035, 0, 0, 0, null, 1, '0', '0', 80043, '1', 1);
INSERT INTO RATECELL (RATECELLID, RATECOLUMNID, RATECELLMIN, RATECELLMAX, RATECELLVALUE, RATECELLTYPE, RATECELLINDEX, ANYMINIMUMIND, ANYMAXIMUMIND, RATEROWID, BLANKCELLIND, VERSIONNO)
VALUES (80420, 80036, 0, 0, 0.165, null, 1, '0', '0', 80043, '0', 1);
INSERT INTO RATECELL (RATECELLID, RATECOLUMNID, RATECELLMIN, RATECELLMAX, RATECELLVALUE, RATECELLTYPE, RATECELLINDEX, ANYMINIMUMIND, ANYMAXIMUMIND, RATEROWID, BLANKCELLIND, VERSIONNO)
VALUES (80421, 80037, 0, 0, 0, null, 1, '0', '0', 80043, '1', 1);
--Outside Canada
INSERT INTO RATEROW (RATEROWID, RATEHEADERID, RATEROWTYPE, RATEROWINDEX, VERSIONNO)
VALUES (80044, 80030, 'BDMRRT24', 1, 1);
INSERT INTO RATECELL (RATECELLID, RATECOLUMNID, RATECELLMIN, RATECELLMAX, RATECELLVALUE, RATECELLTYPE, RATECELLINDEX, ANYMINIMUMIND, ANYMAXIMUMIND, RATEROWID, BLANKCELLIND, VERSIONNO)
VALUES (80422, 80030, 0, 0, 0, null, 1, '0', '0', 80044, '1', 1);
INSERT INTO RATECELL (RATECELLID, RATECOLUMNID, RATECELLMIN, RATECELLMAX, RATECELLVALUE, RATECELLTYPE, RATECELLINDEX, ANYMINIMUMIND, ANYMAXIMUMIND, RATEROWID, BLANKCELLIND, VERSIONNO)
VALUES (80423, 80031, 0, 0, 0, null, 1, '0', '0', 80044, '1', 1);
INSERT INTO RATECELL (RATECELLID, RATECOLUMNID, RATECELLMIN, RATECELLMAX, RATECELLVALUE, RATECELLTYPE, RATECELLINDEX, ANYMINIMUMIND, ANYMAXIMUMIND, RATEROWID, BLANKCELLIND, VERSIONNO)
VALUES (80424, 80032, 0, 0, 0, null, 1, '0', '0', 80044, '1', 1);
INSERT INTO RATECELL (RATECELLID, RATECOLUMNID, RATECELLMIN, RATECELLMAX, RATECELLVALUE, RATECELLTYPE, RATECELLINDEX, ANYMINIMUMIND, ANYMAXIMUMIND, RATEROWID, BLANKCELLIND, VERSIONNO)
VALUES (80425, 80033, 0, 0, 0, null, 1, '0', '0', 80044, '1', 1);
INSERT INTO RATECELL (RATECELLID, RATECOLUMNID, RATECELLMIN, RATECELLMAX, RATECELLVALUE, RATECELLTYPE, RATECELLINDEX, ANYMINIMUMIND, ANYMAXIMUMIND, RATEROWID, BLANKCELLIND, VERSIONNO)
VALUES (80426, 80034, 0, 0, 0, null, 1, '0', '0', 80044, '1', 1);
INSERT INTO RATECELL (RATECELLID, RATECOLUMNID, RATECELLMIN, RATECELLMAX, RATECELLVALUE, RATECELLTYPE, RATECELLINDEX, ANYMINIMUMIND, ANYMAXIMUMIND, RATEROWID, BLANKCELLIND, VERSIONNO)
VALUES (80427, 80035, 0, 0, 0, null, 1, '0', '0', 80044, '1', 1);
INSERT INTO RATECELL (RATECELLID, RATECOLUMNID, RATECELLMIN, RATECELLMAX, RATECELLVALUE, RATECELLTYPE, RATECELLINDEX, ANYMINIMUMIND, ANYMAXIMUMIND, RATEROWID, BLANKCELLIND, VERSIONNO)
VALUES (80428, 80036, 0, 0, 0, null, 1, '0', '0', 80044, '1', 1);
INSERT INTO RATECELL (RATECELLID, RATECOLUMNID, RATECELLMIN, RATECELLMAX, RATECELLVALUE, RATECELLTYPE, RATECELLINDEX, ANYMINIMUMIND, ANYMAXIMUMIND, RATEROWID, BLANKCELLIND, VERSIONNO)
VALUES (80429, 80037, 0, 0, 0.48, null, 1, '0', '0', 80044, '0', 1);
----------------------------------
--Provincial Surtax
INSERT INTO RATEHEADER (RATEHEADERID, EFFECTIVEDATE, RATETABLETYPE, COMMENTS, RATESTATUS, VERSIONNO)
VALUES (84000, '2021-01-01-00.00.00', 'BDMRTT6', null, 'RS1', 1);
INSERT INTO RATECOLUMN (RATECOLUMNID, RATEHEADERID, PARENTCOLUMNID, RATECOLUMNKEYMIN, RATECOLUMNKEYMAX, RATECOLUMNKEYVALUE, RATECOLUMNTYPE, RATECOLUMNINDEX, ANYMINIMUMIND, ANYMAXIMUMIND, VERSIONNO)
VALUES (84000, 84000, null, 0, 0, 0, 'BDMRCT29', 1, '0', '0', 1);
INSERT INTO RATECOLUMN (RATECOLUMNID, RATEHEADERID, PARENTCOLUMNID, RATECOLUMNKEYMIN, RATECOLUMNKEYMAX, RATECOLUMNKEYVALUE, RATECOLUMNTYPE, RATECOLUMNINDEX, ANYMINIMUMIND, ANYMAXIMUMIND, VERSIONNO)
VALUES (84001, 84000, null, 0, 0, 0, 'BDMRCT30', 2, '0', '0', 1);
--Ontario
INSERT INTO RATEROW (RATEROWID, RATEHEADERID, RATEROWTYPE, RATEROWINDEX, VERSIONNO)
VALUES (84000, 84000, 'BDMRRT20', 1, 1);
INSERT INTO RATECELL (RATECELLID, RATECOLUMNID, RATECELLMIN, RATECELLMAX, RATECELLVALUE, RATECELLTYPE, RATECELLINDEX, ANYMINIMUMIND, ANYMAXIMUMIND, RATEROWID, BLANKCELLIND, VERSIONNO)
VALUES (84000, 84000, 0, 4874, 0, null, 1, '1', '1', 84000, '1', 1);
INSERT INTO RATECELL (RATECELLID, RATECOLUMNID, RATECELLMIN, RATECELLMAX, RATECELLVALUE, RATECELLTYPE, RATECELLINDEX, ANYMINIMUMIND, ANYMAXIMUMIND, RATEROWID, BLANKCELLIND, VERSIONNO)
VALUES (84001, 84001, 0, 0, 0, null, 1, '0', '0', 84000, '0', 1);
INSERT INTO RATECELL (RATECELLID, RATECOLUMNID, RATECELLMIN, RATECELLMAX, RATECELLVALUE, RATECELLTYPE, RATECELLINDEX, ANYMINIMUMIND, ANYMAXIMUMIND, RATEROWID, BLANKCELLIND, VERSIONNO)
VALUES (84002, 84000, 4874.01, 6237, 0, null, 2, '1', '1', 84000, '1', 1);
INSERT INTO RATECELL (RATECELLID, RATECOLUMNID, RATECELLMIN, RATECELLMAX, RATECELLVALUE, RATECELLTYPE, RATECELLINDEX, ANYMINIMUMIND, ANYMAXIMUMIND, RATEROWID, BLANKCELLIND, VERSIONNO)
VALUES (84003, 84001, 0, 0, 20, null, 2, '0', '0', 84000, '0', 1);
INSERT INTO RATECELL (RATECELLID, RATECOLUMNID, RATECELLMIN, RATECELLMAX, RATECELLVALUE, RATECELLTYPE, RATECELLINDEX, ANYMINIMUMIND, ANYMAXIMUMIND, RATEROWID, BLANKCELLIND, VERSIONNO)
VALUES (84004, 84000, 6237.01, 999999999, 0, null, 3, '1', '1', 84000, '1', 1);
INSERT INTO RATECELL (RATECELLID, RATECOLUMNID, RATECELLMIN, RATECELLMAX, RATECELLVALUE, RATECELLTYPE, RATECELLINDEX, ANYMINIMUMIND, ANYMAXIMUMIND, RATEROWID, BLANKCELLIND, VERSIONNO)
VALUES (84005, 84001, 0, 0, 36, null, 3, '0', '0', 84000, '0', 1);
--Prince Edward Island
INSERT INTO RATEROW (RATEROWID, RATEHEADERID, RATEROWTYPE, RATEROWINDEX, VERSIONNO)
VALUES (84001, 84000, 'BDMRRT21', 1, 1);
INSERT INTO RATECELL (RATECELLID, RATECOLUMNID, RATECELLMIN, RATECELLMAX, RATECELLVALUE, RATECELLTYPE, RATECELLINDEX, ANYMINIMUMIND, ANYMAXIMUMIND, RATEROWID, BLANKCELLIND, VERSIONNO)
VALUES (84006, 84000, 0, 12500, 0, null, 1, '1', '1', 84001, '1', 1);
INSERT INTO RATECELL (RATECELLID, RATECOLUMNID, RATECELLMIN, RATECELLMAX, RATECELLVALUE, RATECELLTYPE, RATECELLINDEX, ANYMINIMUMIND, ANYMAXIMUMIND, RATEROWID, BLANKCELLIND, VERSIONNO)
VALUES (84007, 84001, 0, 0, 0, null, 1, '0', '0', 84001, '0', 1);
INSERT INTO RATECELL (RATECELLID, RATECOLUMNID, RATECELLMIN, RATECELLMAX, RATECELLVALUE, RATECELLTYPE, RATECELLINDEX, ANYMINIMUMIND, ANYMAXIMUMIND, RATEROWID, BLANKCELLIND, VERSIONNO)
VALUES (84008, 84000, 12500.01, 999999999, 0, null, 2, '1', '1', 84001, '1', 1);
INSERT INTO RATECELL (RATECELLID, RATECOLUMNID, RATECELLMIN, RATECELLMAX, RATECELLVALUE, RATECELLTYPE, RATECELLINDEX, ANYMINIMUMIND, ANYMAXIMUMIND, RATEROWID, BLANKCELLIND, VERSIONNO)
VALUES (84009, 84001, 0, 0, 10, null, 2, '0', '0', 84001, '0', 1);
--------------------------------------
--Health Premium
INSERT INTO RATEHEADER (RATEHEADERID, EFFECTIVEDATE, RATETABLETYPE, COMMENTS, RATESTATUS, VERSIONNO)
VALUES (85000, '2021-01-01-00.00.00', 'BDMRTT7', null, 'RS1', 1);
INSERT INTO RATECOLUMN (RATECOLUMNID, RATEHEADERID, PARENTCOLUMNID, RATECOLUMNKEYMIN, RATECOLUMNKEYMAX, RATECOLUMNKEYVALUE, RATECOLUMNTYPE, RATECOLUMNINDEX, ANYMINIMUMIND, ANYMAXIMUMIND, VERSIONNO)
VALUES (85000, 85000, null, 0, 0, 0, 'BDMRCT31', 1, '0', '0', 1);
INSERT INTO RATECOLUMN (RATECOLUMNID, RATEHEADERID, PARENTCOLUMNID, RATECOLUMNKEYMIN, RATECOLUMNKEYMAX, RATECOLUMNKEYVALUE, RATECOLUMNTYPE, RATECOLUMNINDEX, ANYMINIMUMIND, ANYMAXIMUMIND, VERSIONNO)
VALUES (85001, 85000, null, 0, 0, 0, 'BDMRCT32', 2, '0', '0', 1);
INSERT INTO RATECOLUMN (RATECOLUMNID, RATEHEADERID, PARENTCOLUMNID, RATECOLUMNKEYMIN, RATECOLUMNKEYMAX, RATECOLUMNKEYVALUE, RATECOLUMNTYPE, RATECOLUMNINDEX, ANYMINIMUMIND, ANYMAXIMUMIND, VERSIONNO)
VALUES (85002, 85000, null, 0, 0, 0, 'BDMRCT33', 3, '0', '0', 1);
INSERT INTO RATECOLUMN (RATECOLUMNID, RATEHEADERID, PARENTCOLUMNID, RATECOLUMNKEYMIN, RATECOLUMNKEYMAX, RATECOLUMNKEYVALUE, RATECOLUMNTYPE, RATECOLUMNINDEX, ANYMINIMUMIND, ANYMAXIMUMIND, VERSIONNO)
VALUES (85003, 85000, null, 0, 0, 0, 'BDMRCT34', 4, '0', '0', 1);
--Ontario
INSERT INTO RATEROW (RATEROWID, RATEHEADERID, RATEROWTYPE, RATEROWINDEX, VERSIONNO)
VALUES (85000, 85000, 'BDMRRT20', 1, 1);
INSERT INTO RATECELL (RATECELLID, RATECOLUMNID, RATECELLMIN, RATECELLMAX, RATECELLVALUE, RATECELLTYPE, RATECELLINDEX, ANYMINIMUMIND, ANYMAXIMUMIND, RATEROWID, BLANKCELLIND, VERSIONNO)
VALUES (85000, 85000, 0, 20000, 0, null, 1, '1', '1', 85000, '1', 1);
INSERT INTO RATECELL (RATECELLID, RATECOLUMNID, RATECELLMIN, RATECELLMAX, RATECELLVALUE, RATECELLTYPE, RATECELLINDEX, ANYMINIMUMIND, ANYMAXIMUMIND, RATEROWID, BLANKCELLIND, VERSIONNO)
VALUES (85001, 85001, 0, 0, 0, null, 1, '0', '0', 85000, '0', 1);
INSERT INTO RATECELL (RATECELLID, RATECOLUMNID, RATECELLMIN, RATECELLMAX, RATECELLVALUE, RATECELLTYPE, RATECELLINDEX, ANYMINIMUMIND, ANYMAXIMUMIND, RATEROWID, BLANKCELLIND, VERSIONNO)
VALUES (85002, 85002, 0, 0, 0, null, 1, '0', '0', 85000, '0', 1);
INSERT INTO RATECELL (RATECELLID, RATECOLUMNID, RATECELLMIN, RATECELLMAX, RATECELLVALUE, RATECELLTYPE, RATECELLINDEX, ANYMINIMUMIND, ANYMAXIMUMIND, RATEROWID, BLANKCELLIND, VERSIONNO)
VALUES (85003, 85003, 0, 0, 0, null, 1, '0', '0', 85000, '0', 1);
INSERT INTO RATECELL (RATECELLID, RATECOLUMNID, RATECELLMIN, RATECELLMAX, RATECELLVALUE, RATECELLTYPE, RATECELLINDEX, ANYMINIMUMIND, ANYMAXIMUMIND, RATEROWID, BLANKCELLIND, VERSIONNO)
VALUES (85004, 85000, 20000.01, 36000, 0, null, 2, '1', '1', 85000, '1', 1);
INSERT INTO RATECELL (RATECELLID, RATECOLUMNID, RATECELLMIN, RATECELLMAX, RATECELLVALUE, RATECELLTYPE, RATECELLINDEX, ANYMINIMUMIND, ANYMAXIMUMIND, RATEROWID, BLANKCELLIND, VERSIONNO)
VALUES (85005, 85001, 0, 0, 300, null, 2, '0', '0', 85000, '0', 1);
INSERT INTO RATECELL (RATECELLID, RATECOLUMNID, RATECELLMIN, RATECELLMAX, RATECELLVALUE, RATECELLTYPE, RATECELLINDEX, ANYMINIMUMIND, ANYMAXIMUMIND, RATEROWID, BLANKCELLIND, VERSIONNO)
VALUES (85006, 85002, 0, 0, 0, null, 2, '0', '0', 85000, '0', 1);
INSERT INTO RATECELL (RATECELLID, RATECOLUMNID, RATECELLMIN, RATECELLMAX, RATECELLVALUE, RATECELLTYPE, RATECELLINDEX, ANYMINIMUMIND, ANYMAXIMUMIND, RATEROWID, BLANKCELLIND, VERSIONNO)
VALUES (85007, 85003, 0, 0, 6, null, 2, '0', '0', 85000, '0', 1);
INSERT INTO RATECELL (RATECELLID, RATECOLUMNID, RATECELLMIN, RATECELLMAX, RATECELLVALUE, RATECELLTYPE, RATECELLINDEX, ANYMINIMUMIND, ANYMAXIMUMIND, RATEROWID, BLANKCELLIND, VERSIONNO)
VALUES (85008, 85000, 36000.01, 48000, 0, null, 3, '1', '1', 85000, '1', 1);
INSERT INTO RATECELL (RATECELLID, RATECOLUMNID, RATECELLMIN, RATECELLMAX, RATECELLVALUE, RATECELLTYPE, RATECELLINDEX, ANYMINIMUMIND, ANYMAXIMUMIND, RATEROWID, BLANKCELLIND, VERSIONNO)
VALUES (85009, 85001, 0, 0, 450, null, 3, '0', '0', 85000, '0', 1);
INSERT INTO RATECELL (RATECELLID, RATECOLUMNID, RATECELLMIN, RATECELLMAX, RATECELLVALUE, RATECELLTYPE, RATECELLINDEX, ANYMINIMUMIND, ANYMAXIMUMIND, RATEROWID, BLANKCELLIND, VERSIONNO)
VALUES (85010, 85002, 0, 0, 300, null, 3, '0', '0', 85000, '0', 1);
INSERT INTO RATECELL (RATECELLID, RATECOLUMNID, RATECELLMIN, RATECELLMAX, RATECELLVALUE, RATECELLTYPE, RATECELLINDEX, ANYMINIMUMIND, ANYMAXIMUMIND, RATEROWID, BLANKCELLIND, VERSIONNO)
VALUES (85011, 85003, 0, 0, 6, null, 3, '0', '0', 85000, '0', 1);
INSERT INTO RATECELL (RATECELLID, RATECOLUMNID, RATECELLMIN, RATECELLMAX, RATECELLVALUE, RATECELLTYPE, RATECELLINDEX, ANYMINIMUMIND, ANYMAXIMUMIND, RATEROWID, BLANKCELLIND, VERSIONNO)
VALUES (85012, 85000, 48000.01, 72000, 0, null, 4, '1', '1', 85000, '1', 1);
INSERT INTO RATECELL (RATECELLID, RATECOLUMNID, RATECELLMIN, RATECELLMAX, RATECELLVALUE, RATECELLTYPE, RATECELLINDEX, ANYMINIMUMIND, ANYMAXIMUMIND, RATEROWID, BLANKCELLIND, VERSIONNO)
VALUES (85013, 85001, 0, 0, 600, null, 4, '0', '0', 85000, '0', 1);
INSERT INTO RATECELL (RATECELLID, RATECOLUMNID, RATECELLMIN, RATECELLMAX, RATECELLVALUE, RATECELLTYPE, RATECELLINDEX, ANYMINIMUMIND, ANYMAXIMUMIND, RATEROWID, BLANKCELLIND, VERSIONNO)
VALUES (85014, 85002, 0, 0, 450, null, 4, '0', '0', 85000, '0', 1);
INSERT INTO RATECELL (RATECELLID, RATECOLUMNID, RATECELLMIN, RATECELLMAX, RATECELLVALUE, RATECELLTYPE, RATECELLINDEX, ANYMINIMUMIND, ANYMAXIMUMIND, RATEROWID, BLANKCELLIND, VERSIONNO)
VALUES (85015, 85003, 0, 0, 25, null, 4, '0', '0', 85000, '0', 1);
INSERT INTO RATECELL (RATECELLID, RATECOLUMNID, RATECELLMIN, RATECELLMAX, RATECELLVALUE, RATECELLTYPE, RATECELLINDEX, ANYMINIMUMIND, ANYMAXIMUMIND, RATEROWID, BLANKCELLIND, VERSIONNO)
VALUES (85016, 85000, 72000.01, 200000, 0, null, 5, '1', '1', 85000, '1', 1);
INSERT INTO RATECELL (RATECELLID, RATECOLUMNID, RATECELLMIN, RATECELLMAX, RATECELLVALUE, RATECELLTYPE, RATECELLINDEX, ANYMINIMUMIND, ANYMAXIMUMIND, RATEROWID, BLANKCELLIND, VERSIONNO)
VALUES (85017, 85001, 0, 0, 750, null, 5, '0', '0', 85000, '0', 1);
INSERT INTO RATECELL (RATECELLID, RATECOLUMNID, RATECELLMIN, RATECELLMAX, RATECELLVALUE, RATECELLTYPE, RATECELLINDEX, ANYMINIMUMIND, ANYMAXIMUMIND, RATEROWID, BLANKCELLIND, VERSIONNO)
VALUES (85018, 85002, 0, 0, 600, null, 5, '0', '0', 85000, '0', 1);
INSERT INTO RATECELL (RATECELLID, RATECOLUMNID, RATECELLMIN, RATECELLMAX, RATECELLVALUE, RATECELLTYPE, RATECELLINDEX, ANYMINIMUMIND, ANYMAXIMUMIND, RATEROWID, BLANKCELLIND, VERSIONNO)
VALUES (85019, 85003, 0, 0, 25, null, 5, '0', '0', 85000, '0', 1);
INSERT INTO RATECELL (RATECELLID, RATECOLUMNID, RATECELLMIN, RATECELLMAX, RATECELLVALUE, RATECELLTYPE, RATECELLINDEX, ANYMINIMUMIND, ANYMAXIMUMIND, RATEROWID, BLANKCELLIND, VERSIONNO)
VALUES (85020, 85000, 200000.01, 999999999, 0, null, 6, '1', '1', 85000, '1', 1);
INSERT INTO RATECELL (RATECELLID, RATECOLUMNID, RATECELLMIN, RATECELLMAX, RATECELLVALUE, RATECELLTYPE, RATECELLINDEX, ANYMINIMUMIND, ANYMAXIMUMIND, RATEROWID, BLANKCELLIND, VERSIONNO)
VALUES (85021, 85001, 0, 0, 900, null, 6, '0', '0', 85000, '0', 1);
INSERT INTO RATECELL (RATECELLID, RATECOLUMNID, RATECELLMIN, RATECELLMAX, RATECELLVALUE, RATECELLTYPE, RATECELLINDEX, ANYMINIMUMIND, ANYMAXIMUMIND, RATEROWID, BLANKCELLIND, VERSIONNO)
VALUES (85022, 85002, 0, 0, 750, null, 6, '0', '0', 85000, '0', 1);
INSERT INTO RATECELL (RATECELLID, RATECOLUMNID, RATECELLMIN, RATECELLMAX, RATECELLVALUE, RATECELLTYPE, RATECELLINDEX, ANYMINIMUMIND, ANYMAXIMUMIND, RATEROWID, BLANKCELLIND, VERSIONNO)
VALUES (85023, 85003, 0, 0, 25, null, 6, '0', '0', 85000, '0', 1);
--------------------------------------