-- Tax Rates by Income
INSERT INTO RATEHEADER (RATEHEADERID, EFFECTIVEDATE, RATETABLETYPE, COMMENTS, RATESTATUS, VERSIONNO)
VALUES (80023, '2022-01-01-00.00.00', 'BDMRTT3', null, 'RS1', 1);
INSERT INTO RATECOLUMN (RATECOLUMNID, RATEHEADERID, PARENTCOLUMNID, RATECOLUMNKEYMIN, RATECOLUMNKEYMAX, RATECOLUMNKEYVALUE, RATECOLUMNTYPE, RATECOLUMNINDEX, ANYMINIMUMIND, ANYMAXIMUMIND, VERSIONNO)
VALUES (85014, 80023, null, 0, 0, 0, 'BDMRCT10', 1, '0', '0', 1);
INSERT INTO RATECOLUMN (RATECOLUMNID, RATEHEADERID, PARENTCOLUMNID, RATECOLUMNKEYMIN, RATECOLUMNKEYMAX, RATECOLUMNKEYVALUE, RATECOLUMNTYPE, RATECOLUMNINDEX, ANYMINIMUMIND, ANYMAXIMUMIND, VERSIONNO)
VALUES (85015, 80023, null, 0, 0, 0, 'BDMRCT11', 1, '0', '0', 1);
INSERT INTO RATECOLUMN (RATECOLUMNID, RATEHEADERID, PARENTCOLUMNID, RATECOLUMNKEYMIN, RATECOLUMNKEYMAX, RATECOLUMNKEYVALUE, RATECOLUMNTYPE, RATECOLUMNINDEX, ANYMINIMUMIND, ANYMAXIMUMIND, VERSIONNO)
VALUES (85016, 80023, null, 0, 0, 0, 'BDMRCT12', 1, '0', '0', 1);
--Federal
INSERT INTO RATEROW (RATEROWID, RATEHEADERID, RATEROWTYPE, RATEROWINDEX, VERSIONNO)
VALUES (85018, 80023, 'BDMRRT10', 1, 1);
INSERT INTO RATECELL (RATECELLID, RATECOLUMNID, RATECELLMIN, RATECELLMAX, RATECELLVALUE, RATECELLTYPE, RATECELLINDEX, ANYMINIMUMIND, ANYMAXIMUMIND, RATEROWID, BLANKCELLIND, VERSIONNO)
VALUES (85154, 85014, 0, 50197, 0, null, 1, '1', '1', 85018, '1', 1);
INSERT INTO RATECELL (RATECELLID, RATECOLUMNID, RATECELLMIN, RATECELLMAX, RATECELLVALUE, RATECELLTYPE, RATECELLINDEX, ANYMINIMUMIND, ANYMAXIMUMIND, RATEROWID, BLANKCELLIND, VERSIONNO)
VALUES (85155, 85014, 50197.01, 100392, 0, null, 2, '1', '1', 85018, '1', 1);
INSERT INTO RATECELL (RATECELLID, RATECOLUMNID, RATECELLMIN, RATECELLMAX, RATECELLVALUE, RATECELLTYPE, RATECELLINDEX, ANYMINIMUMIND, ANYMAXIMUMIND, RATEROWID, BLANKCELLIND, VERSIONNO)
VALUES (85156, 85014, 100392.01, 155625, 0, null, 3, '1', '1', 85018, '1', 1);
INSERT INTO RATECELL (RATECELLID, RATECOLUMNID, RATECELLMIN, RATECELLMAX, RATECELLVALUE, RATECELLTYPE, RATECELLINDEX, ANYMINIMUMIND, ANYMAXIMUMIND, RATEROWID, BLANKCELLIND, VERSIONNO)
VALUES (85157, 85014, 155625.01, 221708, 0, null, 4, '1', '1', 85018, '1', 1);
INSERT INTO RATECELL (RATECELLID, RATECOLUMNID, RATECELLMIN, RATECELLMAX, RATECELLVALUE, RATECELLTYPE, RATECELLINDEX, ANYMINIMUMIND, ANYMAXIMUMIND, RATEROWID, BLANKCELLIND, VERSIONNO)
VALUES (85158, 85014, 221708.01, 999999999, 0, null, 5, '1', '1', 85018, '1', 1);
INSERT INTO RATECELL (RATECELLID, RATECOLUMNID, RATECELLMIN, RATECELLMAX, RATECELLVALUE, RATECELLTYPE, RATECELLINDEX, ANYMINIMUMIND, ANYMAXIMUMIND, RATEROWID, BLANKCELLIND, VERSIONNO)
VALUES (85220, 85015, 0, 0, 15, null, 1, '0', '0', 85018, '0', 1);
INSERT INTO RATECELL (RATECELLID, RATECOLUMNID, RATECELLMIN, RATECELLMAX, RATECELLVALUE, RATECELLTYPE, RATECELLINDEX, ANYMINIMUMIND, ANYMAXIMUMIND, RATEROWID, BLANKCELLIND, VERSIONNO)
VALUES (85221, 85015, 0, 0, 20.5, null, 2, '0', '0', 85018, '0', 1);
INSERT INTO RATECELL (RATECELLID, RATECOLUMNID, RATECELLMIN, RATECELLMAX, RATECELLVALUE, RATECELLTYPE, RATECELLINDEX, ANYMINIMUMIND, ANYMAXIMUMIND, RATEROWID, BLANKCELLIND, VERSIONNO)
VALUES (85222, 85015, 0, 0, 26, null, 3, '0', '0', 85018, '0', 1);
INSERT INTO RATECELL (RATECELLID, RATECOLUMNID, RATECELLMIN, RATECELLMAX, RATECELLVALUE, RATECELLTYPE, RATECELLINDEX, ANYMINIMUMIND, ANYMAXIMUMIND, RATEROWID, BLANKCELLIND, VERSIONNO)
VALUES (85223, 85015, 0, 0, 29, null, 4, '0', '0', 85018, '0', 1);
INSERT INTO RATECELL (RATECELLID, RATECOLUMNID, RATECELLMIN, RATECELLMAX, RATECELLVALUE, RATECELLTYPE, RATECELLINDEX, ANYMINIMUMIND, ANYMAXIMUMIND, RATEROWID, BLANKCELLIND, VERSIONNO)
VALUES (85224, 85015, 0, 0, 33, null, 5, '0', '0', 85018, '0', 1);
INSERT INTO RATECELL (RATECELLID, RATECOLUMNID, RATECELLMIN, RATECELLMAX, RATECELLVALUE, RATECELLTYPE, RATECELLINDEX, ANYMINIMUMIND, ANYMAXIMUMIND, RATEROWID, BLANKCELLIND, VERSIONNO)
VALUES (85286, 85016, 0, 0, 0, null, 1, '0', '0', 85018, '0', 1);
INSERT INTO RATECELL (RATECELLID, RATECOLUMNID, RATECELLMIN, RATECELLMAX, RATECELLVALUE, RATECELLTYPE, RATECELLINDEX, ANYMINIMUMIND, ANYMAXIMUMIND, RATEROWID, BLANKCELLIND, VERSIONNO)
VALUES (85287, 85016, 0, 0, 2761, null, 2, '0', '0', 85018, '0', 1);
INSERT INTO RATECELL (RATECELLID, RATECOLUMNID, RATECELLMIN, RATECELLMAX, RATECELLVALUE, RATECELLTYPE, RATECELLINDEX, ANYMINIMUMIND, ANYMAXIMUMIND, RATEROWID, BLANKCELLIND, VERSIONNO)
VALUES (85288, 85016, 0, 0, 8282, null, 3, '0', '0', 85018, '0', 1);
INSERT INTO RATECELL (RATECELLID, RATECOLUMNID, RATECELLMIN, RATECELLMAX, RATECELLVALUE, RATECELLTYPE, RATECELLINDEX, ANYMINIMUMIND, ANYMAXIMUMIND, RATEROWID, BLANKCELLIND, VERSIONNO)
VALUES (85289, 85016, 0, 0, 12951, null, 4, '0', '0', 85018, '0', 1);
INSERT INTO RATECELL (RATECELLID, RATECOLUMNID, RATECELLMIN, RATECELLMAX, RATECELLVALUE, RATECELLTYPE, RATECELLINDEX, ANYMINIMUMIND, ANYMAXIMUMIND, RATEROWID, BLANKCELLIND, VERSIONNO)
VALUES (85290, 85016, 0, 0, 21819, null, 5, '0', '0', 85018, '0', 1);
--British Columbia
INSERT INTO RATEROW (RATEROWID, RATEHEADERID, RATEROWTYPE, RATEROWINDEX, VERSIONNO)
VALUES (85019, 80023, 'BDMRRT11', 1, 1);
INSERT INTO RATECELL (RATECELLID, RATECOLUMNID, RATECELLMIN, RATECELLMAX, RATECELLVALUE, RATECELLTYPE, RATECELLINDEX, ANYMINIMUMIND, ANYMAXIMUMIND, RATEROWID, BLANKCELLIND, VERSIONNO)
VALUES (85164, 85014, 0, 43070, 0, null, 1, '1', '1', 85019, '1', 1);
INSERT INTO RATECELL (RATECELLID, RATECOLUMNID, RATECELLMIN, RATECELLMAX, RATECELLVALUE, RATECELLTYPE, RATECELLINDEX, ANYMINIMUMIND, ANYMAXIMUMIND, RATEROWID, BLANKCELLIND, VERSIONNO)
VALUES (85165, 85014, 43070.01, 86141, 0, null, 2, '1', '1', 85019, '1', 1);
INSERT INTO RATECELL (RATECELLID, RATECOLUMNID, RATECELLMIN, RATECELLMAX, RATECELLVALUE, RATECELLTYPE, RATECELLINDEX, ANYMINIMUMIND, ANYMAXIMUMIND, RATEROWID, BLANKCELLIND, VERSIONNO)
VALUES (85166, 85014, 86141.01, 98901, 0, null, 3, '1', '1', 85019, '1', 1);
INSERT INTO RATECELL (RATECELLID, RATECOLUMNID, RATECELLMIN, RATECELLMAX, RATECELLVALUE, RATECELLTYPE, RATECELLINDEX, ANYMINIMUMIND, ANYMAXIMUMIND, RATEROWID, BLANKCELLIND, VERSIONNO)
VALUES (85167, 85014, 98901.01, 120094, 0, null, 4, '1', '1', 85019, '1', 1);
INSERT INTO RATECELL (RATECELLID, RATECOLUMNID, RATECELLMIN, RATECELLMAX, RATECELLVALUE, RATECELLTYPE, RATECELLINDEX, ANYMINIMUMIND, ANYMAXIMUMIND, RATEROWID, BLANKCELLIND, VERSIONNO)
VALUES (85168, 85014, 120094.01, 162832, 0, null, 5, '1', '1', 85019, '1', 1);
INSERT INTO RATECELL (RATECELLID, RATECOLUMNID, RATECELLMIN, RATECELLMAX, RATECELLVALUE, RATECELLTYPE, RATECELLINDEX, ANYMINIMUMIND, ANYMAXIMUMIND, RATEROWID, BLANKCELLIND, VERSIONNO)
VALUES (85169, 85014, 162832.01, 227091, 0, null, 6, '1', '1', 85019, '1', 1);
INSERT INTO RATECELL (RATECELLID, RATECOLUMNID, RATECELLMIN, RATECELLMAX, RATECELLVALUE, RATECELLTYPE, RATECELLINDEX, ANYMINIMUMIND, ANYMAXIMUMIND, RATEROWID, BLANKCELLIND, VERSIONNO)
VALUES (85170, 85014, 227091.01, 999999999, 0, null, 7, '1', '1', 85019, '1', 1);
INSERT INTO RATECELL (RATECELLID, RATECOLUMNID, RATECELLMIN, RATECELLMAX, RATECELLVALUE, RATECELLTYPE, RATECELLINDEX, ANYMINIMUMIND, ANYMAXIMUMIND, RATEROWID, BLANKCELLIND, VERSIONNO)
VALUES (85230, 85015, 0, 0, 5.06, null, 1, '0', '0', 85019, '0', 1);
INSERT INTO RATECELL (RATECELLID, RATECOLUMNID, RATECELLMIN, RATECELLMAX, RATECELLVALUE, RATECELLTYPE, RATECELLINDEX, ANYMINIMUMIND, ANYMAXIMUMIND, RATEROWID, BLANKCELLIND, VERSIONNO)
VALUES (85231, 85015, 0, 0, 7.7, null, 2, '0', '0', 85019, '0', 1);
INSERT INTO RATECELL (RATECELLID, RATECOLUMNID, RATECELLMIN, RATECELLMAX, RATECELLVALUE, RATECELLTYPE, RATECELLINDEX, ANYMINIMUMIND, ANYMAXIMUMIND, RATEROWID, BLANKCELLIND, VERSIONNO)
VALUES (85232, 85015, 0, 0, 10.5, null, 3, '0', '0', 85019, '0', 1);
INSERT INTO RATECELL (RATECELLID, RATECOLUMNID, RATECELLMIN, RATECELLMAX, RATECELLVALUE, RATECELLTYPE, RATECELLINDEX, ANYMINIMUMIND, ANYMAXIMUMIND, RATEROWID, BLANKCELLIND, VERSIONNO)
VALUES (85233, 85015, 0, 0, 12.29, null, 4, '0', '0', 85019, '0', 1);
INSERT INTO RATECELL (RATECELLID, RATECOLUMNID, RATECELLMIN, RATECELLMAX, RATECELLVALUE, RATECELLTYPE, RATECELLINDEX, ANYMINIMUMIND, ANYMAXIMUMIND, RATEROWID, BLANKCELLIND, VERSIONNO)
VALUES (85234, 85015, 0, 0, 14.7, null, 5, '0', '0', 85019, '0', 1);
INSERT INTO RATECELL (RATECELLID, RATECOLUMNID, RATECELLMIN, RATECELLMAX, RATECELLVALUE, RATECELLTYPE, RATECELLINDEX, ANYMINIMUMIND, ANYMAXIMUMIND, RATEROWID, BLANKCELLIND, VERSIONNO)
VALUES (85235, 85015, 0, 0, 16.8, null, 6, '0', '0', 85019, '0', 1);
INSERT INTO RATECELL (RATECELLID, RATECOLUMNID, RATECELLMIN, RATECELLMAX, RATECELLVALUE, RATECELLTYPE, RATECELLINDEX, ANYMINIMUMIND, ANYMAXIMUMIND, RATEROWID, BLANKCELLIND, VERSIONNO)
VALUES (85236, 85015, 0, 0, 20.5, null, 7, '0', '0', 85019, '0', 1);
INSERT INTO RATECELL (RATECELLID, RATECOLUMNID, RATECELLMIN, RATECELLMAX, RATECELLVALUE, RATECELLTYPE, RATECELLINDEX, ANYMINIMUMIND, ANYMAXIMUMIND, RATEROWID, BLANKCELLIND, VERSIONNO)
VALUES (85296, 85016, 0, 0, 0, null, 1, '0', '0', 85019, '0', 1);
INSERT INTO RATECELL (RATECELLID, RATECOLUMNID, RATECELLMIN, RATECELLMAX, RATECELLVALUE, RATECELLTYPE, RATECELLINDEX, ANYMINIMUMIND, ANYMAXIMUMIND, RATEROWID, BLANKCELLIND, VERSIONNO)
VALUES (85297, 85016, 0, 0, 1137, null, 2, '0', '0', 85019, '0', 1);
INSERT INTO RATECELL (RATECELLID, RATECOLUMNID, RATECELLMIN, RATECELLMAX, RATECELLVALUE, RATECELLTYPE, RATECELLINDEX, ANYMINIMUMIND, ANYMAXIMUMIND, RATEROWID, BLANKCELLIND, VERSIONNO)
VALUES (85298, 85016, 0, 0, 3549, null, 3, '0', '0', 85019, '0', 1);
INSERT INTO RATECELL (RATECELLID, RATECOLUMNID, RATECELLMIN, RATECELLMAX, RATECELLVALUE, RATECELLTYPE, RATECELLINDEX, ANYMINIMUMIND, ANYMAXIMUMIND, RATEROWID, BLANKCELLIND, VERSIONNO)
VALUES (85299, 85016, 0, 0, 5319, null, 4, '0', '0', 85019, '0', 1);
INSERT INTO RATECELL (RATECELLID, RATECOLUMNID, RATECELLMIN, RATECELLMAX, RATECELLVALUE, RATECELLTYPE, RATECELLINDEX, ANYMINIMUMIND, ANYMAXIMUMIND, RATEROWID, BLANKCELLIND, VERSIONNO)
VALUES (85300, 85016, 0, 0, 8214, null, 5, '0', '0', 85019, '0', 1);
INSERT INTO RATECELL (RATECELLID, RATECOLUMNID, RATECELLMIN, RATECELLMAX, RATECELLVALUE, RATECELLTYPE, RATECELLINDEX, ANYMINIMUMIND, ANYMAXIMUMIND, RATEROWID, BLANKCELLIND, VERSIONNO)
VALUES (85301, 85016, 0, 0, 11633, null, 6, '0', '0', 85019, '0', 1);
INSERT INTO RATECELL (RATECELLID, RATECOLUMNID, RATECELLMIN, RATECELLMAX, RATECELLVALUE, RATECELLTYPE, RATECELLINDEX, ANYMINIMUMIND, ANYMAXIMUMIND, RATEROWID, BLANKCELLIND, VERSIONNO)
VALUES (85302, 85016, 0, 0, 20035, null, 7, '0', '0', 85019, '0', 1);
--Nova Scotia
INSERT INTO RATEROW (RATEROWID, RATEHEADERID, RATEROWTYPE, RATEROWINDEX, VERSIONNO)
VALUES (85020, 80023, 'BDMRRT12', 1, 1);
INSERT INTO RATECELL (RATECELLID, RATECOLUMNID, RATECELLMIN, RATECELLMAX, RATECELLVALUE, RATECELLTYPE, RATECELLINDEX, ANYMINIMUMIND, ANYMAXIMUMIND, RATEROWID, BLANKCELLIND, VERSIONNO)
VALUES (85187, 85014, 0, 29590, 0, null, 1, '1', '1', 85020, '1', 1);
INSERT INTO RATECELL (RATECELLID, RATECOLUMNID, RATECELLMIN, RATECELLMAX, RATECELLVALUE, RATECELLTYPE, RATECELLINDEX, ANYMINIMUMIND, ANYMAXIMUMIND, RATEROWID, BLANKCELLIND, VERSIONNO)
VALUES (85188, 85014, 29590.01, 59180, 0, null, 2, '1', '1', 85020, '1', 1);
INSERT INTO RATECELL (RATECELLID, RATECOLUMNID, RATECELLMIN, RATECELLMAX, RATECELLVALUE, RATECELLTYPE, RATECELLINDEX, ANYMINIMUMIND, ANYMAXIMUMIND, RATEROWID, BLANKCELLIND, VERSIONNO)
VALUES (85189, 85014, 59180.01, 93000, 0, null, 3, '1', '1', 85020, '1', 1);
INSERT INTO RATECELL (RATECELLID, RATECOLUMNID, RATECELLMIN, RATECELLMAX, RATECELLVALUE, RATECELLTYPE, RATECELLINDEX, ANYMINIMUMIND, ANYMAXIMUMIND, RATEROWID, BLANKCELLIND, VERSIONNO)
VALUES (85190, 85014, 93000.01, 150000, 0, null, 4, '1', '1', 85020, '1', 1);
INSERT INTO RATECELL (RATECELLID, RATECOLUMNID, RATECELLMIN, RATECELLMAX, RATECELLVALUE, RATECELLTYPE, RATECELLINDEX, ANYMINIMUMIND, ANYMAXIMUMIND, RATEROWID, BLANKCELLIND, VERSIONNO)
VALUES (85191, 85014, 150000.01, 999999999, 0, null, 5, '1', '1', 85020, '1', 1);
INSERT INTO RATECELL (RATECELLID, RATECOLUMNID, RATECELLMIN, RATECELLMAX, RATECELLVALUE, RATECELLTYPE, RATECELLINDEX, ANYMINIMUMIND, ANYMAXIMUMIND, RATEROWID, BLANKCELLIND, VERSIONNO)
VALUES (85253, 85015, 0, 0, 8.79, null, 1, '0', '0', 85020, '0', 1);
INSERT INTO RATECELL (RATECELLID, RATECOLUMNID, RATECELLMIN, RATECELLMAX, RATECELLVALUE, RATECELLTYPE, RATECELLINDEX, ANYMINIMUMIND, ANYMAXIMUMIND, RATEROWID, BLANKCELLIND, VERSIONNO)
VALUES (85254, 85015, 0, 0, 14.95, null, 2, '0', '0', 85020, '0', 1);
INSERT INTO RATECELL (RATECELLID, RATECOLUMNID, RATECELLMIN, RATECELLMAX, RATECELLVALUE, RATECELLTYPE, RATECELLINDEX, ANYMINIMUMIND, ANYMAXIMUMIND, RATEROWID, BLANKCELLIND, VERSIONNO)
VALUES (85255, 85015, 0, 0, 16.67, null, 3, '0', '0', 85020, '0', 1);
INSERT INTO RATECELL (RATECELLID, RATECOLUMNID, RATECELLMIN, RATECELLMAX, RATECELLVALUE, RATECELLTYPE, RATECELLINDEX, ANYMINIMUMIND, ANYMAXIMUMIND, RATEROWID, BLANKCELLIND, VERSIONNO)
VALUES (85256, 85015, 0, 0, 17.5, null, 4, '0', '0', 85020, '0', 1);
INSERT INTO RATECELL (RATECELLID, RATECOLUMNID, RATECELLMIN, RATECELLMAX, RATECELLVALUE, RATECELLTYPE, RATECELLINDEX, ANYMINIMUMIND, ANYMAXIMUMIND, RATEROWID, BLANKCELLIND, VERSIONNO)
VALUES (85257, 85015, 0, 0, 21, null, 5, '0', '0', 85020, '0', 1);
INSERT INTO RATECELL (RATECELLID, RATECOLUMNID, RATECELLMIN, RATECELLMAX, RATECELLVALUE, RATECELLTYPE, RATECELLINDEX, ANYMINIMUMIND, ANYMAXIMUMIND, RATEROWID, BLANKCELLIND, VERSIONNO)
VALUES (85319, 85016, 0, 0, 0, null, 1, '0', '0', 85020, '0', 1);
INSERT INTO RATECELL (RATECELLID, RATECOLUMNID, RATECELLMIN, RATECELLMAX, RATECELLVALUE, RATECELLTYPE, RATECELLINDEX, ANYMINIMUMIND, ANYMAXIMUMIND, RATEROWID, BLANKCELLIND, VERSIONNO)
VALUES (85320, 85016, 0, 0, 1823, null, 2, '0', '0', 85020, '0', 1);
INSERT INTO RATECELL (RATECELLID, RATECOLUMNID, RATECELLMIN, RATECELLMAX, RATECELLVALUE, RATECELLTYPE, RATECELLINDEX, ANYMINIMUMIND, ANYMAXIMUMIND, RATEROWID, BLANKCELLIND, VERSIONNO)
VALUES (85321, 85016, 0, 0, 2841, null, 3, '0', '0', 85020, '0', 1);
INSERT INTO RATECELL (RATECELLID, RATECOLUMNID, RATECELLMIN, RATECELLMAX, RATECELLVALUE, RATECELLTYPE, RATECELLINDEX, ANYMINIMUMIND, ANYMAXIMUMIND, RATEROWID, BLANKCELLIND, VERSIONNO)
VALUES (85322, 85016, 0, 0, 3613, null, 4, '0', '0', 85020, '0', 1);
INSERT INTO RATECELL (RATECELLID, RATECOLUMNID, RATECELLMIN, RATECELLMAX, RATECELLVALUE, RATECELLTYPE, RATECELLINDEX, ANYMINIMUMIND, ANYMAXIMUMIND, RATEROWID, BLANKCELLIND, VERSIONNO)
VALUES (85323, 85016, 0, 0, 8863, null, 5, '0', '0', 85020, '0', 1);
--Saskatchewan
INSERT INTO RATEROW (RATEROWID, RATEHEADERID, RATEROWTYPE, RATEROWINDEX, VERSIONNO)
VALUES (85021, 80023, 'BDMRRT13', 1, 1);
INSERT INTO RATECELL (RATECELLID, RATECOLUMNID, RATECELLMIN, RATECELLMAX, RATECELLVALUE, RATECELLTYPE, RATECELLINDEX, ANYMINIMUMIND, ANYMAXIMUMIND, RATEROWID, BLANKCELLIND, VERSIONNO)
VALUES (85208, 85014, 0, 46773, 0, null, 1, '1', '1', 85021, '1', 1);
INSERT INTO RATECELL (RATECELLID, RATECOLUMNID, RATECELLMIN, RATECELLMAX, RATECELLVALUE, RATECELLTYPE, RATECELLINDEX, ANYMINIMUMIND, ANYMAXIMUMIND, RATEROWID, BLANKCELLIND, VERSIONNO)
VALUES (85209, 85014, 46773.01, 133638, 0, null, 2, '1', '1', 85021, '1', 1);
INSERT INTO RATECELL (RATECELLID, RATECOLUMNID, RATECELLMIN, RATECELLMAX, RATECELLVALUE, RATECELLTYPE, RATECELLINDEX, ANYMINIMUMIND, ANYMAXIMUMIND, RATEROWID, BLANKCELLIND, VERSIONNO)
VALUES (85210, 85014, 133638.01, 999999999, 0, null, 3, '1', '1', 85021, '1', 1);
INSERT INTO RATECELL (RATECELLID, RATECOLUMNID, RATECELLMIN, RATECELLMAX, RATECELLVALUE, RATECELLTYPE, RATECELLINDEX, ANYMINIMUMIND, ANYMAXIMUMIND, RATEROWID, BLANKCELLIND, VERSIONNO)
VALUES (85274, 85015, 0, 0, 10.5, null, 1, '0', '0', 85021, '0', 1);
INSERT INTO RATECELL (RATECELLID, RATECOLUMNID, RATECELLMIN, RATECELLMAX, RATECELLVALUE, RATECELLTYPE, RATECELLINDEX, ANYMINIMUMIND, ANYMAXIMUMIND, RATEROWID, BLANKCELLIND, VERSIONNO)
VALUES (85275, 85015, 0, 0, 12.5, null, 2, '0', '0', 85021, '0', 1);
INSERT INTO RATECELL (RATECELLID, RATECOLUMNID, RATECELLMIN, RATECELLMAX, RATECELLVALUE, RATECELLTYPE, RATECELLINDEX, ANYMINIMUMIND, ANYMAXIMUMIND, RATEROWID, BLANKCELLIND, VERSIONNO)
VALUES (85276, 85015, 0, 0, 14.5, null, 3, '0', '0', 85021, '0', 1);
INSERT INTO RATECELL (RATECELLID, RATECOLUMNID, RATECELLMIN, RATECELLMAX, RATECELLVALUE, RATECELLTYPE, RATECELLINDEX, ANYMINIMUMIND, ANYMAXIMUMIND, RATEROWID, BLANKCELLIND, VERSIONNO)
VALUES (85340, 85016, 0, 0, 0, null, 1, '0', '0', 85021, '0', 1);
INSERT INTO RATECELL (RATECELLID, RATECOLUMNID, RATECELLMIN, RATECELLMAX, RATECELLVALUE, RATECELLTYPE, RATECELLINDEX, ANYMINIMUMIND, ANYMAXIMUMIND, RATEROWID, BLANKCELLIND, VERSIONNO)
VALUES (85341, 85016, 0, 0, 935, null, 2, '0', '0', 85021, '0', 1);
INSERT INTO RATECELL (RATECELLID, RATECOLUMNID, RATECELLMIN, RATECELLMAX, RATECELLVALUE, RATECELLTYPE, RATECELLINDEX, ANYMINIMUMIND, ANYMAXIMUMIND, RATEROWID, BLANKCELLIND, VERSIONNO)
VALUES (85342, 85016, 0, 0, 3608, null, 3, '0', '0', 85021, '0', 1);
--Alberta
INSERT INTO RATEROW (RATEROWID, RATEHEADERID, RATEROWTYPE, RATEROWINDEX, VERSIONNO)
VALUES (85022, 80023, 'BDMRRT14', 1, 1);
INSERT INTO RATECELL (RATECELLID, RATECOLUMNID, RATECELLMIN, RATECELLMAX, RATECELLVALUE, RATECELLTYPE, RATECELLINDEX, ANYMINIMUMIND, ANYMAXIMUMIND, RATEROWID, BLANKCELLIND, VERSIONNO)
VALUES (85159, 85014, 0, 131220, 0, null, 1, '1', '1', 85022, '1', 1);
INSERT INTO RATECELL (RATECELLID, RATECOLUMNID, RATECELLMIN, RATECELLMAX, RATECELLVALUE, RATECELLTYPE, RATECELLINDEX, ANYMINIMUMIND, ANYMAXIMUMIND, RATEROWID, BLANKCELLIND, VERSIONNO)
VALUES (85160, 85014, 131220.01, 157464, 0, null, 2, '1', '1', 85022, '1', 1);
INSERT INTO RATECELL (RATECELLID, RATECOLUMNID, RATECELLMIN, RATECELLMAX, RATECELLVALUE, RATECELLTYPE, RATECELLINDEX, ANYMINIMUMIND, ANYMAXIMUMIND, RATEROWID, BLANKCELLIND, VERSIONNO)
VALUES (85161, 85014, 157464.01, 209952, 0, null, 3, '1', '1', 85022, '1', 1);
INSERT INTO RATECELL (RATECELLID, RATECOLUMNID, RATECELLMIN, RATECELLMAX, RATECELLVALUE, RATECELLTYPE, RATECELLINDEX, ANYMINIMUMIND, ANYMAXIMUMIND, RATEROWID, BLANKCELLIND, VERSIONNO)
VALUES (85162, 85014, 209952.01, 314928, 0, null, 4, '1', '1', 85022, '1', 1);
INSERT INTO RATECELL (RATECELLID, RATECOLUMNID, RATECELLMIN, RATECELLMAX, RATECELLVALUE, RATECELLTYPE, RATECELLINDEX, ANYMINIMUMIND, ANYMAXIMUMIND, RATEROWID, BLANKCELLIND, VERSIONNO)
VALUES (85163, 85014, 314928.01, 999999999, 0, null, 5, '1', '1', 85022, '1', 1);
INSERT INTO RATECELL (RATECELLID, RATECOLUMNID, RATECELLMIN, RATECELLMAX, RATECELLVALUE, RATECELLTYPE, RATECELLINDEX, ANYMINIMUMIND, ANYMAXIMUMIND, RATEROWID, BLANKCELLIND, VERSIONNO)
VALUES (85225, 85015, 0, 0, 10, null, 1, '0', '0', 85022, '0', 1);
INSERT INTO RATECELL (RATECELLID, RATECOLUMNID, RATECELLMIN, RATECELLMAX, RATECELLVALUE, RATECELLTYPE, RATECELLINDEX, ANYMINIMUMIND, ANYMAXIMUMIND, RATEROWID, BLANKCELLIND, VERSIONNO)
VALUES (85226, 85015, 0, 0, 12, null, 2, '0', '0', 85022, '0', 1);
INSERT INTO RATECELL (RATECELLID, RATECOLUMNID, RATECELLMIN, RATECELLMAX, RATECELLVALUE, RATECELLTYPE, RATECELLINDEX, ANYMINIMUMIND, ANYMAXIMUMIND, RATEROWID, BLANKCELLIND, VERSIONNO)
VALUES (85227, 85015, 0, 0, 13, null, 3, '0', '0', 85022, '0', 1);
INSERT INTO RATECELL (RATECELLID, RATECOLUMNID, RATECELLMIN, RATECELLMAX, RATECELLVALUE, RATECELLTYPE, RATECELLINDEX, ANYMINIMUMIND, ANYMAXIMUMIND, RATEROWID, BLANKCELLIND, VERSIONNO)
VALUES (85228, 85015, 0, 0, 14, null, 4, '0', '0', 85022, '0', 1);
INSERT INTO RATECELL (RATECELLID, RATECOLUMNID, RATECELLMIN, RATECELLMAX, RATECELLVALUE, RATECELLTYPE, RATECELLINDEX, ANYMINIMUMIND, ANYMAXIMUMIND, RATEROWID, BLANKCELLIND, VERSIONNO)
VALUES (85229, 85015, 0, 0, 15, null, 5, '0', '0', 85022, '0', 1);
INSERT INTO RATECELL (RATECELLID, RATECOLUMNID, RATECELLMIN, RATECELLMAX, RATECELLVALUE, RATECELLTYPE, RATECELLINDEX, ANYMINIMUMIND, ANYMAXIMUMIND, RATEROWID, BLANKCELLIND, VERSIONNO)
VALUES (85291, 85016, 0, 0, 0, null, 1, '0', '0', 85022, '0', 1);
INSERT INTO RATECELL (RATECELLID, RATECOLUMNID, RATECELLMIN, RATECELLMAX, RATECELLVALUE, RATECELLTYPE, RATECELLINDEX, ANYMINIMUMIND, ANYMAXIMUMIND, RATEROWID, BLANKCELLIND, VERSIONNO)
VALUES (85292, 85016, 0, 0, 2624, null, 2, '0', '0', 85022, '0', 1);
INSERT INTO RATECELL (RATECELLID, RATECOLUMNID, RATECELLMIN, RATECELLMAX, RATECELLVALUE, RATECELLTYPE, RATECELLINDEX, ANYMINIMUMIND, ANYMAXIMUMIND, RATEROWID, BLANKCELLIND, VERSIONNO)
VALUES (85293, 85016, 0, 0, 4199, null, 3, '0', '0', 85022, '0', 1);
INSERT INTO RATECELL (RATECELLID, RATECOLUMNID, RATECELLMIN, RATECELLMAX, RATECELLVALUE, RATECELLTYPE, RATECELLINDEX, ANYMINIMUMIND, ANYMAXIMUMIND, RATEROWID, BLANKCELLIND, VERSIONNO)
VALUES (85294, 85016, 0, 0, 6299, null, 4, '0', '0', 85022, '0', 1);
INSERT INTO RATECELL (RATECELLID, RATECOLUMNID, RATECELLMIN, RATECELLMAX, RATECELLVALUE, RATECELLTYPE, RATECELLINDEX, ANYMINIMUMIND, ANYMAXIMUMIND, RATEROWID, BLANKCELLIND, VERSIONNO)
VALUES (85295, 85016, 0, 0, 9448, null, 5, '0', '0', 85022, '0', 1);
--Manitoba
INSERT INTO RATEROW (RATEROWID, RATEHEADERID, RATEROWTYPE, RATEROWINDEX, VERSIONNO)
VALUES (85023, 80023, 'BDMRRT15', 1, 1);
INSERT INTO RATECELL (RATECELLID, RATECOLUMNID, RATECELLMIN, RATECELLMAX, RATECELLVALUE, RATECELLTYPE, RATECELLINDEX, ANYMINIMUMIND, ANYMAXIMUMIND, RATEROWID, BLANKCELLIND, VERSIONNO)
VALUES (85171, 85014, 0, 34431, 0, null, 1, '1', '1', 85023, '1', 1);
INSERT INTO RATECELL (RATECELLID, RATECOLUMNID, RATECELLMIN, RATECELLMAX, RATECELLVALUE, RATECELLTYPE, RATECELLINDEX, ANYMINIMUMIND, ANYMAXIMUMIND, RATEROWID, BLANKCELLIND, VERSIONNO)
VALUES (85172, 85014, 34431.01, 74416, 0, null, 2, '1', '1', 85023, '1', 1);
INSERT INTO RATECELL (RATECELLID, RATECOLUMNID, RATECELLMIN, RATECELLMAX, RATECELLVALUE, RATECELLTYPE, RATECELLINDEX, ANYMINIMUMIND, ANYMAXIMUMIND, RATEROWID, BLANKCELLIND, VERSIONNO)
VALUES (85173, 85014, 74416.01, 999999999, 0, null, 3, '1', '1', 85023, '1', 1);
INSERT INTO RATECELL (RATECELLID, RATECOLUMNID, RATECELLMIN, RATECELLMAX, RATECELLVALUE, RATECELLTYPE, RATECELLINDEX, ANYMINIMUMIND, ANYMAXIMUMIND, RATEROWID, BLANKCELLIND, VERSIONNO)
VALUES (85237, 85015, 0, 0, 10.8, null, 1, '0', '0', 85023, '0', 1);
INSERT INTO RATECELL (RATECELLID, RATECOLUMNID, RATECELLMIN, RATECELLMAX, RATECELLVALUE, RATECELLTYPE, RATECELLINDEX, ANYMINIMUMIND, ANYMAXIMUMIND, RATEROWID, BLANKCELLIND, VERSIONNO)
VALUES (85238, 85015, 0, 0, 12.75, null, 2, '0', '0', 85023, '0', 1);
INSERT INTO RATECELL (RATECELLID, RATECOLUMNID, RATECELLMIN, RATECELLMAX, RATECELLVALUE, RATECELLTYPE, RATECELLINDEX, ANYMINIMUMIND, ANYMAXIMUMIND, RATEROWID, BLANKCELLIND, VERSIONNO)
VALUES (85239, 85015, 0, 0, 17.4, null, 3, '0', '0', 85023, '0', 1);
INSERT INTO RATECELL (RATECELLID, RATECOLUMNID, RATECELLMIN, RATECELLMAX, RATECELLVALUE, RATECELLTYPE, RATECELLINDEX, ANYMINIMUMIND, ANYMAXIMUMIND, RATEROWID, BLANKCELLIND, VERSIONNO)
VALUES (85303, 85016, 0, 0, 0, null, 1, '0', '0', 85023, '0', 1);
INSERT INTO RATECELL (RATECELLID, RATECOLUMNID, RATECELLMIN, RATECELLMAX, RATECELLVALUE, RATECELLTYPE, RATECELLINDEX, ANYMINIMUMIND, ANYMAXIMUMIND, RATEROWID, BLANKCELLIND, VERSIONNO)
VALUES (85304, 85016, 0, 0, 671, null, 2, '0', '0', 85023, '0', 1);
INSERT INTO RATECELL (RATECELLID, RATECOLUMNID, RATECELLMIN, RATECELLMAX, RATECELLVALUE, RATECELLTYPE, RATECELLINDEX, ANYMINIMUMIND, ANYMAXIMUMIND, RATEROWID, BLANKCELLIND, VERSIONNO)
VALUES (85305, 85016, 0, 0, 4132, null, 3, '0', '0', 85023, '0', 1);
--New Brunswick
INSERT INTO RATEROW (RATEROWID, RATEHEADERID, RATEROWTYPE, RATEROWINDEX, VERSIONNO)
VALUES (85024, 80023, 'BDMRRT16', 1, 1);
INSERT INTO RATECELL (RATECELLID, RATECOLUMNID, RATECELLMIN, RATECELLMAX, RATECELLVALUE, RATECELLTYPE, RATECELLINDEX, ANYMINIMUMIND, ANYMAXIMUMIND, RATEROWID, BLANKCELLIND, VERSIONNO)
VALUES (85174, 85014, 0, 44887, 0, null, 1, '1', '1', 85024, '1', 1);
INSERT INTO RATECELL (RATECELLID, RATECOLUMNID, RATECELLMIN, RATECELLMAX, RATECELLVALUE, RATECELLTYPE, RATECELLINDEX, ANYMINIMUMIND, ANYMAXIMUMIND, RATEROWID, BLANKCELLIND, VERSIONNO)
VALUES (85175, 85014, 44887.01, 89775, 0, null, 2, '1', '1', 85024, '1', 1);
INSERT INTO RATECELL (RATECELLID, RATECOLUMNID, RATECELLMIN, RATECELLMAX, RATECELLVALUE, RATECELLTYPE, RATECELLINDEX, ANYMINIMUMIND, ANYMAXIMUMIND, RATEROWID, BLANKCELLIND, VERSIONNO)
VALUES (85176, 85014, 89775.01, 145955, 0, null, 3, '1', '1', 85024, '1', 1);
INSERT INTO RATECELL (RATECELLID, RATECOLUMNID, RATECELLMIN, RATECELLMAX, RATECELLVALUE, RATECELLTYPE, RATECELLINDEX, ANYMINIMUMIND, ANYMAXIMUMIND, RATEROWID, BLANKCELLIND, VERSIONNO)
VALUES (85177, 85014, 145955.01, 166280, 0, null, 4, '1', '1', 85024, '1', 1);
INSERT INTO RATECELL (RATECELLID, RATECOLUMNID, RATECELLMIN, RATECELLMAX, RATECELLVALUE, RATECELLTYPE, RATECELLINDEX, ANYMINIMUMIND, ANYMAXIMUMIND, RATEROWID, BLANKCELLIND, VERSIONNO)
VALUES (85178, 85014, 166280.01, 999999999, 0, null, 5, '1', '1', 85024, '1', 1);
INSERT INTO RATECELL (RATECELLID, RATECOLUMNID, RATECELLMIN, RATECELLMAX, RATECELLVALUE, RATECELLTYPE, RATECELLINDEX, ANYMINIMUMIND, ANYMAXIMUMIND, RATEROWID, BLANKCELLIND, VERSIONNO)
VALUES (85240, 85015, 0, 0, 9.4, null, 1, '0', '0', 85024, '0', 1);
INSERT INTO RATECELL (RATECELLID, RATECOLUMNID, RATECELLMIN, RATECELLMAX, RATECELLVALUE, RATECELLTYPE, RATECELLINDEX, ANYMINIMUMIND, ANYMAXIMUMIND, RATEROWID, BLANKCELLIND, VERSIONNO)
VALUES (85241, 85015, 0, 0, 14.82, null, 2, '0', '0', 85024, '0', 1);
INSERT INTO RATECELL (RATECELLID, RATECOLUMNID, RATECELLMIN, RATECELLMAX, RATECELLVALUE, RATECELLTYPE, RATECELLINDEX, ANYMINIMUMIND, ANYMAXIMUMIND, RATEROWID, BLANKCELLIND, VERSIONNO)
VALUES (85242, 85015, 0, 0, 16.52, null, 3, '0', '0', 85024, '0', 1);
INSERT INTO RATECELL (RATECELLID, RATECOLUMNID, RATECELLMIN, RATECELLMAX, RATECELLVALUE, RATECELLTYPE, RATECELLINDEX, ANYMINIMUMIND, ANYMAXIMUMIND, RATEROWID, BLANKCELLIND, VERSIONNO)
VALUES (85243, 85015, 0, 0, 17.84, null, 4, '0', '0', 85024, '0', 1);
INSERT INTO RATECELL (RATECELLID, RATECOLUMNID, RATECELLMIN, RATECELLMAX, RATECELLVALUE, RATECELLTYPE, RATECELLINDEX, ANYMINIMUMIND, ANYMAXIMUMIND, RATEROWID, BLANKCELLIND, VERSIONNO)
VALUES (85244, 85015, 0, 0, 20.3, null, 5, '0', '0', 85024, '0', 1);
INSERT INTO RATECELL (RATECELLID, RATECOLUMNID, RATECELLMIN, RATECELLMAX, RATECELLVALUE, RATECELLTYPE, RATECELLINDEX, ANYMINIMUMIND, ANYMAXIMUMIND, RATEROWID, BLANKCELLIND, VERSIONNO)
VALUES (85306, 85016, 0, 0, 0, null, 1, '0', '0', 85024, '0', 1);
INSERT INTO RATECELL (RATECELLID, RATECOLUMNID, RATECELLMIN, RATECELLMAX, RATECELLVALUE, RATECELLTYPE, RATECELLINDEX, ANYMINIMUMIND, ANYMAXIMUMIND, RATEROWID, BLANKCELLIND, VERSIONNO)
VALUES (85307, 85016, 0, 0, 2433, null, 2, '0', '0', 85024, '0', 1);
INSERT INTO RATECELL (RATECELLID, RATECOLUMNID, RATECELLMIN, RATECELLMAX, RATECELLVALUE, RATECELLTYPE, RATECELLINDEX, ANYMINIMUMIND, ANYMAXIMUMIND, RATEROWID, BLANKCELLIND, VERSIONNO)
VALUES (85308, 85016, 0, 0, 3959, null, 3, '0', '0', 85024, '0', 1);
INSERT INTO RATECELL (RATECELLID, RATECOLUMNID, RATECELLMIN, RATECELLMAX, RATECELLVALUE, RATECELLTYPE, RATECELLINDEX, ANYMINIMUMIND, ANYMAXIMUMIND, RATEROWID, BLANKCELLIND, VERSIONNO)
VALUES (85309, 85016, 0, 0, 5886, null, 4, '0', '0', 85024, '0', 1);
INSERT INTO RATECELL (RATECELLID, RATECOLUMNID, RATECELLMIN, RATECELLMAX, RATECELLVALUE, RATECELLTYPE, RATECELLINDEX, ANYMINIMUMIND, ANYMAXIMUMIND, RATEROWID, BLANKCELLIND, VERSIONNO)
VALUES (85310, 85016, 0, 0, 9976, null, 5, '0', '0', 85024, '0', 1);
--Newfoundland
INSERT INTO RATEROW (RATEROWID, RATEHEADERID, RATEROWTYPE, RATEROWINDEX, VERSIONNO)
VALUES (85025, 80023, 'BDMRRT17', 1, 1);
INSERT INTO RATECELL (RATECELLID, RATECOLUMNID, RATECELLMIN, RATECELLMAX, RATECELLVALUE, RATECELLTYPE, RATECELLINDEX, ANYMINIMUMIND, ANYMAXIMUMIND, RATEROWID, BLANKCELLIND, VERSIONNO)
VALUES (85179, 85014, 0, 39147, 0, null, 1, '1', '1', 85025, '1', 1);
INSERT INTO RATECELL (RATECELLID, RATECOLUMNID, RATECELLMIN, RATECELLMAX, RATECELLVALUE, RATECELLTYPE, RATECELLINDEX, ANYMINIMUMIND, ANYMAXIMUMIND, RATEROWID, BLANKCELLIND, VERSIONNO)
VALUES (85180, 85014, 39147.01, 78294, 0, null, 2, '1', '1', 85025, '1', 1);
INSERT INTO RATECELL (RATECELLID, RATECOLUMNID, RATECELLMIN, RATECELLMAX, RATECELLVALUE, RATECELLTYPE, RATECELLINDEX, ANYMINIMUMIND, ANYMAXIMUMIND, RATEROWID, BLANKCELLIND, VERSIONNO)
VALUES (85181, 85014, 78294.01, 139780, 0, null, 3, '1', '1', 85025, '1', 1);
INSERT INTO RATECELL (RATECELLID, RATECOLUMNID, RATECELLMIN, RATECELLMAX, RATECELLVALUE, RATECELLTYPE, RATECELLINDEX, ANYMINIMUMIND, ANYMAXIMUMIND, RATEROWID, BLANKCELLIND, VERSIONNO)
VALUES (85182, 85014, 139780.01, 195693, 0, null, 4, '1', '1', 85025, '1', 1);
INSERT INTO RATECELL (RATECELLID, RATECOLUMNID, RATECELLMIN, RATECELLMAX, RATECELLVALUE, RATECELLTYPE, RATECELLINDEX, ANYMINIMUMIND, ANYMAXIMUMIND, RATEROWID, BLANKCELLIND, VERSIONNO)
VALUES (85183, 85014, 195693.01, 250000, 0, null, 5, '1', '1', 85025, '1', 1);
INSERT INTO RATECELL (RATECELLID, RATECOLUMNID, RATECELLMIN, RATECELLMAX, RATECELLVALUE, RATECELLTYPE, RATECELLINDEX, ANYMINIMUMIND, ANYMAXIMUMIND, RATEROWID, BLANKCELLIND, VERSIONNO)
VALUES (85184, 85014, 250000.01, 500000, 0, null, 6, '1', '1', 85025, '1', 1);
INSERT INTO RATECELL (RATECELLID, RATECOLUMNID, RATECELLMIN, RATECELLMAX, RATECELLVALUE, RATECELLTYPE, RATECELLINDEX, ANYMINIMUMIND, ANYMAXIMUMIND, RATEROWID, BLANKCELLIND, VERSIONNO)
VALUES (85185, 85014, 500000.01, 1000000, 0, null, 7, '1', '1', 85025, '1', 1);
INSERT INTO RATECELL (RATECELLID, RATECOLUMNID, RATECELLMIN, RATECELLMAX, RATECELLVALUE, RATECELLTYPE, RATECELLINDEX, ANYMINIMUMIND, ANYMAXIMUMIND, RATEROWID, BLANKCELLIND, VERSIONNO)
VALUES (85186, 85014, 1000000.01, 999999999, 0, null, 8, '1', '1', 85025, '1', 1);
INSERT INTO RATECELL (RATECELLID, RATECOLUMNID, RATECELLMIN, RATECELLMAX, RATECELLVALUE, RATECELLTYPE, RATECELLINDEX, ANYMINIMUMIND, ANYMAXIMUMIND, RATEROWID, BLANKCELLIND, VERSIONNO)
VALUES (85245, 85015, 0, 0, 8.7, null, 1, '0', '0', 85025, '0', 1);
INSERT INTO RATECELL (RATECELLID, RATECOLUMNID, RATECELLMIN, RATECELLMAX, RATECELLVALUE, RATECELLTYPE, RATECELLINDEX, ANYMINIMUMIND, ANYMAXIMUMIND, RATEROWID, BLANKCELLIND, VERSIONNO)
VALUES (85246, 85015, 0, 0, 14.5, null, 2, '0', '0', 85025, '0', 1);
INSERT INTO RATECELL (RATECELLID, RATECOLUMNID, RATECELLMIN, RATECELLMAX, RATECELLVALUE, RATECELLTYPE, RATECELLINDEX, ANYMINIMUMIND, ANYMAXIMUMIND, RATEROWID, BLANKCELLIND, VERSIONNO)
VALUES (85247, 85015, 0, 0, 15.8, null, 3, '0', '0', 85025, '0', 1);
INSERT INTO RATECELL (RATECELLID, RATECOLUMNID, RATECELLMIN, RATECELLMAX, RATECELLVALUE, RATECELLTYPE, RATECELLINDEX, ANYMINIMUMIND, ANYMAXIMUMIND, RATEROWID, BLANKCELLIND, VERSIONNO)
VALUES (85248, 85015, 0, 0, 17.8, null, 4, '0', '0', 85025, '0', 1);
INSERT INTO RATECELL (RATECELLID, RATECOLUMNID, RATECELLMIN, RATECELLMAX, RATECELLVALUE, RATECELLTYPE, RATECELLINDEX, ANYMINIMUMIND, ANYMAXIMUMIND, RATEROWID, BLANKCELLIND, VERSIONNO)
VALUES (85249, 85015, 0, 0, 19.8, null, 5, '0', '0', 85025, '0', 1);
INSERT INTO RATECELL (RATECELLID, RATECOLUMNID, RATECELLMIN, RATECELLMAX, RATECELLVALUE, RATECELLTYPE, RATECELLINDEX, ANYMINIMUMIND, ANYMAXIMUMIND, RATEROWID, BLANKCELLIND, VERSIONNO)
VALUES (85250, 85015, 0, 0, 20.8, null, 6, '0', '0', 85025, '0', 1);
INSERT INTO RATECELL (RATECELLID, RATECOLUMNID, RATECELLMIN, RATECELLMAX, RATECELLVALUE, RATECELLTYPE, RATECELLINDEX, ANYMINIMUMIND, ANYMAXIMUMIND, RATEROWID, BLANKCELLIND, VERSIONNO)
VALUES (85251, 85015, 0, 0, 21.3, null, 7, '0', '0', 85025, '0', 1);
INSERT INTO RATECELL (RATECELLID, RATECOLUMNID, RATECELLMIN, RATECELLMAX, RATECELLVALUE, RATECELLTYPE, RATECELLINDEX, ANYMINIMUMIND, ANYMAXIMUMIND, RATEROWID, BLANKCELLIND, VERSIONNO)
VALUES (85252, 85015, 0, 0, 21.8, null, 8, '0', '0', 85025, '0', 1);
INSERT INTO RATECELL (RATECELLID, RATECOLUMNID, RATECELLMIN, RATECELLMAX, RATECELLVALUE, RATECELLTYPE, RATECELLINDEX, ANYMINIMUMIND, ANYMAXIMUMIND, RATEROWID, BLANKCELLIND, VERSIONNO)
VALUES (85311, 85016, 0, 0, 0, null, 1, '0', '0', 85025, '0', 1);
INSERT INTO RATECELL (RATECELLID, RATECOLUMNID, RATECELLMIN, RATECELLMAX, RATECELLVALUE, RATECELLTYPE, RATECELLINDEX, ANYMINIMUMIND, ANYMAXIMUMIND, RATEROWID, BLANKCELLIND, VERSIONNO)
VALUES (85312, 85016, 0, 0, 2271, null, 2, '0', '0', 85025, '0', 1);
INSERT INTO RATECELL (RATECELLID, RATECOLUMNID, RATECELLMIN, RATECELLMAX, RATECELLVALUE, RATECELLTYPE, RATECELLINDEX, ANYMINIMUMIND, ANYMAXIMUMIND, RATEROWID, BLANKCELLIND, VERSIONNO)
VALUES (85313, 85016, 0, 0, 3288, null, 3, '0', '0', 85025, '0', 1);
INSERT INTO RATECELL (RATECELLID, RATECOLUMNID, RATECELLMIN, RATECELLMAX, RATECELLVALUE, RATECELLTYPE, RATECELLINDEX, ANYMINIMUMIND, ANYMAXIMUMIND, RATEROWID, BLANKCELLIND, VERSIONNO)
VALUES (85314, 85016, 0, 0, 6084, null, 4, '0', '0', 85025, '0', 1);
INSERT INTO RATECELL (RATECELLID, RATECOLUMNID, RATECELLMIN, RATECELLMAX, RATECELLVALUE, RATECELLTYPE, RATECELLINDEX, ANYMINIMUMIND, ANYMAXIMUMIND, RATEROWID, BLANKCELLIND, VERSIONNO)
VALUES (85315, 85016, 0, 0, 9998, null, 5, '0', '0', 85025, '0', 1);
INSERT INTO RATECELL (RATECELLID, RATECOLUMNID, RATECELLMIN, RATECELLMAX, RATECELLVALUE, RATECELLTYPE, RATECELLINDEX, ANYMINIMUMIND, ANYMAXIMUMIND, RATEROWID, BLANKCELLIND, VERSIONNO)
VALUES (85316, 85016, 0, 0, 12498, null, 6, '0', '0', 85025, '0', 1);
INSERT INTO RATECELL (RATECELLID, RATECOLUMNID, RATECELLMIN, RATECELLMAX, RATECELLVALUE, RATECELLTYPE, RATECELLINDEX, ANYMINIMUMIND, ANYMAXIMUMIND, RATEROWID, BLANKCELLIND, VERSIONNO)
VALUES (85317, 85016, 0, 0, 14998, null, 7, '0', '0', 85025, '0', 1);
INSERT INTO RATECELL (RATECELLID, RATECOLUMNID, RATECELLMIN, RATECELLMAX, RATECELLVALUE, RATECELLTYPE, RATECELLINDEX, ANYMINIMUMIND, ANYMAXIMUMIND, RATEROWID, BLANKCELLIND, VERSIONNO)
VALUES (85318, 85016, 0, 0, 19998, null, 8, '0', '0', 85025, '0', 1);
--Northwest Territories
INSERT INTO RATEROW (RATEROWID, RATEHEADERID, RATEROWTYPE, RATEROWINDEX, VERSIONNO)
VALUES (85026, 80023, 'BDMRRT18', 1, 1);
INSERT INTO RATECELL (RATECELLID, RATECOLUMNID, RATECELLMIN, RATECELLMAX, RATECELLVALUE, RATECELLTYPE, RATECELLINDEX, ANYMINIMUMIND, ANYMAXIMUMIND, RATEROWID, BLANKCELLIND, VERSIONNO)
VALUES (85192, 85014, 0, 45462, 0, null, 1, '1', '1', 85026, '1', 1);
INSERT INTO RATECELL (RATECELLID, RATECOLUMNID, RATECELLMIN, RATECELLMAX, RATECELLVALUE, RATECELLTYPE, RATECELLINDEX, ANYMINIMUMIND, ANYMAXIMUMIND, RATEROWID, BLANKCELLIND, VERSIONNO)
VALUES (85193, 85014, 45462.01, 90927, 0, null, 2, '1', '1', 85026, '1', 1);
INSERT INTO RATECELL (RATECELLID, RATECOLUMNID, RATECELLMIN, RATECELLMAX, RATECELLVALUE, RATECELLTYPE, RATECELLINDEX, ANYMINIMUMIND, ANYMAXIMUMIND, RATEROWID, BLANKCELLIND, VERSIONNO)
VALUES (85194, 85014, 90927.01, 147826, 0, null, 3, '1', '1', 85026, '1', 1);
INSERT INTO RATECELL (RATECELLID, RATECOLUMNID, RATECELLMIN, RATECELLMAX, RATECELLVALUE, RATECELLTYPE, RATECELLINDEX, ANYMINIMUMIND, ANYMAXIMUMIND, RATEROWID, BLANKCELLIND, VERSIONNO)
VALUES (85195, 85014, 147826.01, 999999999, 0, null, 4, '1', '1', 85026, '1', 1);
INSERT INTO RATECELL (RATECELLID, RATECOLUMNID, RATECELLMIN, RATECELLMAX, RATECELLVALUE, RATECELLTYPE, RATECELLINDEX, ANYMINIMUMIND, ANYMAXIMUMIND, RATEROWID, BLANKCELLIND, VERSIONNO)
VALUES (85258, 85015, 0, 0, 5.9, null, 1, '0', '0', 85026, '0', 1);
INSERT INTO RATECELL (RATECELLID, RATECOLUMNID, RATECELLMIN, RATECELLMAX, RATECELLVALUE, RATECELLTYPE, RATECELLINDEX, ANYMINIMUMIND, ANYMAXIMUMIND, RATEROWID, BLANKCELLIND, VERSIONNO)
VALUES (85259, 85015, 0, 0, 8.6, null, 2, '0', '0', 85026, '0', 1);
INSERT INTO RATECELL (RATECELLID, RATECOLUMNID, RATECELLMIN, RATECELLMAX, RATECELLVALUE, RATECELLTYPE, RATECELLINDEX, ANYMINIMUMIND, ANYMAXIMUMIND, RATEROWID, BLANKCELLIND, VERSIONNO)
VALUES (85260, 85015, 0, 0, 12.2, null, 3, '0', '0', 85026, '0', 1);
INSERT INTO RATECELL (RATECELLID, RATECOLUMNID, RATECELLMIN, RATECELLMAX, RATECELLVALUE, RATECELLTYPE, RATECELLINDEX, ANYMINIMUMIND, ANYMAXIMUMIND, RATEROWID, BLANKCELLIND, VERSIONNO)
VALUES (85261, 85015, 0, 0, 14.05, null, 4, '0', '0', 85026, '0', 1);
INSERT INTO RATECELL (RATECELLID, RATECOLUMNID, RATECELLMIN, RATECELLMAX, RATECELLVALUE, RATECELLTYPE, RATECELLINDEX, ANYMINIMUMIND, ANYMAXIMUMIND, RATEROWID, BLANKCELLIND, VERSIONNO)
VALUES (85324, 85016, 0, 0, 0, null, 1, '0', '0', 85026, '0', 1);
INSERT INTO RATECELL (RATECELLID, RATECOLUMNID, RATECELLMIN, RATECELLMAX, RATECELLVALUE, RATECELLTYPE, RATECELLINDEX, ANYMINIMUMIND, ANYMAXIMUMIND, RATEROWID, BLANKCELLIND, VERSIONNO)
VALUES (85325, 85016, 0, 0, 1227, null, 2, '0', '0', 85026, '0', 1);
INSERT INTO RATECELL (RATECELLID, RATECOLUMNID, RATECELLMIN, RATECELLMAX, RATECELLVALUE, RATECELLTYPE, RATECELLINDEX, ANYMINIMUMIND, ANYMAXIMUMIND, RATEROWID, BLANKCELLIND, VERSIONNO)
VALUES (85326, 85016, 0, 0, 4501, null, 3, '0', '0', 85026, '0', 1);
INSERT INTO RATECELL (RATECELLID, RATECOLUMNID, RATECELLMIN, RATECELLMAX, RATECELLVALUE, RATECELLTYPE, RATECELLINDEX, ANYMINIMUMIND, ANYMAXIMUMIND, RATEROWID, BLANKCELLIND, VERSIONNO)
VALUES (85327, 85016, 0, 0, 7236, null, 4, '0', '0', 85026, '0', 1);
--Nunavut
INSERT INTO RATEROW (RATEROWID, RATEHEADERID, RATEROWTYPE, RATEROWINDEX, VERSIONNO)
VALUES (85027, 80023, 'BDMRRT19', 1, 1);
INSERT INTO RATECELL (RATECELLID, RATECOLUMNID, RATECELLMIN, RATECELLMAX, RATECELLVALUE, RATECELLTYPE, RATECELLINDEX, ANYMINIMUMIND, ANYMAXIMUMIND, RATEROWID, BLANKCELLIND, VERSIONNO)
VALUES (85196, 85014, 0, 47862, 0, null, 1, '1', '1', 85027, '1', 1);
INSERT INTO RATECELL (RATECELLID, RATECOLUMNID, RATECELLMIN, RATECELLMAX, RATECELLVALUE, RATECELLTYPE, RATECELLINDEX, ANYMINIMUMIND, ANYMAXIMUMIND, RATEROWID, BLANKCELLIND, VERSIONNO)
VALUES (85197, 85014, 47862.01, 95724, 0, null, 2, '1', '1', 85027, '1', 1);
INSERT INTO RATECELL (RATECELLID, RATECOLUMNID, RATECELLMIN, RATECELLMAX, RATECELLVALUE, RATECELLTYPE, RATECELLINDEX, ANYMINIMUMIND, ANYMAXIMUMIND, RATEROWID, BLANKCELLIND, VERSIONNO)
VALUES (85198, 85014, 95724.01, 155625, 0, null, 3, '1', '1', 85027, '1', 1);
INSERT INTO RATECELL (RATECELLID, RATECOLUMNID, RATECELLMIN, RATECELLMAX, RATECELLVALUE, RATECELLTYPE, RATECELLINDEX, ANYMINIMUMIND, ANYMAXIMUMIND, RATEROWID, BLANKCELLIND, VERSIONNO)
VALUES (85199, 85014, 155625.01, 999999999, 0, null, 4, '1', '1', 85027, '1', 1);
INSERT INTO RATECELL (RATECELLID, RATECOLUMNID, RATECELLMIN, RATECELLMAX, RATECELLVALUE, RATECELLTYPE, RATECELLINDEX, ANYMINIMUMIND, ANYMAXIMUMIND, RATEROWID, BLANKCELLIND, VERSIONNO)
VALUES (85262, 85015, 0, 0, 4, null, 1, '0', '0', 85027, '0', 1);
INSERT INTO RATECELL (RATECELLID, RATECOLUMNID, RATECELLMIN, RATECELLMAX, RATECELLVALUE, RATECELLTYPE, RATECELLINDEX, ANYMINIMUMIND, ANYMAXIMUMIND, RATEROWID, BLANKCELLIND, VERSIONNO)
VALUES (85263, 85015, 0, 0, 7, null, 2, '0', '0', 85027, '0', 1);
INSERT INTO RATECELL (RATECELLID, RATECOLUMNID, RATECELLMIN, RATECELLMAX, RATECELLVALUE, RATECELLTYPE, RATECELLINDEX, ANYMINIMUMIND, ANYMAXIMUMIND, RATEROWID, BLANKCELLIND, VERSIONNO)
VALUES (85264, 85015, 0, 0, 9, null, 3, '0', '0', 85027, '0', 1);
INSERT INTO RATECELL (RATECELLID, RATECOLUMNID, RATECELLMIN, RATECELLMAX, RATECELLVALUE, RATECELLTYPE, RATECELLINDEX, ANYMINIMUMIND, ANYMAXIMUMIND, RATEROWID, BLANKCELLIND, VERSIONNO)
VALUES (85265, 85015, 0, 0, 11.5, null, 4, '0', '0', 85027, '0', 1);
INSERT INTO RATECELL (RATECELLID, RATECOLUMNID, RATECELLMIN, RATECELLMAX, RATECELLVALUE, RATECELLTYPE, RATECELLINDEX, ANYMINIMUMIND, ANYMAXIMUMIND, RATEROWID, BLANKCELLIND, VERSIONNO)
VALUES (85328, 85016, 0, 0, 0, null, 1, '0', '0', 85027, '0', 1);
INSERT INTO RATECELL (RATECELLID, RATECOLUMNID, RATECELLMIN, RATECELLMAX, RATECELLVALUE, RATECELLTYPE, RATECELLINDEX, ANYMINIMUMIND, ANYMAXIMUMIND, RATEROWID, BLANKCELLIND, VERSIONNO)
VALUES (85329, 85016, 0, 0, 1436, null, 2, '0', '0', 85027, '0', 1);
INSERT INTO RATECELL (RATECELLID, RATECOLUMNID, RATECELLMIN, RATECELLMAX, RATECELLVALUE, RATECELLTYPE, RATECELLINDEX, ANYMINIMUMIND, ANYMAXIMUMIND, RATEROWID, BLANKCELLIND, VERSIONNO)
VALUES (85330, 85016, 0, 0, 3350, null, 3, '0', '0', 85027, '0', 1);
INSERT INTO RATECELL (RATECELLID, RATECOLUMNID, RATECELLMIN, RATECELLMAX, RATECELLVALUE, RATECELLTYPE, RATECELLINDEX, ANYMINIMUMIND, ANYMAXIMUMIND, RATEROWID, BLANKCELLIND, VERSIONNO)
VALUES (85331, 85016, 0, 0, 7241, null, 4, '0', '0', 85027, '0', 1);
--Ontario
INSERT INTO RATEROW (RATEROWID, RATEHEADERID, RATEROWTYPE, RATEROWINDEX, VERSIONNO)
VALUES (85028, 80023, 'BDMRRT20', 1, 1);
INSERT INTO RATECELL (RATECELLID, RATECOLUMNID, RATECELLMIN, RATECELLMAX, RATECELLVALUE, RATECELLTYPE, RATECELLINDEX, ANYMINIMUMIND, ANYMAXIMUMIND, RATEROWID, BLANKCELLIND, VERSIONNO)
VALUES (85200, 85014, 0, 46226, 0, null, 1, '1', '1', 85028, '1', 1);
INSERT INTO RATECELL (RATECELLID, RATECOLUMNID, RATECELLMIN, RATECELLMAX, RATECELLVALUE, RATECELLTYPE, RATECELLINDEX, ANYMINIMUMIND, ANYMAXIMUMIND, RATEROWID, BLANKCELLIND, VERSIONNO)
VALUES (85201, 85014, 46226.01, 92454, 0, null, 2, '1', '1', 85028, '1', 1);
INSERT INTO RATECELL (RATECELLID, RATECOLUMNID, RATECELLMIN, RATECELLMAX, RATECELLVALUE, RATECELLTYPE, RATECELLINDEX, ANYMINIMUMIND, ANYMAXIMUMIND, RATEROWID, BLANKCELLIND, VERSIONNO)
VALUES (85202, 85014, 92454.01, 150000, 0, null, 3, '1', '1', 85028, '1', 1);
INSERT INTO RATECELL (RATECELLID, RATECOLUMNID, RATECELLMIN, RATECELLMAX, RATECELLVALUE, RATECELLTYPE, RATECELLINDEX, ANYMINIMUMIND, ANYMAXIMUMIND, RATEROWID, BLANKCELLIND, VERSIONNO)
VALUES (85203, 85014, 150000.01, 220000, 0, null, 4, '1', '1', 85028, '1', 1);
INSERT INTO RATECELL (RATECELLID, RATECOLUMNID, RATECELLMIN, RATECELLMAX, RATECELLVALUE, RATECELLTYPE, RATECELLINDEX, ANYMINIMUMIND, ANYMAXIMUMIND, RATEROWID, BLANKCELLIND, VERSIONNO)
VALUES (85204, 85014, 220000.01, 999999999, 0, null, 5, '1', '1', 85028, '1', 1);
INSERT INTO RATECELL (RATECELLID, RATECOLUMNID, RATECELLMIN, RATECELLMAX, RATECELLVALUE, RATECELLTYPE, RATECELLINDEX, ANYMINIMUMIND, ANYMAXIMUMIND, RATEROWID, BLANKCELLIND, VERSIONNO)
VALUES (85266, 85015, 0, 0, 5.05, null, 1, '0', '0', 85028, '0', 1);
INSERT INTO RATECELL (RATECELLID, RATECOLUMNID, RATECELLMIN, RATECELLMAX, RATECELLVALUE, RATECELLTYPE, RATECELLINDEX, ANYMINIMUMIND, ANYMAXIMUMIND, RATEROWID, BLANKCELLIND, VERSIONNO)
VALUES (85267, 85015, 0, 0, 9.15, null, 2, '0', '0', 85028, '0', 1);
INSERT INTO RATECELL (RATECELLID, RATECOLUMNID, RATECELLMIN, RATECELLMAX, RATECELLVALUE, RATECELLTYPE, RATECELLINDEX, ANYMINIMUMIND, ANYMAXIMUMIND, RATEROWID, BLANKCELLIND, VERSIONNO)
VALUES (85268, 85015, 0, 0, 11.16, null, 3, '0', '0', 85028, '0', 1);
INSERT INTO RATECELL (RATECELLID, RATECOLUMNID, RATECELLMIN, RATECELLMAX, RATECELLVALUE, RATECELLTYPE, RATECELLINDEX, ANYMINIMUMIND, ANYMAXIMUMIND, RATEROWID, BLANKCELLIND, VERSIONNO)
VALUES (85269, 85015, 0, 0, 12.16, null, 4, '0', '0', 85028, '0', 1);
INSERT INTO RATECELL (RATECELLID, RATECOLUMNID, RATECELLMIN, RATECELLMAX, RATECELLVALUE, RATECELLTYPE, RATECELLINDEX, ANYMINIMUMIND, ANYMAXIMUMIND, RATEROWID, BLANKCELLIND, VERSIONNO)
VALUES (85270, 85015, 0, 0, 13.16, null, 5, '0', '0', 85028, '0', 1);
INSERT INTO RATECELL (RATECELLID, RATECOLUMNID, RATECELLMIN, RATECELLMAX, RATECELLVALUE, RATECELLTYPE, RATECELLINDEX, ANYMINIMUMIND, ANYMAXIMUMIND, RATEROWID, BLANKCELLIND, VERSIONNO)
VALUES (85332, 85016, 0, 0, 0, null, 1, '0', '0', 85028, '0', 1);
INSERT INTO RATECELL (RATECELLID, RATECOLUMNID, RATECELLMIN, RATECELLMAX, RATECELLVALUE, RATECELLTYPE, RATECELLINDEX, ANYMINIMUMIND, ANYMAXIMUMIND, RATEROWID, BLANKCELLIND, VERSIONNO)
VALUES (85333, 85016, 0, 0, 1895, null, 2, '0', '0', 85028, '0', 1);
INSERT INTO RATECELL (RATECELLID, RATECOLUMNID, RATECELLMIN, RATECELLMAX, RATECELLVALUE, RATECELLTYPE, RATECELLINDEX, ANYMINIMUMIND, ANYMAXIMUMIND, RATEROWID, BLANKCELLIND, VERSIONNO)
VALUES (85334, 85016, 0, 0, 3754, null, 3, '0', '0', 85028, '0', 1);
INSERT INTO RATECELL (RATECELLID, RATECOLUMNID, RATECELLMIN, RATECELLMAX, RATECELLVALUE, RATECELLTYPE, RATECELLINDEX, ANYMINIMUMIND, ANYMAXIMUMIND, RATEROWID, BLANKCELLIND, VERSIONNO)
VALUES (85335, 85016, 0, 0, 5254, null, 4, '0', '0', 85028, '0', 1);
INSERT INTO RATECELL (RATECELLID, RATECOLUMNID, RATECELLMIN, RATECELLMAX, RATECELLVALUE, RATECELLTYPE, RATECELLINDEX, ANYMINIMUMIND, ANYMAXIMUMIND, RATEROWID, BLANKCELLIND, VERSIONNO)
VALUES (85336, 85016, 0, 0, 7454, null, 5, '0', '0', 85028, '0', 1);
--Prince Edward Island
INSERT INTO RATEROW (RATEROWID, RATEHEADERID, RATEROWTYPE, RATEROWINDEX, VERSIONNO)
VALUES (85029, 80023, 'BDMRRT21', 1, 1);
INSERT INTO RATECELL (RATECELLID, RATECOLUMNID, RATECELLMIN, RATECELLMAX, RATECELLVALUE, RATECELLTYPE, RATECELLINDEX, ANYMINIMUMIND, ANYMAXIMUMIND, RATEROWID, BLANKCELLIND, VERSIONNO)
VALUES (85205, 85014, 0, 31984, 0, null, 1, '1', '1', 85029, '1', 1);
INSERT INTO RATECELL (RATECELLID, RATECOLUMNID, RATECELLMIN, RATECELLMAX, RATECELLVALUE, RATECELLTYPE, RATECELLINDEX, ANYMINIMUMIND, ANYMAXIMUMIND, RATEROWID, BLANKCELLIND, VERSIONNO)
VALUES (85206, 85014, 31984.01, 63969, 0, null, 2, '1', '1', 85029, '1', 1);
INSERT INTO RATECELL (RATECELLID, RATECOLUMNID, RATECELLMIN, RATECELLMAX, RATECELLVALUE, RATECELLTYPE, RATECELLINDEX, ANYMINIMUMIND, ANYMAXIMUMIND, RATEROWID, BLANKCELLIND, VERSIONNO)
VALUES (85207, 85014, 63969.01, 999999999, 0, null, 3, '1', '1', 85029, '1', 1);
INSERT INTO RATECELL (RATECELLID, RATECOLUMNID, RATECELLMIN, RATECELLMAX, RATECELLVALUE, RATECELLTYPE, RATECELLINDEX, ANYMINIMUMIND, ANYMAXIMUMIND, RATEROWID, BLANKCELLIND, VERSIONNO)
VALUES (85271, 85015, 0, 0, 9.8, null, 1, '0', '0', 85029, '0', 1);
INSERT INTO RATECELL (RATECELLID, RATECOLUMNID, RATECELLMIN, RATECELLMAX, RATECELLVALUE, RATECELLTYPE, RATECELLINDEX, ANYMINIMUMIND, ANYMAXIMUMIND, RATEROWID, BLANKCELLIND, VERSIONNO)
VALUES (85272, 85015, 0, 0, 13.8, null, 2, '0', '0', 85029, '0', 1);
INSERT INTO RATECELL (RATECELLID, RATECOLUMNID, RATECELLMIN, RATECELLMAX, RATECELLVALUE, RATECELLTYPE, RATECELLINDEX, ANYMINIMUMIND, ANYMAXIMUMIND, RATEROWID, BLANKCELLIND, VERSIONNO)
VALUES (85273, 85015, 0, 0, 16.7, null, 3, '0', '0', 85029, '0', 1);
INSERT INTO RATECELL (RATECELLID, RATECOLUMNID, RATECELLMIN, RATECELLMAX, RATECELLVALUE, RATECELLTYPE, RATECELLINDEX, ANYMINIMUMIND, ANYMAXIMUMIND, RATEROWID, BLANKCELLIND, VERSIONNO)
VALUES (85337, 85016, 0, 0, 0, null, 1, '0', '0', 85029, '0', 1);
INSERT INTO RATECELL (RATECELLID, RATECOLUMNID, RATECELLMIN, RATECELLMAX, RATECELLVALUE, RATECELLTYPE, RATECELLINDEX, ANYMINIMUMIND, ANYMAXIMUMIND, RATEROWID, BLANKCELLIND, VERSIONNO)
VALUES (85338, 85016, 0, 0, 1279, null, 2, '0', '0', 85029, '0', 1);
INSERT INTO RATECELL (RATECELLID, RATECOLUMNID, RATECELLMIN, RATECELLMAX, RATECELLVALUE, RATECELLTYPE, RATECELLINDEX, ANYMINIMUMIND, ANYMAXIMUMIND, RATEROWID, BLANKCELLIND, VERSIONNO)
VALUES (85339, 85016, 0, 0, 3134, null, 3, '0', '0', 85029, '0', 1);
--Yukon
INSERT INTO RATEROW (RATEROWID, RATEHEADERID, RATEROWTYPE, RATEROWINDEX, VERSIONNO)
VALUES (85030, 80023, 'BDMRRT22', 1, 1);
INSERT INTO RATECELL (RATECELLID, RATECOLUMNID, RATECELLMIN, RATECELLMAX, RATECELLVALUE, RATECELLTYPE, RATECELLINDEX, ANYMINIMUMIND, ANYMAXIMUMIND, RATEROWID, BLANKCELLIND, VERSIONNO)
VALUES (85211, 85014, 0, 50197, 0, null, 1, '1', '1', 85030, '1', 1);
INSERT INTO RATECELL (RATECELLID, RATECOLUMNID, RATECELLMIN, RATECELLMAX, RATECELLVALUE, RATECELLTYPE, RATECELLINDEX, ANYMINIMUMIND, ANYMAXIMUMIND, RATEROWID, BLANKCELLIND, VERSIONNO)
VALUES (85212, 85014, 50197.01, 100392, 0, null, 2, '1', '1', 85030, '1', 1);
INSERT INTO RATECELL (RATECELLID, RATECOLUMNID, RATECELLMIN, RATECELLMAX, RATECELLVALUE, RATECELLTYPE, RATECELLINDEX, ANYMINIMUMIND, ANYMAXIMUMIND, RATEROWID, BLANKCELLIND, VERSIONNO)
VALUES (85213, 85014, 100392.01, 155625, 0, null, 3, '1', '1', 85030, '1', 1);
INSERT INTO RATECELL (RATECELLID, RATECOLUMNID, RATECELLMIN, RATECELLMAX, RATECELLVALUE, RATECELLTYPE, RATECELLINDEX, ANYMINIMUMIND, ANYMAXIMUMIND, RATEROWID, BLANKCELLIND, VERSIONNO)
VALUES (85214, 85014, 155625.01, 500000, 0, null, 4, '1', '1', 85030, '1', 1);
INSERT INTO RATECELL (RATECELLID, RATECOLUMNID, RATECELLMIN, RATECELLMAX, RATECELLVALUE, RATECELLTYPE, RATECELLINDEX, ANYMINIMUMIND, ANYMAXIMUMIND, RATEROWID, BLANKCELLIND, VERSIONNO)
VALUES (85215, 85014, 500000.01, 999999999, 0, null, 5, '1', '1', 85030, '1', 1);
INSERT INTO RATECELL (RATECELLID, RATECOLUMNID, RATECELLMIN, RATECELLMAX, RATECELLVALUE, RATECELLTYPE, RATECELLINDEX, ANYMINIMUMIND, ANYMAXIMUMIND, RATEROWID, BLANKCELLIND, VERSIONNO)
VALUES (85277, 85015, 0, 0, 6.4, null, 1, '0', '0', 85030, '0', 1);
INSERT INTO RATECELL (RATECELLID, RATECOLUMNID, RATECELLMIN, RATECELLMAX, RATECELLVALUE, RATECELLTYPE, RATECELLINDEX, ANYMINIMUMIND, ANYMAXIMUMIND, RATEROWID, BLANKCELLIND, VERSIONNO)
VALUES (85278, 85015, 0, 0, 9, null, 2, '0', '0', 85030, '0', 1);
INSERT INTO RATECELL (RATECELLID, RATECOLUMNID, RATECELLMIN, RATECELLMAX, RATECELLVALUE, RATECELLTYPE, RATECELLINDEX, ANYMINIMUMIND, ANYMAXIMUMIND, RATEROWID, BLANKCELLIND, VERSIONNO)
VALUES (85279, 85015, 0, 0, 10.9, null, 3, '0', '0', 85030, '0', 1);
INSERT INTO RATECELL (RATECELLID, RATECOLUMNID, RATECELLMIN, RATECELLMAX, RATECELLVALUE, RATECELLTYPE, RATECELLINDEX, ANYMINIMUMIND, ANYMAXIMUMIND, RATEROWID, BLANKCELLIND, VERSIONNO)
VALUES (85280, 85015, 0, 0, 12.8, null, 4, '0', '0', 85030, '0', 1);
INSERT INTO RATECELL (RATECELLID, RATECOLUMNID, RATECELLMIN, RATECELLMAX, RATECELLVALUE, RATECELLTYPE, RATECELLINDEX, ANYMINIMUMIND, ANYMAXIMUMIND, RATEROWID, BLANKCELLIND, VERSIONNO)
VALUES (85281, 85015, 0, 0, 15, null, 5, '0', '0', 85030, '0', 1);
INSERT INTO RATECELL (RATECELLID, RATECOLUMNID, RATECELLMIN, RATECELLMAX, RATECELLVALUE, RATECELLTYPE, RATECELLINDEX, ANYMINIMUMIND, ANYMAXIMUMIND, RATEROWID, BLANKCELLIND, VERSIONNO)
VALUES (85343, 85016, 0, 0, 0, null, 1, '0', '0', 85030, '0', 1);
INSERT INTO RATECELL (RATECELLID, RATECOLUMNID, RATECELLMIN, RATECELLMAX, RATECELLVALUE, RATECELLTYPE, RATECELLINDEX, ANYMINIMUMIND, ANYMAXIMUMIND, RATEROWID, BLANKCELLIND, VERSIONNO)
VALUES (85344, 85016, 0, 0, 1305, null, 2, '0', '0', 85030, '0', 1);
INSERT INTO RATECELL (RATECELLID, RATECOLUMNID, RATECELLMIN, RATECELLMAX, RATECELLVALUE, RATECELLTYPE, RATECELLINDEX, ANYMINIMUMIND, ANYMAXIMUMIND, RATEROWID, BLANKCELLIND, VERSIONNO)
VALUES (85345, 85016, 0, 0, 3213, null, 3, '0', '0', 85030, '0', 1);
INSERT INTO RATECELL (RATECELLID, RATECOLUMNID, RATECELLMIN, RATECELLMAX, RATECELLVALUE, RATECELLTYPE, RATECELLINDEX, ANYMINIMUMIND, ANYMAXIMUMIND, RATEROWID, BLANKCELLIND, VERSIONNO)
VALUES (85346, 85016, 0, 0, 6169, null, 4, '0', '0', 85030, '0', 1);
INSERT INTO RATECELL (RATECELLID, RATECOLUMNID, RATECELLMIN, RATECELLMAX, RATECELLVALUE, RATECELLTYPE, RATECELLINDEX, ANYMINIMUMIND, ANYMAXIMUMIND, RATEROWID, BLANKCELLIND, VERSIONNO)
VALUES (85347, 85016, 0, 0, 17169, null, 5, '0', '0', 85030, '0', 1);
--Quebec
INSERT INTO RATEROW (RATEROWID, RATEHEADERID, RATEROWTYPE, RATEROWINDEX, VERSIONNO)
VALUES (85031, 80023, 'BDMRRT23', 1, 1);
INSERT INTO RATECELL (RATECELLID, RATECOLUMNID, RATECELLMIN, RATECELLMAX, RATECELLVALUE, RATECELLTYPE, RATECELLINDEX, ANYMINIMUMIND, ANYMAXIMUMIND, RATEROWID, BLANKCELLIND, VERSIONNO)
VALUES (85216, 85014, 0, 46295, 0, null, 1, '1', '1', 85031, '1', 1);
INSERT INTO RATECELL (RATECELLID, RATECOLUMNID, RATECELLMIN, RATECELLMAX, RATECELLVALUE, RATECELLTYPE, RATECELLINDEX, ANYMINIMUMIND, ANYMAXIMUMIND, RATEROWID, BLANKCELLIND, VERSIONNO)
VALUES (85217, 85014, 46295.01, 92580, 0, null, 2, '1', '1', 85031, '1', 1);
INSERT INTO RATECELL (RATECELLID, RATECOLUMNID, RATECELLMIN, RATECELLMAX, RATECELLVALUE, RATECELLTYPE, RATECELLINDEX, ANYMINIMUMIND, ANYMAXIMUMIND, RATEROWID, BLANKCELLIND, VERSIONNO)
VALUES (85218, 85014, 92580.01, 112655, 0, null, 3, '1', '1', 85031, '1', 1);
INSERT INTO RATECELL (RATECELLID, RATECOLUMNID, RATECELLMIN, RATECELLMAX, RATECELLVALUE, RATECELLTYPE, RATECELLINDEX, ANYMINIMUMIND, ANYMAXIMUMIND, RATEROWID, BLANKCELLIND, VERSIONNO)
VALUES (85219, 85014, 112655.01, 999999999, 0, null, 4, '1', '1', 85031, '1', 1);
INSERT INTO RATECELL (RATECELLID, RATECOLUMNID, RATECELLMIN, RATECELLMAX, RATECELLVALUE, RATECELLTYPE, RATECELLINDEX, ANYMINIMUMIND, ANYMAXIMUMIND, RATEROWID, BLANKCELLIND, VERSIONNO)
VALUES (85282, 85015, 0, 0, 15, null, 1, '0', '0', 85031, '0', 1);
INSERT INTO RATECELL (RATECELLID, RATECOLUMNID, RATECELLMIN, RATECELLMAX, RATECELLVALUE, RATECELLTYPE, RATECELLINDEX, ANYMINIMUMIND, ANYMAXIMUMIND, RATEROWID, BLANKCELLIND, VERSIONNO)
VALUES (85283, 85015, 0, 0, 20, null, 2, '0', '0', 85031, '0', 1);
INSERT INTO RATECELL (RATECELLID, RATECOLUMNID, RATECELLMIN, RATECELLMAX, RATECELLVALUE, RATECELLTYPE, RATECELLINDEX, ANYMINIMUMIND, ANYMAXIMUMIND, RATEROWID, BLANKCELLIND, VERSIONNO)
VALUES (85284, 85015, 0, 0, 24, null, 3, '0', '0', 85031, '0', 1);
INSERT INTO RATECELL (RATECELLID, RATECOLUMNID, RATECELLMIN, RATECELLMAX, RATECELLVALUE, RATECELLTYPE, RATECELLINDEX, ANYMINIMUMIND, ANYMAXIMUMIND, RATEROWID, BLANKCELLIND, VERSIONNO)
VALUES (85285, 85015, 0, 0, 25.75, null, 4, '0', '0', 85031, '0', 1);
INSERT INTO RATECELL (RATECELLID, RATECOLUMNID, RATECELLMIN, RATECELLMAX, RATECELLVALUE, RATECELLTYPE, RATECELLINDEX, ANYMINIMUMIND, ANYMAXIMUMIND, RATEROWID, BLANKCELLIND, VERSIONNO)
VALUES (85348, 85016, 0, 0, 0, null, 1, '0', '0', 85031, '0', 1);
INSERT INTO RATECELL (RATECELLID, RATECOLUMNID, RATECELLMIN, RATECELLMAX, RATECELLVALUE, RATECELLTYPE, RATECELLINDEX, ANYMINIMUMIND, ANYMAXIMUMIND, RATEROWID, BLANKCELLIND, VERSIONNO)
VALUES (85349, 85016, 0, 0, 2314, null, 2, '0', '0', 85031, '0', 1);
INSERT INTO RATECELL (RATECELLID, RATECOLUMNID, RATECELLMIN, RATECELLMAX, RATECELLVALUE, RATECELLTYPE, RATECELLINDEX, ANYMINIMUMIND, ANYMAXIMUMIND, RATEROWID, BLANKCELLIND, VERSIONNO)
VALUES (85350, 85016, 0, 0, 6017, null, 3, '0', '0', 85031, '0', 1);
INSERT INTO RATECELL (RATECELLID, RATECOLUMNID, RATECELLMIN, RATECELLMAX, RATECELLVALUE, RATECELLTYPE, RATECELLINDEX, ANYMINIMUMIND, ANYMAXIMUMIND, RATEROWID, BLANKCELLIND, VERSIONNO)
VALUES (85351, 85016, 0, 0, 7989, null, 4, '0', '0', 85031, '0', 1);
--------------------------------
-- TD1 Rates
INSERT INTO RATEHEADER (RATEHEADERID, EFFECTIVEDATE, RATETABLETYPE, COMMENTS, RATESTATUS, VERSIONNO)
VALUES (86000, '2022-01-01-00.00.00', 'BDMRTT4', null, 'RS1', 1);
INSERT INTO RATECOLUMN (RATECOLUMNID, RATEHEADERID, PARENTCOLUMNID, RATECOLUMNKEYMIN, RATECOLUMNKEYMAX, RATECOLUMNKEYVALUE, RATECOLUMNTYPE, RATECOLUMNINDEX, ANYMINIMUMIND, ANYMAXIMUMIND, VERSIONNO)
VALUES (86100, 86000, null, 0, 0, 0, 'BDMRCT13', 1, '0', '0', 1);
INSERT INTO RATECOLUMN (RATECOLUMNID, RATEHEADERID, PARENTCOLUMNID, RATECOLUMNKEYMIN, RATECOLUMNKEYMAX, RATECOLUMNKEYVALUE, RATECOLUMNTYPE, RATECOLUMNINDEX, ANYMINIMUMIND, ANYMAXIMUMIND, VERSIONNO)
VALUES (86101, 86000, null, 0, 0, 0, 'BDMRCT14', 1, '0', '0', 1);
INSERT INTO RATECOLUMN (RATECOLUMNID, RATEHEADERID, PARENTCOLUMNID, RATECOLUMNKEYMIN, RATECOLUMNKEYMAX, RATECOLUMNKEYVALUE, RATECOLUMNTYPE, RATECOLUMNINDEX, ANYMINIMUMIND, ANYMAXIMUMIND, VERSIONNO)
VALUES (86102, 86000, null, 0, 0, 0, 'BDMRCT15', 1, '0', '0', 1);
INSERT INTO RATECOLUMN (RATECOLUMNID, RATEHEADERID, PARENTCOLUMNID, RATECOLUMNKEYMIN, RATECOLUMNKEYMAX, RATECOLUMNKEYVALUE, RATECOLUMNTYPE, RATECOLUMNINDEX, ANYMINIMUMIND, ANYMAXIMUMIND, VERSIONNO)
VALUES (86103, 86000, null, 0, 0, 0, 'BDMRCT16', 1, '0', '0', 1);
INSERT INTO RATECOLUMN (RATECOLUMNID, RATEHEADERID, PARENTCOLUMNID, RATECOLUMNKEYMIN, RATECOLUMNKEYMAX, RATECOLUMNKEYVALUE, RATECOLUMNTYPE, RATECOLUMNINDEX, ANYMINIMUMIND, ANYMAXIMUMIND, VERSIONNO)
VALUES (86104, 86000, null, 0, 0, 0, 'BDMRCT17', 1, '0', '0', 1);
INSERT INTO RATECOLUMN (RATECOLUMNID, RATEHEADERID, PARENTCOLUMNID, RATECOLUMNKEYMIN, RATECOLUMNKEYMAX, RATECOLUMNKEYVALUE, RATECOLUMNTYPE, RATECOLUMNINDEX, ANYMINIMUMIND, ANYMAXIMUMIND, VERSIONNO)
VALUES (86105, 86000, null, 0, 0, 0, 'BDMRCT18', 1, '0', '0', 1);
INSERT INTO RATECOLUMN (RATECOLUMNID, RATEHEADERID, PARENTCOLUMNID, RATECOLUMNKEYMIN, RATECOLUMNKEYMAX, RATECOLUMNKEYVALUE, RATECOLUMNTYPE, RATECOLUMNINDEX, ANYMINIMUMIND, ANYMAXIMUMIND, VERSIONNO)
VALUES (86106, 86000, null, 0, 0, 0, 'BDMRCT19', 1, '0', '0', 1);
INSERT INTO RATECOLUMN (RATECOLUMNID, RATEHEADERID, PARENTCOLUMNID, RATECOLUMNKEYMIN, RATECOLUMNKEYMAX, RATECOLUMNKEYVALUE, RATECOLUMNTYPE, RATECOLUMNINDEX, ANYMINIMUMIND, ANYMAXIMUMIND, VERSIONNO)
VALUES (86107, 86000, null, 0, 0, 0, 'BDMRCT20', 1, '0', '0', 1);
--British Columbia
INSERT INTO RATEROW (RATEROWID, RATEHEADERID, RATEROWTYPE, RATEROWINDEX, VERSIONNO)
VALUES (86201, 86000, 'BDMRRT11', 1, 1);
INSERT INTO RATECELL (RATECELLID, RATECOLUMNID, RATECELLMIN, RATECELLMAX, RATECELLVALUE, RATECELLTYPE, RATECELLINDEX, ANYMINIMUMIND, ANYMAXIMUMIND, RATEROWID, BLANKCELLIND, VERSIONNO)
VALUES (86318, 86100, 0, 0, 11302, null, 1, '0', '0', 86201, '0', 1);
INSERT INTO RATECELL (RATECELLID, RATECOLUMNID, RATECELLMIN, RATECELLMAX, RATECELLVALUE, RATECELLTYPE, RATECELLINDEX, ANYMINIMUMIND, ANYMAXIMUMIND, RATEROWID, BLANKCELLIND, VERSIONNO)
VALUES (86319, 86101, 0, 0, 5069, null, 1, '0', '0', 86201, '0', 1);
INSERT INTO RATECELL (RATECELLID, RATECOLUMNID, RATECELLMIN, RATECELLMAX, RATECELLVALUE, RATECELLTYPE, RATECELLINDEX, ANYMINIMUMIND, ANYMAXIMUMIND, RATEROWID, BLANKCELLIND, VERSIONNO)
VALUES (86320, 86102, 0, 0, 9678, null, 1, '0', '0', 86201, '0', 1);
INSERT INTO RATECELL (RATECELLID, RATECOLUMNID, RATECELLMIN, RATECELLMAX, RATECELLVALUE, RATECELLTYPE, RATECELLINDEX, ANYMINIMUMIND, ANYMAXIMUMIND, RATEROWID, BLANKCELLIND, VERSIONNO)
VALUES (86321, 86103, 0, 0, 0, null, 1, '0', '0', 86201, '1', 1);
INSERT INTO RATECELL (RATECELLID, RATECOLUMNID, RATECELLMIN, RATECELLMAX, RATECELLVALUE, RATECELLTYPE, RATECELLINDEX, ANYMINIMUMIND, ANYMAXIMUMIND, RATEROWID, BLANKCELLIND, VERSIONNO)
VALUES (86322, 86104, 0, 0, 0, null, 1, '0', '0', 86201, '1', 1);
INSERT INTO RATECELL (RATECELLID, RATECOLUMNID, RATECELLMIN, RATECELLMAX, RATECELLVALUE, RATECELLTYPE, RATECELLINDEX, ANYMINIMUMIND, ANYMAXIMUMIND, RATEROWID, BLANKCELLIND, VERSIONNO)
VALUES (86323, 86105, 0, 0, 0, null, 1, '0', '0', 86201, '1', 1);
INSERT INTO RATECELL (RATECELLID, RATECOLUMNID, RATECELLMIN, RATECELLMAX, RATECELLVALUE, RATECELLTYPE, RATECELLINDEX, ANYMINIMUMIND, ANYMAXIMUMIND, RATEROWID, BLANKCELLIND, VERSIONNO)
VALUES (86324, 86106, 0, 0, 0, null, 1, '0', '0', 86201, '1', 1);
INSERT INTO RATECELL (RATECELLID, RATECOLUMNID, RATECELLMIN, RATECELLMAX, RATECELLVALUE, RATECELLTYPE, RATECELLINDEX, ANYMINIMUMIND, ANYMAXIMUMIND, RATEROWID, BLANKCELLIND, VERSIONNO)
VALUES (86325, 86107, 0, 0, 0, null, 1, '0', '0', 86201, '1', 1);
--Nova Scotia
INSERT INTO RATEROW (RATEROWID, RATEHEADERID, RATEROWTYPE, RATEROWINDEX, VERSIONNO)
VALUES (86202, 86000, 'BDMRRT12', 1, 1);
INSERT INTO RATECELL (RATECELLID, RATECOLUMNID, RATECELLMIN, RATECELLMAX, RATECELLVALUE, RATECELLTYPE, RATECELLINDEX, ANYMINIMUMIND, ANYMAXIMUMIND, RATEROWID, BLANKCELLIND, VERSIONNO)
VALUES (86326, 86100, 0, 0, 8481, null, 1, '0', '0', 86202, '0', 1);
INSERT INTO RATECELL (RATECELLID, RATECOLUMNID, RATECELLMIN, RATECELLMAX, RATECELLVALUE, RATECELLTYPE, RATECELLINDEX, ANYMINIMUMIND, ANYMAXIMUMIND, RATEROWID, BLANKCELLIND, VERSIONNO)
VALUES (86327, 86101, 0, 0, 4141, null, 1, '0', '0', 86202, '0', 1);
INSERT INTO RATECELL (RATECELLID, RATECOLUMNID, RATECELLMIN, RATECELLMAX, RATECELLVALUE, RATECELLTYPE, RATECELLINDEX, ANYMINIMUMIND, ANYMAXIMUMIND, RATEROWID, BLANKCELLIND, VERSIONNO)
VALUES (86328, 86102, 0, 0, 8481, null, 1, '0', '0', 86202, '0', 1);
INSERT INTO RATECELL (RATECELLID, RATECOLUMNID, RATECELLMIN, RATECELLMAX, RATECELLVALUE, RATECELLTYPE, RATECELLINDEX, ANYMINIMUMIND, ANYMAXIMUMIND, RATEROWID, BLANKCELLIND, VERSIONNO)
VALUES (86329, 86103, 0, 0, 0, null, 1, '0', '0', 86202, '1', 1);
INSERT INTO RATECELL (RATECELLID, RATECOLUMNID, RATECELLMIN, RATECELLMAX, RATECELLVALUE, RATECELLTYPE, RATECELLINDEX, ANYMINIMUMIND, ANYMAXIMUMIND, RATEROWID, BLANKCELLIND, VERSIONNO)
VALUES (86330, 86104, 0, 25000, 3000, null, 1, '1', '1', 86202, '0', 1);
INSERT INTO RATECELL (RATECELLID, RATECOLUMNID, RATECELLMIN, RATECELLMAX, RATECELLVALUE, RATECELLTYPE, RATECELLINDEX, ANYMINIMUMIND, ANYMAXIMUMIND, RATEROWID, BLANKCELLIND, VERSIONNO)
VALUES (86331, 86105, 0, 25000, 1465, null, 1, '1', '1', 86202, '0', 1);
INSERT INTO RATECELL (RATECELLID, RATECOLUMNID, RATECELLMIN, RATECELLMAX, RATECELLVALUE, RATECELLTYPE, RATECELLINDEX, ANYMINIMUMIND, ANYMAXIMUMIND, RATEROWID, BLANKCELLIND, VERSIONNO)
VALUES (86332, 86106, 0, 25000, 3000, null, 1, '1', '1', 86202, '0', 1);
INSERT INTO RATECELL (RATECELLID, RATECOLUMNID, RATECELLMIN, RATECELLMAX, RATECELLVALUE, RATECELLTYPE, RATECELLINDEX, ANYMINIMUMIND, ANYMAXIMUMIND, RATEROWID, BLANKCELLIND, VERSIONNO)
VALUES (86333, 86107, 0, 0, 0, null, 1, '0', '0', 86202, '1', 1);
--Saskatchewan
INSERT INTO RATEROW (RATEROWID, RATEHEADERID, RATEROWTYPE, RATEROWINDEX, VERSIONNO)
VALUES (86203, 86000, 'BDMRRT13', 1, 1);
INSERT INTO RATECELL (RATECELLID, RATECOLUMNID, RATECELLMIN, RATECELLMAX, RATECELLVALUE, RATECELLTYPE, RATECELLINDEX, ANYMINIMUMIND, ANYMAXIMUMIND, RATEROWID, BLANKCELLIND, VERSIONNO)
VALUES (86334, 86100, 0, 0, 16615, null, 1, '0', '0', 86203, '0', 1);
INSERT INTO RATECELL (RATECELLID, RATECOLUMNID, RATECELLMIN, RATECELLMAX, RATECELLVALUE, RATECELLTYPE, RATECELLINDEX, ANYMINIMUMIND, ANYMAXIMUMIND, RATEROWID, BLANKCELLIND, VERSIONNO)
VALUES (86335, 86101, 0, 0, 5061, null, 1, '0', '0', 86203, '0', 1);
INSERT INTO RATECELL (RATECELLID, RATECOLUMNID, RATECELLMIN, RATECELLMAX, RATECELLVALUE, RATECELLTYPE, RATECELLINDEX, ANYMINIMUMIND, ANYMAXIMUMIND, RATEROWID, BLANKCELLIND, VERSIONNO)
VALUES (86336, 86102, 0, 0, 16615, null, 1, '0', '0', 86203, '0', 1);
INSERT INTO RATECELL (RATECELLID, RATECOLUMNID, RATECELLMIN, RATECELLMAX, RATECELLVALUE, RATECELLTYPE, RATECELLINDEX, ANYMINIMUMIND, ANYMAXIMUMIND, RATEROWID, BLANKCELLIND, VERSIONNO)
VALUES (86337, 86103, 0, 0, 6303, null, 1, '0', '0', 86203, '0', 1);
INSERT INTO RATECELL (RATECELLID, RATECOLUMNID, RATECELLMIN, RATECELLMAX, RATECELLVALUE, RATECELLTYPE, RATECELLINDEX, ANYMINIMUMIND, ANYMAXIMUMIND, RATEROWID, BLANKCELLIND, VERSIONNO)
VALUES (86338, 86104, 0, 0, 0, null, 1, '0', '0', 86203, '1', 1);
INSERT INTO RATECELL (RATECELLID, RATECOLUMNID, RATECELLMIN, RATECELLMAX, RATECELLVALUE, RATECELLTYPE, RATECELLINDEX, ANYMINIMUMIND, ANYMAXIMUMIND, RATEROWID, BLANKCELLIND, VERSIONNO)
VALUES (86339, 86105, 0, 0, 0, null, 1, '0', '0', 86203, '1', 1);
INSERT INTO RATECELL (RATECELLID, RATECOLUMNID, RATECELLMIN, RATECELLMAX, RATECELLVALUE, RATECELLTYPE, RATECELLINDEX, ANYMINIMUMIND, ANYMAXIMUMIND, RATEROWID, BLANKCELLIND, VERSIONNO)
VALUES (86340, 86106, 0, 0, 0, null, 1, '0', '0', 86203, '1', 1);
INSERT INTO RATECELL (RATECELLID, RATECOLUMNID, RATECELLMIN, RATECELLMAX, RATECELLVALUE, RATECELLTYPE, RATECELLINDEX, ANYMINIMUMIND, ANYMAXIMUMIND, RATEROWID, BLANKCELLIND, VERSIONNO)
VALUES (86341, 86107, 0, 0, 0, null, 1, '0', '0', 86203, '1', 1);
--Alberta
INSERT INTO RATEROW (RATEROWID, RATEHEADERID, RATEROWTYPE, RATEROWINDEX, VERSIONNO)
VALUES (86204, 86000, 'BDMRRT14', 1, 1);
INSERT INTO RATECELL (RATECELLID, RATECOLUMNID, RATECELLMIN, RATECELLMAX, RATECELLVALUE, RATECELLTYPE, RATECELLINDEX, ANYMINIMUMIND, ANYMAXIMUMIND, RATEROWID, BLANKCELLIND, VERSIONNO)
VALUES (86342, 86100, 0, 0, 19369, null, 1, '0', '0', 86204, '0', 1);
INSERT INTO RATECELL (RATECELLID, RATECOLUMNID, RATECELLMIN, RATECELLMAX, RATECELLVALUE, RATECELLTYPE, RATECELLINDEX, ANYMINIMUMIND, ANYMAXIMUMIND, RATEROWID, BLANKCELLIND, VERSIONNO)
VALUES (86343, 86101, 0, 0, 5397, null, 1, '0', '0', 86204, '0', 1);
INSERT INTO RATECELL (RATECELLID, RATECOLUMNID, RATECELLMIN, RATECELLMAX, RATECELLVALUE, RATECELLTYPE, RATECELLINDEX, ANYMINIMUMIND, ANYMAXIMUMIND, RATEROWID, BLANKCELLIND, VERSIONNO)
VALUES (86344, 86102, 0, 0, 19369, null, 1, '0', '0', 86204, '0', 1);
INSERT INTO RATECELL (RATECELLID, RATECOLUMNID, RATECELLMIN, RATECELLMAX, RATECELLVALUE, RATECELLTYPE, RATECELLINDEX, ANYMINIMUMIND, ANYMAXIMUMIND, RATEROWID, BLANKCELLIND, VERSIONNO)
VALUES (86345, 86103, 0, 0, 0, null, 1, '0', '0', 86204, '1', 1);
INSERT INTO RATECELL (RATECELLID, RATECOLUMNID, RATECELLMIN, RATECELLMAX, RATECELLVALUE, RATECELLTYPE, RATECELLINDEX, ANYMINIMUMIND, ANYMAXIMUMIND, RATEROWID, BLANKCELLIND, VERSIONNO)
VALUES (86346, 86104, 0, 0, 0, null, 1, '0', '0', 86204, '1', 1);
INSERT INTO RATECELL (RATECELLID, RATECOLUMNID, RATECELLMIN, RATECELLMAX, RATECELLVALUE, RATECELLTYPE, RATECELLINDEX, ANYMINIMUMIND, ANYMAXIMUMIND, RATEROWID, BLANKCELLIND, VERSIONNO)
VALUES (86347, 86105, 0, 0, 0, null, 1, '0', '0', 86204, '1', 1);
INSERT INTO RATECELL (RATECELLID, RATECOLUMNID, RATECELLMIN, RATECELLMAX, RATECELLVALUE, RATECELLTYPE, RATECELLINDEX, ANYMINIMUMIND, ANYMAXIMUMIND, RATEROWID, BLANKCELLIND, VERSIONNO)
VALUES (86348, 86106, 0, 0, 0, null, 1, '0', '0', 86204, '1', 1);
INSERT INTO RATECELL (RATECELLID, RATECOLUMNID, RATECELLMIN, RATECELLMAX, RATECELLVALUE, RATECELLTYPE, RATECELLINDEX, ANYMINIMUMIND, ANYMAXIMUMIND, RATEROWID, BLANKCELLIND, VERSIONNO)
VALUES (86349, 86107, 0, 0, 0, null, 1, '0', '0', 86204, '1', 1);
--Federal
INSERT INTO RATEROW (RATEROWID, RATEHEADERID, RATEROWTYPE, RATEROWINDEX, VERSIONNO)
VALUES (86200, 86000, 'BDMRRT10', 1, 1);
INSERT INTO RATECELL (RATECELLID, RATECOLUMNID, RATECELLMIN, RATECELLMAX, RATECELLVALUE, RATECELLTYPE, RATECELLINDEX, ANYMINIMUMIND, ANYMAXIMUMIND, RATEROWID, BLANKCELLIND, VERSIONNO)
VALUES (86310, 86100, 0, 0, 14398, null, 1, '0', '0', 86200, '0', 1);
INSERT INTO RATECELL (RATECELLID, RATECOLUMNID, RATECELLMIN, RATECELLMAX, RATECELLVALUE, RATECELLTYPE, RATECELLINDEX, ANYMINIMUMIND, ANYMAXIMUMIND, RATEROWID, BLANKCELLIND, VERSIONNO)
VALUES (86311, 86101, 0, 0, 7898, null, 1, '0', '0', 86200, '0', 1);
INSERT INTO RATECELL (RATECELLID, RATECOLUMNID, RATECELLMIN, RATECELLMAX, RATECELLVALUE, RATECELLTYPE, RATECELLINDEX, ANYMINIMUMIND, ANYMAXIMUMIND, RATEROWID, BLANKCELLIND, VERSIONNO)
VALUES (86312, 86102, 0, 0, 14398, null, 1, '0', '0', 86200, '0', 1);
INSERT INTO RATECELL (RATECELLID, RATECOLUMNID, RATECELLMIN, RATECELLMAX, RATECELLVALUE, RATECELLTYPE, RATECELLINDEX, ANYMINIMUMIND, ANYMAXIMUMIND, RATEROWID, BLANKCELLIND, VERSIONNO)
VALUES (86313, 86103, 0, 0, 0, null, 1, '0', '0', 86200, '1', 1);
INSERT INTO RATECELL (RATECELLID, RATECOLUMNID, RATECELLMIN, RATECELLMAX, RATECELLVALUE, RATECELLTYPE, RATECELLINDEX, ANYMINIMUMIND, ANYMAXIMUMIND, RATEROWID, BLANKCELLIND, VERSIONNO)
VALUES (86314, 86104, 0, 0, 0, null, 1, '0', '0', 86200, '1', 1);
INSERT INTO RATECELL (RATECELLID, RATECOLUMNID, RATECELLMIN, RATECELLMAX, RATECELLVALUE, RATECELLTYPE, RATECELLINDEX, ANYMINIMUMIND, ANYMAXIMUMIND, RATEROWID, BLANKCELLIND, VERSIONNO)
VALUES (86315, 86105, 0, 0, 0, null, 1, '0', '0', 86200, '1', 1);
INSERT INTO RATECELL (RATECELLID, RATECOLUMNID, RATECELLMIN, RATECELLMAX, RATECELLVALUE, RATECELLTYPE, RATECELLINDEX, ANYMINIMUMIND, ANYMAXIMUMIND, RATEROWID, BLANKCELLIND, VERSIONNO)
VALUES (86316, 86106, 0, 0, 0, null, 1, '0', '0', 86200, '1', 1);
INSERT INTO RATECELL (RATECELLID, RATECOLUMNID, RATECELLMIN, RATECELLMAX, RATECELLVALUE, RATECELLTYPE, RATECELLINDEX, ANYMINIMUMIND, ANYMAXIMUMIND, RATEROWID, BLANKCELLIND, VERSIONNO)
VALUES (86317, 86107, 0, 0, 0, null, 1, '0', '0', 86200, '1', 1);
--Manitoba
INSERT INTO RATEROW (RATEROWID, RATEHEADERID, RATEROWTYPE, RATEROWINDEX, VERSIONNO)
VALUES (86205, 86000, 'BDMRRT15', 1, 1);
INSERT INTO RATECELL (RATECELLID, RATECOLUMNID, RATECELLMIN, RATECELLMAX, RATECELLVALUE, RATECELLTYPE, RATECELLINDEX, ANYMINIMUMIND, ANYMAXIMUMIND, RATEROWID, BLANKCELLIND, VERSIONNO)
VALUES (86350, 86100, 0, 0, 10145, null, 1, '0', '0', 86205, '0', 1);
INSERT INTO RATECELL (RATECELLID, RATECOLUMNID, RATECELLMIN, RATECELLMAX, RATECELLVALUE, RATECELLTYPE, RATECELLINDEX, ANYMINIMUMIND, ANYMAXIMUMIND, RATEROWID, BLANKCELLIND, VERSIONNO)
VALUES (86351, 86101, 0, 0, 3728, null, 1, '0', '0', 86205, '0', 1);
INSERT INTO RATECELL (RATECELLID, RATECOLUMNID, RATECELLMIN, RATECELLMAX, RATECELLVALUE, RATECELLTYPE, RATECELLINDEX, ANYMINIMUMIND, ANYMAXIMUMIND, RATEROWID, BLANKCELLIND, VERSIONNO)
VALUES (86352, 86102, 0, 0, 9134, null, 1, '0', '0', 86205, '0', 1);
INSERT INTO RATECELL (RATECELLID, RATECOLUMNID, RATECELLMIN, RATECELLMAX, RATECELLVALUE, RATECELLTYPE, RATECELLINDEX, ANYMINIMUMIND, ANYMAXIMUMIND, RATEROWID, BLANKCELLIND, VERSIONNO)
VALUES (86353, 86103, 0, 0, 0, null, 1, '0', '0', 86205, '1', 1);
INSERT INTO RATECELL (RATECELLID, RATECOLUMNID, RATECELLMIN, RATECELLMAX, RATECELLVALUE, RATECELLTYPE, RATECELLINDEX, ANYMINIMUMIND, ANYMAXIMUMIND, RATEROWID, BLANKCELLIND, VERSIONNO)
VALUES (86354, 86104, 0, 0, 0, null, 1, '0', '0', 86205, '1', 1);
INSERT INTO RATECELL (RATECELLID, RATECOLUMNID, RATECELLMIN, RATECELLMAX, RATECELLVALUE, RATECELLTYPE, RATECELLINDEX, ANYMINIMUMIND, ANYMAXIMUMIND, RATEROWID, BLANKCELLIND, VERSIONNO)
VALUES (86355, 86105, 0, 0, 0, null, 1, '0', '0', 86205, '1', 1);
INSERT INTO RATECELL (RATECELLID, RATECOLUMNID, RATECELLMIN, RATECELLMAX, RATECELLVALUE, RATECELLTYPE, RATECELLINDEX, ANYMINIMUMIND, ANYMAXIMUMIND, RATEROWID, BLANKCELLIND, VERSIONNO)
VALUES (86356, 86106, 0, 0, 0, null, 1, '0', '0', 86205, '1', 1);
INSERT INTO RATECELL (RATECELLID, RATECOLUMNID, RATECELLMIN, RATECELLMAX, RATECELLVALUE, RATECELLTYPE, RATECELLINDEX, ANYMINIMUMIND, ANYMAXIMUMIND, RATEROWID, BLANKCELLIND, VERSIONNO)
VALUES (86357, 86107, 0, 0, 0, null, 1, '0', '0', 86205, '1', 1);
--New Brunswick
INSERT INTO RATEROW (RATEROWID, RATEHEADERID, RATEROWTYPE, RATEROWINDEX, VERSIONNO)
VALUES (86206, 86000, 'BDMRRT16', 1, 1);
INSERT INTO RATECELL (RATECELLID, RATECOLUMNID, RATECELLMIN, RATECELLMAX, RATECELLVALUE, RATECELLTYPE, RATECELLINDEX, ANYMINIMUMIND, ANYMAXIMUMIND, RATEROWID, BLANKCELLIND, VERSIONNO)
VALUES (86358, 86100, 0, 0, 11720, null, 1, '0', '0', 86206, '0', 1);
INSERT INTO RATECELL (RATECELLID, RATECOLUMNID, RATECELLMIN, RATECELLMAX, RATECELLVALUE, RATECELLTYPE, RATECELLINDEX, ANYMINIMUMIND, ANYMAXIMUMIND, RATEROWID, BLANKCELLIND, VERSIONNO)
VALUES (86359, 86101, 0, 0, 5282, null, 1, '0', '0', 86206, '0', 1);
INSERT INTO RATECELL (RATECELLID, RATECOLUMNID, RATECELLMIN, RATECELLMAX, RATECELLVALUE, RATECELLTYPE, RATECELLINDEX, ANYMINIMUMIND, ANYMAXIMUMIND, RATEROWID, BLANKCELLIND, VERSIONNO)
VALUES (86360, 86102, 0, 0, 9186, null, 1, '0', '0', 86206, '0', 1);
INSERT INTO RATECELL (RATECELLID, RATECOLUMNID, RATECELLMIN, RATECELLMAX, RATECELLVALUE, RATECELLTYPE, RATECELLINDEX, ANYMINIMUMIND, ANYMAXIMUMIND, RATEROWID, BLANKCELLIND, VERSIONNO)
VALUES (86361, 86103, 0, 0, 0, null, 1, '0', '0', 86206, '1', 1);
INSERT INTO RATECELL (RATECELLID, RATECOLUMNID, RATECELLMIN, RATECELLMAX, RATECELLVALUE, RATECELLTYPE, RATECELLINDEX, ANYMINIMUMIND, ANYMAXIMUMIND, RATEROWID, BLANKCELLIND, VERSIONNO)
VALUES (86362, 86104, 0, 0, 0, null, 1, '0', '0', 86206, '1', 1);
INSERT INTO RATECELL (RATECELLID, RATECOLUMNID, RATECELLMIN, RATECELLMAX, RATECELLVALUE, RATECELLTYPE, RATECELLINDEX, ANYMINIMUMIND, ANYMAXIMUMIND, RATEROWID, BLANKCELLIND, VERSIONNO)
VALUES (86363, 86105, 0, 0, 0, null, 1, '0', '0', 86206, '1', 1);
INSERT INTO RATECELL (RATECELLID, RATECOLUMNID, RATECELLMIN, RATECELLMAX, RATECELLVALUE, RATECELLTYPE, RATECELLINDEX, ANYMINIMUMIND, ANYMAXIMUMIND, RATEROWID, BLANKCELLIND, VERSIONNO)
VALUES (86364, 86106, 0, 0, 0, null, 1, '0', '0', 86206, '1', 1);
INSERT INTO RATECELL (RATECELLID, RATECOLUMNID, RATECELLMIN, RATECELLMAX, RATECELLVALUE, RATECELLTYPE, RATECELLINDEX, ANYMINIMUMIND, ANYMAXIMUMIND, RATEROWID, BLANKCELLIND, VERSIONNO)
VALUES (86365, 86107, 0, 0, 0, null, 1, '0', '0', 86206, '1', 1);
--Newfoundland
INSERT INTO RATEROW (RATEROWID, RATEHEADERID, RATEROWTYPE, RATEROWINDEX, VERSIONNO)
VALUES (86207, 86000, 'BDMRRT17', 1, 1);
INSERT INTO RATECELL (RATECELLID, RATECOLUMNID, RATECELLMIN, RATECELLMAX, RATECELLVALUE, RATECELLTYPE, RATECELLINDEX, ANYMINIMUMIND, ANYMAXIMUMIND, RATEROWID, BLANKCELLIND, VERSIONNO)
VALUES (86366, 86100, 0, 0, 9803, null, 1, '0', '0', 86207, '0', 1);
INSERT INTO RATECELL (RATECELLID, RATECOLUMNID, RATECELLMIN, RATECELLMAX, RATECELLVALUE, RATECELLTYPE, RATECELLINDEX, ANYMINIMUMIND, ANYMAXIMUMIND, RATEROWID, BLANKCELLIND, VERSIONNO)
VALUES (86367, 86101, 0, 0, 6258, null, 1, '0', '0', 86207, '0', 1);
INSERT INTO RATECELL (RATECELLID, RATECOLUMNID, RATECELLMIN, RATECELLMAX, RATECELLVALUE, RATECELLTYPE, RATECELLINDEX, ANYMINIMUMIND, ANYMAXIMUMIND, RATEROWID, BLANKCELLIND, VERSIONNO)
VALUES (86368, 86102, 0, 0, 8011, null, 1, '0', '0', 86207, '0', 1);
INSERT INTO RATECELL (RATECELLID, RATECOLUMNID, RATECELLMIN, RATECELLMAX, RATECELLVALUE, RATECELLTYPE, RATECELLINDEX, ANYMINIMUMIND, ANYMAXIMUMIND, RATEROWID, BLANKCELLIND, VERSIONNO)
VALUES (86369, 86103, 0, 0, 0, null, 1, '0', '0', 86207, '1', 1);
INSERT INTO RATECELL (RATECELLID, RATECOLUMNID, RATECELLMIN, RATECELLMAX, RATECELLVALUE, RATECELLTYPE, RATECELLINDEX, ANYMINIMUMIND, ANYMAXIMUMIND, RATEROWID, BLANKCELLIND, VERSIONNO)
VALUES (86370, 86104, 0, 0, 0, null, 1, '0', '0', 86207, '1', 1);
INSERT INTO RATECELL (RATECELLID, RATECOLUMNID, RATECELLMIN, RATECELLMAX, RATECELLVALUE, RATECELLTYPE, RATECELLINDEX, ANYMINIMUMIND, ANYMAXIMUMIND, RATEROWID, BLANKCELLIND, VERSIONNO)
VALUES (86371, 86105, 0, 0, 0, null, 1, '0', '0', 86207, '1', 1);
INSERT INTO RATECELL (RATECELLID, RATECOLUMNID, RATECELLMIN, RATECELLMAX, RATECELLVALUE, RATECELLTYPE, RATECELLINDEX, ANYMINIMUMIND, ANYMAXIMUMIND, RATEROWID, BLANKCELLIND, VERSIONNO)
VALUES (86372, 86106, 0, 0, 0, null, 1, '0', '0', 86207, '1', 1);
INSERT INTO RATECELL (RATECELLID, RATECOLUMNID, RATECELLMIN, RATECELLMAX, RATECELLVALUE, RATECELLTYPE, RATECELLINDEX, ANYMINIMUMIND, ANYMAXIMUMIND, RATEROWID, BLANKCELLIND, VERSIONNO)
VALUES (86373, 86107, 0, 0, 0, null, 1, '0', '0', 86207, '1', 1);
--Northwest Territories
INSERT INTO RATEROW (RATEROWID, RATEHEADERID, RATEROWTYPE, RATEROWINDEX, VERSIONNO)
VALUES (86208, 86000, 'BDMRRT18', 1, 1);
INSERT INTO RATECELL (RATECELLID, RATECOLUMNID, RATECELLMIN, RATECELLMAX, RATECELLVALUE, RATECELLTYPE, RATECELLINDEX, ANYMINIMUMIND, ANYMAXIMUMIND, RATEROWID, BLANKCELLIND, VERSIONNO)
VALUES (86374, 86100, 0, 0, 15609, null, 1, '0', '0', 86208, '0', 1);
INSERT INTO RATECELL (RATECELLID, RATECOLUMNID, RATECELLMIN, RATECELLMAX, RATECELLVALUE, RATECELLTYPE, RATECELLINDEX, ANYMINIMUMIND, ANYMAXIMUMIND, RATEROWID, BLANKCELLIND, VERSIONNO)
VALUES (86375, 86101, 0, 0, 7635, null, 1, '0', '0', 86208, '0', 1);
INSERT INTO RATECELL (RATECELLID, RATECOLUMNID, RATECELLMIN, RATECELLMAX, RATECELLVALUE, RATECELLTYPE, RATECELLINDEX, ANYMINIMUMIND, ANYMAXIMUMIND, RATEROWID, BLANKCELLIND, VERSIONNO)
VALUES (86376, 86102, 0, 0, 15609, null, 1, '0', '0', 86208, '0', 1);
INSERT INTO RATECELL (RATECELLID, RATECOLUMNID, RATECELLMIN, RATECELLMAX, RATECELLVALUE, RATECELLTYPE, RATECELLINDEX, ANYMINIMUMIND, ANYMAXIMUMIND, RATEROWID, BLANKCELLIND, VERSIONNO)
VALUES (86377, 86103, 0, 0, 0, null, 1, '0', '0', 86208, '1', 1);
INSERT INTO RATECELL (RATECELLID, RATECOLUMNID, RATECELLMIN, RATECELLMAX, RATECELLVALUE, RATECELLTYPE, RATECELLINDEX, ANYMINIMUMIND, ANYMAXIMUMIND, RATEROWID, BLANKCELLIND, VERSIONNO)
VALUES (86378, 86104, 0, 0, 0, null, 1, '0', '0', 86208, '1', 1);
INSERT INTO RATECELL (RATECELLID, RATECOLUMNID, RATECELLMIN, RATECELLMAX, RATECELLVALUE, RATECELLTYPE, RATECELLINDEX, ANYMINIMUMIND, ANYMAXIMUMIND, RATEROWID, BLANKCELLIND, VERSIONNO)
VALUES (86379, 86105, 0, 0, 0, null, 1, '0', '0', 86208, '1', 1);
INSERT INTO RATECELL (RATECELLID, RATECOLUMNID, RATECELLMIN, RATECELLMAX, RATECELLVALUE, RATECELLTYPE, RATECELLINDEX, ANYMINIMUMIND, ANYMAXIMUMIND, RATEROWID, BLANKCELLIND, VERSIONNO)
VALUES (86380, 86106, 0, 0, 0, null, 1, '0', '0', 86208, '1', 1);
INSERT INTO RATECELL (RATECELLID, RATECOLUMNID, RATECELLMIN, RATECELLMAX, RATECELLVALUE, RATECELLTYPE, RATECELLINDEX, ANYMINIMUMIND, ANYMAXIMUMIND, RATEROWID, BLANKCELLIND, VERSIONNO)
VALUES (86381, 86107, 0, 0, 0, null, 1, '0', '0', 86208, '1', 1);
--Nunavut
INSERT INTO RATEROW (RATEROWID, RATEHEADERID, RATEROWTYPE, RATEROWINDEX, VERSIONNO)
VALUES (86209, 86000, 'BDMRRT19', 1, 1);
INSERT INTO RATECELL (RATECELLID, RATECOLUMNID, RATECELLMIN, RATECELLMAX, RATECELLVALUE, RATECELLTYPE, RATECELLINDEX, ANYMINIMUMIND, ANYMAXIMUMIND, RATEROWID, BLANKCELLIND, VERSIONNO)
VALUES (86382, 86100, 0, 0, 16862, null, 1, '0', '0', 86209, '0', 1);
INSERT INTO RATECELL (RATECELLID, RATECOLUMNID, RATECELLMIN, RATECELLMAX, RATECELLVALUE, RATECELLTYPE, RATECELLINDEX, ANYMINIMUMIND, ANYMAXIMUMIND, RATEROWID, BLANKCELLIND, VERSIONNO)
VALUES (86383, 86101, 0, 0, 10764, null, 1, '0', '0', 86209, '0', 1);
INSERT INTO RATECELL (RATECELLID, RATECOLUMNID, RATECELLMIN, RATECELLMAX, RATECELLVALUE, RATECELLTYPE, RATECELLINDEX, ANYMINIMUMIND, ANYMAXIMUMIND, RATEROWID, BLANKCELLIND, VERSIONNO)
VALUES (86384, 86102, 0, 0, 16862, null, 1, '0', '0', 86209, '0', 1);
INSERT INTO RATECELL (RATECELLID, RATECOLUMNID, RATECELLMIN, RATECELLMAX, RATECELLVALUE, RATECELLTYPE, RATECELLINDEX, ANYMINIMUMIND, ANYMAXIMUMIND, RATEROWID, BLANKCELLIND, VERSIONNO)
VALUES (86385, 86103, 0, 0, 0, null, 1, '0', '0', 86209, '1', 1);
INSERT INTO RATECELL (RATECELLID, RATECOLUMNID, RATECELLMIN, RATECELLMAX, RATECELLVALUE, RATECELLTYPE, RATECELLINDEX, ANYMINIMUMIND, ANYMAXIMUMIND, RATEROWID, BLANKCELLIND, VERSIONNO)
VALUES (86386, 86104, 0, 0, 0, null, 1, '0', '0', 86209, '1', 1);
INSERT INTO RATECELL (RATECELLID, RATECOLUMNID, RATECELLMIN, RATECELLMAX, RATECELLVALUE, RATECELLTYPE, RATECELLINDEX, ANYMINIMUMIND, ANYMAXIMUMIND, RATEROWID, BLANKCELLIND, VERSIONNO)
VALUES (86387, 86105, 0, 0, 0, null, 1, '0', '0', 86209, '1', 1);
INSERT INTO RATECELL (RATECELLID, RATECOLUMNID, RATECELLMIN, RATECELLMAX, RATECELLVALUE, RATECELLTYPE, RATECELLINDEX, ANYMINIMUMIND, ANYMAXIMUMIND, RATEROWID, BLANKCELLIND, VERSIONNO)
VALUES (86388, 86106, 0, 0, 0, null, 1, '0', '0', 86209, '1', 1);
INSERT INTO RATECELL (RATECELLID, RATECOLUMNID, RATECELLMIN, RATECELLMAX, RATECELLVALUE, RATECELLTYPE, RATECELLINDEX, ANYMINIMUMIND, ANYMAXIMUMIND, RATEROWID, BLANKCELLIND, VERSIONNO)
VALUES (86389, 86107, 0, 0, 0, null, 1, '0', '0', 86209, '1', 1);
--Ontario
INSERT INTO RATEROW (RATEROWID, RATEHEADERID, RATEROWTYPE, RATEROWINDEX, VERSIONNO)
VALUES (86210, 86000, 'BDMRRT20', 1, 1);
INSERT INTO RATECELL (RATECELLID, RATECOLUMNID, RATECELLMIN, RATECELLMAX, RATECELLVALUE, RATECELLTYPE, RATECELLINDEX, ANYMINIMUMIND, ANYMAXIMUMIND, RATEROWID, BLANKCELLIND, VERSIONNO)
VALUES (86390, 86100, 0, 0, 11141, null, 1, '0', '0', 86210, '0', 1);
INSERT INTO RATECELL (RATECELLID, RATECOLUMNID, RATECELLMIN, RATECELLMAX, RATECELLVALUE, RATECELLTYPE, RATECELLINDEX, ANYMINIMUMIND, ANYMAXIMUMIND, RATEROWID, BLANKCELLIND, VERSIONNO)
VALUES (86391, 86101, 0, 0, 5440, null, 1, '0', '0', 86210, '0', 1);
INSERT INTO RATECELL (RATECELLID, RATECOLUMNID, RATECELLMIN, RATECELLMAX, RATECELLVALUE, RATECELLTYPE, RATECELLINDEX, ANYMINIMUMIND, ANYMAXIMUMIND, RATEROWID, BLANKCELLIND, VERSIONNO)
VALUES (86392, 86102, 0, 0, 9460, null, 1, '0', '0', 86210, '0', 1);
INSERT INTO RATECELL (RATECELLID, RATECOLUMNID, RATECELLMIN, RATECELLMAX, RATECELLVALUE, RATECELLTYPE, RATECELLINDEX, ANYMINIMUMIND, ANYMAXIMUMIND, RATEROWID, BLANKCELLIND, VERSIONNO)
VALUES (86393, 86103, 0, 0, 0, null, 1, '0', '0', 86210, '1', 1);
INSERT INTO RATECELL (RATECELLID, RATECOLUMNID, RATECELLMIN, RATECELLMAX, RATECELLVALUE, RATECELLTYPE, RATECELLINDEX, ANYMINIMUMIND, ANYMAXIMUMIND, RATEROWID, BLANKCELLIND, VERSIONNO)
VALUES (86394, 86104, 0, 0, 0, null, 1, '0', '0', 86210, '1', 1);
INSERT INTO RATECELL (RATECELLID, RATECOLUMNID, RATECELLMIN, RATECELLMAX, RATECELLVALUE, RATECELLTYPE, RATECELLINDEX, ANYMINIMUMIND, ANYMAXIMUMIND, RATEROWID, BLANKCELLIND, VERSIONNO)
VALUES (86395, 86105, 0, 0, 0, null, 1, '0', '0', 86210, '1', 1);
INSERT INTO RATECELL (RATECELLID, RATECOLUMNID, RATECELLMIN, RATECELLMAX, RATECELLVALUE, RATECELLTYPE, RATECELLINDEX, ANYMINIMUMIND, ANYMAXIMUMIND, RATEROWID, BLANKCELLIND, VERSIONNO)
VALUES (86396, 86106, 0, 0, 0, null, 1, '0', '0', 86210, '1', 1);
INSERT INTO RATECELL (RATECELLID, RATECOLUMNID, RATECELLMIN, RATECELLMAX, RATECELLVALUE, RATECELLTYPE, RATECELLINDEX, ANYMINIMUMIND, ANYMAXIMUMIND, RATEROWID, BLANKCELLIND, VERSIONNO)
VALUES (86397, 86107, 0, 0, 0, null, 1, '0', '0', 86210, '1', 1);
--Prince Edward Island
INSERT INTO RATEROW (RATEROWID, RATEHEADERID, RATEROWTYPE, RATEROWINDEX, VERSIONNO)
VALUES (86211, 86000, 'BDMRRT21', 1, 1);
INSERT INTO RATECELL (RATECELLID, RATECOLUMNID, RATECELLMIN, RATECELLMAX, RATECELLVALUE, RATECELLTYPE, RATECELLINDEX, ANYMINIMUMIND, ANYMAXIMUMIND, RATEROWID, BLANKCELLIND, VERSIONNO)
VALUES (86398, 86100, 0, 0, 11250, null, 1, '0', '0', 86211, '0', 1);
INSERT INTO RATECELL (RATECELLID, RATECOLUMNID, RATECELLMIN, RATECELLMAX, RATECELLVALUE, RATECELLTYPE, RATECELLINDEX, ANYMINIMUMIND, ANYMAXIMUMIND, RATEROWID, BLANKCELLIND, VERSIONNO)
VALUES (86399, 86101, 0, 0, 3764, null, 1, '0', '0', 86211, '0', 1);
INSERT INTO RATECELL (RATECELLID, RATECOLUMNID, RATECELLMIN, RATECELLMAX, RATECELLVALUE, RATECELLTYPE, RATECELLINDEX, ANYMINIMUMIND, ANYMAXIMUMIND, RATEROWID, BLANKCELLIND, VERSIONNO)
VALUES (86400, 86102, 0, 0, 9555, null, 1, '0', '0', 86211, '0', 1);
INSERT INTO RATECELL (RATECELLID, RATECOLUMNID, RATECELLMIN, RATECELLMAX, RATECELLVALUE, RATECELLTYPE, RATECELLINDEX, ANYMINIMUMIND, ANYMAXIMUMIND, RATEROWID, BLANKCELLIND, VERSIONNO)
VALUES (86401, 86103, 0, 0, 0, null, 1, '0', '0', 86211, '1', 1);
INSERT INTO RATECELL (RATECELLID, RATECOLUMNID, RATECELLMIN, RATECELLMAX, RATECELLVALUE, RATECELLTYPE, RATECELLINDEX, ANYMINIMUMIND, ANYMAXIMUMIND, RATEROWID, BLANKCELLIND, VERSIONNO)
VALUES (86402, 86104, 0, 0, 0, null, 1, '0', '0', 86211, '1', 1);
INSERT INTO RATECELL (RATECELLID, RATECOLUMNID, RATECELLMIN, RATECELLMAX, RATECELLVALUE, RATECELLTYPE, RATECELLINDEX, ANYMINIMUMIND, ANYMAXIMUMIND, RATEROWID, BLANKCELLIND, VERSIONNO)
VALUES (86403, 86105, 0, 0, 0, null, 1, '0', '0', 86211, '1', 1);
INSERT INTO RATECELL (RATECELLID, RATECOLUMNID, RATECELLMIN, RATECELLMAX, RATECELLVALUE, RATECELLTYPE, RATECELLINDEX, ANYMINIMUMIND, ANYMAXIMUMIND, RATEROWID, BLANKCELLIND, VERSIONNO)
VALUES (86404, 86106, 0, 0, 0, null, 1, '0', '0', 86211, '1', 1);
INSERT INTO RATECELL (RATECELLID, RATECOLUMNID, RATECELLMIN, RATECELLMAX, RATECELLVALUE, RATECELLTYPE, RATECELLINDEX, ANYMINIMUMIND, ANYMAXIMUMIND, RATEROWID, BLANKCELLIND, VERSIONNO)
VALUES (86405, 86107, 0, 0, 0, null, 1, '0', '0', 86211, '1', 1);
--Yukon
INSERT INTO RATEROW (RATEROWID, RATEHEADERID, RATEROWTYPE, RATEROWINDEX, VERSIONNO)
VALUES (86212, 86000, 'BDMRRT22', 1, 1);
INSERT INTO RATECELL (RATECELLID, RATECOLUMNID, RATECELLMIN, RATECELLMAX, RATECELLVALUE, RATECELLTYPE, RATECELLINDEX, ANYMINIMUMIND, ANYMAXIMUMIND, RATEROWID, BLANKCELLIND, VERSIONNO)
VALUES (86406, 86100, 0, 0, 14398, null, 1, '0', '0', 86212, '0', 1);
INSERT INTO RATECELL (RATECELLID, RATECOLUMNID, RATECELLMIN, RATECELLMAX, RATECELLVALUE, RATECELLTYPE, RATECELLINDEX, ANYMINIMUMIND, ANYMAXIMUMIND, RATEROWID, BLANKCELLIND, VERSIONNO)
VALUES (86407, 86101, 0, 0, 7898, null, 1, '0', '0', 86212, '0', 1);
INSERT INTO RATECELL (RATECELLID, RATECOLUMNID, RATECELLMIN, RATECELLMAX, RATECELLVALUE, RATECELLTYPE, RATECELLINDEX, ANYMINIMUMIND, ANYMAXIMUMIND, RATEROWID, BLANKCELLIND, VERSIONNO)
VALUES (86408, 86102, 0, 0, 14398, null, 1, '0', '0', 86212, '0', 1);
INSERT INTO RATECELL (RATECELLID, RATECOLUMNID, RATECELLMIN, RATECELLMAX, RATECELLVALUE, RATECELLTYPE, RATECELLINDEX, ANYMINIMUMIND, ANYMAXIMUMIND, RATEROWID, BLANKCELLIND, VERSIONNO)
VALUES (86409, 86103, 0, 0, 0, null, 1, '0', '0', 86212, '1', 1);
INSERT INTO RATECELL (RATECELLID, RATECOLUMNID, RATECELLMIN, RATECELLMAX, RATECELLVALUE, RATECELLTYPE, RATECELLINDEX, ANYMINIMUMIND, ANYMAXIMUMIND, RATEROWID, BLANKCELLIND, VERSIONNO)
VALUES (86410, 86104, 0, 0, 0, null, 1, '0', '0', 86212, '1', 1);
INSERT INTO RATECELL (RATECELLID, RATECOLUMNID, RATECELLMIN, RATECELLMAX, RATECELLVALUE, RATECELLTYPE, RATECELLINDEX, ANYMINIMUMIND, ANYMAXIMUMIND, RATEROWID, BLANKCELLIND, VERSIONNO)
VALUES (86411, 86105, 0, 0, 0, null, 1, '0', '0', 86212, '1', 1);
INSERT INTO RATECELL (RATECELLID, RATECOLUMNID, RATECELLMIN, RATECELLMAX, RATECELLVALUE, RATECELLTYPE, RATECELLINDEX, ANYMINIMUMIND, ANYMAXIMUMIND, RATEROWID, BLANKCELLIND, VERSIONNO)
VALUES (86412, 86106, 0, 0, 0, null, 1, '0', '0', 86212, '1', 1);
INSERT INTO RATECELL (RATECELLID, RATECOLUMNID, RATECELLMIN, RATECELLMAX, RATECELLVALUE, RATECELLTYPE, RATECELLINDEX, ANYMINIMUMIND, ANYMAXIMUMIND, RATEROWID, BLANKCELLIND, VERSIONNO)
VALUES (86413, 86107, 0, 0, 0, null, 1, '0', '0', 86212, '1', 1);
--Quebec
INSERT INTO RATEROW (RATEROWID, RATEHEADERID, RATEROWTYPE, RATEROWINDEX, VERSIONNO)
VALUES (86213, 86000, 'BDMRRT23', 1, 1);
INSERT INTO RATECELL (RATECELLID, RATECOLUMNID, RATECELLMIN, RATECELLMAX, RATECELLVALUE, RATECELLTYPE, RATECELLINDEX, ANYMINIMUMIND, ANYMAXIMUMIND, RATEROWID, BLANKCELLIND, VERSIONNO)
VALUES (86414, 86100, 0, 0, 16143, null, 1, '0', '0', 86213, '0', 1);
INSERT INTO RATECELL (RATECELLID, RATECOLUMNID, RATECELLMIN, RATECELLMAX, RATECELLVALUE, RATECELLTYPE, RATECELLINDEX, ANYMINIMUMIND, ANYMAXIMUMIND, RATEROWID, BLANKCELLIND, VERSIONNO)
VALUES (86415, 86101, 0, 0, 3395, null, 1, '0', '0', 86213, '0', 1);
INSERT INTO RATECELL (RATECELLID, RATECOLUMNID, RATECELLMIN, RATECELLMAX, RATECELLVALUE, RATECELLTYPE, RATECELLINDEX, ANYMINIMUMIND, ANYMAXIMUMIND, RATEROWID, BLANKCELLIND, VERSIONNO)
VALUES (86416, 86102, 0, 0, 16143, null, 1, '0', '0', 86213, '0', 1);
INSERT INTO RATECELL (RATECELLID, RATECOLUMNID, RATECELLMIN, RATECELLMAX, RATECELLVALUE, RATECELLTYPE, RATECELLINDEX, ANYMINIMUMIND, ANYMAXIMUMIND, RATEROWID, BLANKCELLIND, VERSIONNO)
VALUES (86417, 86103, 0, 0, 0, null, 1, '0', '0', 86213, '1', 1);
INSERT INTO RATECELL (RATECELLID, RATECOLUMNID, RATECELLMIN, RATECELLMAX, RATECELLVALUE, RATECELLTYPE, RATECELLINDEX, ANYMINIMUMIND, ANYMAXIMUMIND, RATEROWID, BLANKCELLIND, VERSIONNO)
VALUES (86418, 86104, 0, 0, 0, null, 1, '0', '0', 86213, '1', 1);
INSERT INTO RATECELL (RATECELLID, RATECOLUMNID, RATECELLMIN, RATECELLMAX, RATECELLVALUE, RATECELLTYPE, RATECELLINDEX, ANYMINIMUMIND, ANYMAXIMUMIND, RATEROWID, BLANKCELLIND, VERSIONNO)
VALUES (86419, 86105, 0, 0, 0, null, 1, '0', '0', 86213, '1', 1);
INSERT INTO RATECELL (RATECELLID, RATECOLUMNID, RATECELLMIN, RATECELLMAX, RATECELLVALUE, RATECELLTYPE, RATECELLINDEX, ANYMINIMUMIND, ANYMAXIMUMIND, RATEROWID, BLANKCELLIND, VERSIONNO)
VALUES (86420, 86106, 0, 0, 0, null, 1, '0', '0', 86213, '1', 1);
INSERT INTO RATECELL (RATECELLID, RATECOLUMNID, RATECELLMIN, RATECELLMAX, RATECELLVALUE, RATECELLTYPE, RATECELLINDEX, ANYMINIMUMIND, ANYMAXIMUMIND, RATEROWID, BLANKCELLIND, VERSIONNO)
VALUES (86421, 86107, 0, 0, 0, null, 1, '0', '0', 86213, '1', 1);

INSERT INTO RATEHEADER (RATEHEADERID, EFFECTIVEDATE, RATETABLETYPE, COMMENTS, RATESTATUS, VERSIONNO)
VALUES (86001, '2022-07-01-00.00.00', 'BDMRTT4', null, 'RS1', 1);
INSERT INTO RATECOLUMN (RATECOLUMNID, RATEHEADERID, PARENTCOLUMNID, RATECOLUMNKEYMIN, RATECOLUMNKEYMAX, RATECOLUMNKEYVALUE, RATECOLUMNTYPE, RATECOLUMNINDEX, ANYMINIMUMIND, ANYMAXIMUMIND, VERSIONNO)
VALUES (86108, 86001, null, 0, 0, 0, 'BDMRCT13', 1, '0', '0', 1);
INSERT INTO RATECOLUMN (RATECOLUMNID, RATEHEADERID, PARENTCOLUMNID, RATECOLUMNKEYMIN, RATECOLUMNKEYMAX, RATECOLUMNKEYVALUE, RATECOLUMNTYPE, RATECOLUMNINDEX, ANYMINIMUMIND, ANYMAXIMUMIND, VERSIONNO)
VALUES (86109, 86001, null, 0, 0, 0, 'BDMRCT14', 1, '0', '0', 1);
INSERT INTO RATECOLUMN (RATECOLUMNID, RATEHEADERID, PARENTCOLUMNID, RATECOLUMNKEYMIN, RATECOLUMNKEYMAX, RATECOLUMNKEYVALUE, RATECOLUMNTYPE, RATECOLUMNINDEX, ANYMINIMUMIND, ANYMAXIMUMIND, VERSIONNO)
VALUES (86110, 86001, null, 0, 0, 0, 'BDMRCT15', 1, '0', '0', 1);
INSERT INTO RATECOLUMN (RATECOLUMNID, RATEHEADERID, PARENTCOLUMNID, RATECOLUMNKEYMIN, RATECOLUMNKEYMAX, RATECOLUMNKEYVALUE, RATECOLUMNTYPE, RATECOLUMNINDEX, ANYMINIMUMIND, ANYMAXIMUMIND, VERSIONNO)
VALUES (86111, 86001, null, 0, 0, 0, 'BDMRCT16', 1, '0', '0', 1);
INSERT INTO RATECOLUMN (RATECOLUMNID, RATEHEADERID, PARENTCOLUMNID, RATECOLUMNKEYMIN, RATECOLUMNKEYMAX, RATECOLUMNKEYVALUE, RATECOLUMNTYPE, RATECOLUMNINDEX, ANYMINIMUMIND, ANYMAXIMUMIND, VERSIONNO)
VALUES (86112, 86001, null, 0, 0, 0, 'BDMRCT17', 1, '0', '0', 1);
INSERT INTO RATECOLUMN (RATECOLUMNID, RATEHEADERID, PARENTCOLUMNID, RATECOLUMNKEYMIN, RATECOLUMNKEYMAX, RATECOLUMNKEYVALUE, RATECOLUMNTYPE, RATECOLUMNINDEX, ANYMINIMUMIND, ANYMAXIMUMIND, VERSIONNO)
VALUES (86113, 86001, null, 0, 0, 0, 'BDMRCT18', 1, '0', '0', 1);
INSERT INTO RATECOLUMN (RATECOLUMNID, RATEHEADERID, PARENTCOLUMNID, RATECOLUMNKEYMIN, RATECOLUMNKEYMAX, RATECOLUMNKEYVALUE, RATECOLUMNTYPE, RATECOLUMNINDEX, ANYMINIMUMIND, ANYMAXIMUMIND, VERSIONNO)
VALUES (86114, 86001, null, 0, 0, 0, 'BDMRCT19', 1, '0', '0', 1);
INSERT INTO RATECOLUMN (RATECOLUMNID, RATEHEADERID, PARENTCOLUMNID, RATECOLUMNKEYMIN, RATECOLUMNKEYMAX, RATECOLUMNKEYVALUE, RATECOLUMNTYPE, RATECOLUMNINDEX, ANYMINIMUMIND, ANYMAXIMUMIND, VERSIONNO)
VALUES (86115, 86001, null, 0, 0, 0, 'BDMRCT20', 1, '0', '0', 1);
--New Brunswick
INSERT INTO RATEROW (RATEROWID, RATEHEADERID, RATEROWTYPE, RATEROWINDEX, VERSIONNO)
VALUES (86214, 86001, 'BDMRRT16', 1, 1);
INSERT INTO RATECELL (RATECELLID, RATECOLUMNID, RATECELLMIN, RATECELLMAX, RATECELLVALUE, RATECELLTYPE, RATECELLINDEX, ANYMINIMUMIND, ANYMAXIMUMIND, RATEROWID, BLANKCELLIND, VERSIONNO)
VALUES (86422, 86108, 0, 0, 12623, null, 1, '0', '0', 86214, '0', 1);
INSERT INTO RATECELL (RATECELLID, RATECOLUMNID, RATECELLMIN, RATECELLMAX, RATECELLVALUE, RATECELLTYPE, RATECELLINDEX, ANYMINIMUMIND, ANYMAXIMUMIND, RATEROWID, BLANKCELLIND, VERSIONNO)
VALUES (86423, 86109, 0, 0, 5282, null, 1, '0', '0', 86214, '0', 1);
INSERT INTO RATECELL (RATECELLID, RATECOLUMNID, RATECELLMIN, RATECELLMAX, RATECELLVALUE, RATECELLTYPE, RATECELLINDEX, ANYMINIMUMIND, ANYMAXIMUMIND, RATEROWID, BLANKCELLIND, VERSIONNO)
VALUES (86424, 86110, 0, 0, 9186, null, 1, '0', '0', 86214, '0', 1);
INSERT INTO RATECELL (RATECELLID, RATECOLUMNID, RATECELLMIN, RATECELLMAX, RATECELLVALUE, RATECELLTYPE, RATECELLINDEX, ANYMINIMUMIND, ANYMAXIMUMIND, RATEROWID, BLANKCELLIND, VERSIONNO)
VALUES (86425, 86111, 0, 0, 0, null, 1, '0', '0', 86214, '1', 1);
INSERT INTO RATECELL (RATECELLID, RATECOLUMNID, RATECELLMIN, RATECELLMAX, RATECELLVALUE, RATECELLTYPE, RATECELLINDEX, ANYMINIMUMIND, ANYMAXIMUMIND, RATEROWID, BLANKCELLIND, VERSIONNO)
VALUES (86426, 86112, 0, 0, 0, null, 1, '0', '0', 86214, '1', 1);
INSERT INTO RATECELL (RATECELLID, RATECOLUMNID, RATECELLMIN, RATECELLMAX, RATECELLVALUE, RATECELLTYPE, RATECELLINDEX, ANYMINIMUMIND, ANYMAXIMUMIND, RATEROWID, BLANKCELLIND, VERSIONNO)
VALUES (86427, 86113, 0, 0, 0, null, 1, '0', '0', 86214, '1', 1);
INSERT INTO RATECELL (RATECELLID, RATECOLUMNID, RATECELLMIN, RATECELLMAX, RATECELLVALUE, RATECELLTYPE, RATECELLINDEX, ANYMINIMUMIND, ANYMAXIMUMIND, RATEROWID, BLANKCELLIND, VERSIONNO)
VALUES (86428, 86114, 0, 0, 0, null, 1, '0', '0', 86214, '1', 1);
INSERT INTO RATECELL (RATECELLID, RATECOLUMNID, RATECELLMIN, RATECELLMAX, RATECELLVALUE, RATECELLTYPE, RATECELLINDEX, ANYMINIMUMIND, ANYMAXIMUMIND, RATEROWID, BLANKCELLIND, VERSIONNO)
VALUES (86429, 86115, 0, 0, 0, null, 1, '0', '0', 86214, '1', 1);
----------------------
--Other Tax Factors
INSERT INTO RATEHEADER (RATEHEADERID, EFFECTIVEDATE, RATETABLETYPE, COMMENTS, RATESTATUS, VERSIONNO)
VALUES (80021, '2022-01-01-00.00.00', 'BDMRTT5', null, 'RS1', 1);
INSERT INTO RATECOLUMN (RATECOLUMNID, RATEHEADERID, PARENTCOLUMNID, RATECOLUMNKEYMIN, RATECOLUMNKEYMAX, RATECOLUMNKEYVALUE, RATECOLUMNTYPE, RATECOLUMNINDEX, ANYMINIMUMIND, ANYMAXIMUMIND, VERSIONNO)
VALUES (85004, 80021, null, 0, 0, 0, 'BDMRCT21', 1, '0', '0', 1);
INSERT INTO RATECOLUMN (RATECOLUMNID, RATEHEADERID, PARENTCOLUMNID, RATECOLUMNKEYMIN, RATECOLUMNKEYMAX, RATECOLUMNKEYVALUE, RATECOLUMNTYPE, RATECOLUMNINDEX, ANYMINIMUMIND, ANYMAXIMUMIND, VERSIONNO)
VALUES (85005, 80021, null, 0, 0, 0, 'BDMRCT22', 1, '0', '0', 1);
INSERT INTO RATECOLUMN (RATECOLUMNID, RATEHEADERID, PARENTCOLUMNID, RATECOLUMNKEYMIN, RATECOLUMNKEYMAX, RATECOLUMNKEYVALUE, RATECOLUMNTYPE, RATECOLUMNINDEX, ANYMINIMUMIND, ANYMAXIMUMIND, VERSIONNO)
VALUES (85006, 80021, null, 0, 0, 0, 'BDMRCT23', 1, '0', '0', 1);
INSERT INTO RATECOLUMN (RATECOLUMNID, RATEHEADERID, PARENTCOLUMNID, RATECOLUMNKEYMIN, RATECOLUMNKEYMAX, RATECOLUMNKEYVALUE, RATECOLUMNTYPE, RATECOLUMNINDEX, ANYMINIMUMIND, ANYMAXIMUMIND, VERSIONNO)
VALUES (85007, 80021, null, 0, 0, 0, 'BDMRCT24', 1, '0', '0', 1);
INSERT INTO RATECOLUMN (RATECOLUMNID, RATEHEADERID, PARENTCOLUMNID, RATECOLUMNKEYMIN, RATECOLUMNKEYMAX, RATECOLUMNKEYVALUE, RATECOLUMNTYPE, RATECOLUMNINDEX, ANYMINIMUMIND, ANYMAXIMUMIND, VERSIONNO)
VALUES (85008, 80021, null, 0, 0, 0, 'BDMRCT25', 1, '0', '0', 1);
INSERT INTO RATECOLUMN (RATECOLUMNID, RATEHEADERID, PARENTCOLUMNID, RATECOLUMNKEYMIN, RATECOLUMNKEYMAX, RATECOLUMNKEYVALUE, RATECOLUMNTYPE, RATECOLUMNINDEX, ANYMINIMUMIND, ANYMAXIMUMIND, VERSIONNO)
VALUES (85009, 80021, null, 0, 0, 0, 'BDMRCT26', 1, '0', '0', 1);
INSERT INTO RATECOLUMN (RATECOLUMNID, RATEHEADERID, PARENTCOLUMNID, RATECOLUMNKEYMIN, RATECOLUMNKEYMAX, RATECOLUMNKEYVALUE, RATECOLUMNTYPE, RATECOLUMNINDEX, ANYMINIMUMIND, ANYMAXIMUMIND, VERSIONNO)
VALUES (85010, 80021, null, 0, 0, 0, 'BDMRCT27', 1, '0', '0', 1);
INSERT INTO RATECOLUMN (RATECOLUMNID, RATEHEADERID, PARENTCOLUMNID, RATECOLUMNKEYMIN, RATECOLUMNKEYMAX, RATECOLUMNKEYVALUE, RATECOLUMNTYPE, RATECOLUMNINDEX, ANYMINIMUMIND, ANYMAXIMUMIND, VERSIONNO)
VALUES (85011, 80021, null, 0, 0, 0, 'BDMRCT28', 1, '0', '0', 1);
--Federal
INSERT INTO RATEROW (RATEROWID, RATEHEADERID, RATEROWTYPE, RATEROWINDEX, VERSIONNO)
VALUES (85001, 80021, 'BDMRRT10', 1, 1);
INSERT INTO RATECELL (RATECELLID, RATECOLUMNID, RATECELLMIN, RATECELLMAX, RATECELLVALUE, RATECELLTYPE, RATECELLINDEX, ANYMINIMUMIND, ANYMAXIMUMIND, RATEROWID, BLANKCELLIND, VERSIONNO)
VALUES (85024, 85004, 0, 0, 14398, null, 0, '0', '0', 85001, '0', 1);
INSERT INTO RATECELL (RATECELLID, RATECOLUMNID, RATECELLMIN, RATECELLMAX, RATECELLVALUE, RATECELLTYPE, RATECELLINDEX, ANYMINIMUMIND, ANYMAXIMUMIND, RATEROWID, BLANKCELLIND, VERSIONNO)
VALUES (85039, 85005, 0, 0, 2.4, null, 1, '0', '0', 85001, '0', 1);
INSERT INTO RATECELL (RATECELLID, RATECOLUMNID, RATECELLMIN, RATECELLMAX, RATECELLVALUE, RATECELLTYPE, RATECELLINDEX, ANYMINIMUMIND, ANYMAXIMUMIND, RATEROWID, BLANKCELLIND, VERSIONNO)
VALUES (85054, 85006, 0, 0, 15, null, 2, '0', '0', 85001, '0', 1);
INSERT INTO RATECELL (RATECELLID, RATECOLUMNID, RATECELLMIN, RATECELLMAX, RATECELLVALUE, RATECELLTYPE, RATECELLINDEX, ANYMINIMUMIND, ANYMAXIMUMIND, RATEROWID, BLANKCELLIND, VERSIONNO)
VALUES (85069, 85007, 0, 0, 750, null, 3, '0', '0', 85001, '0', 1);
INSERT INTO RATECELL (RATECELLID, RATECOLUMNID, RATECELLMIN, RATECELLMAX, RATECELLVALUE, RATECELLTYPE, RATECELLINDEX, ANYMINIMUMIND, ANYMAXIMUMIND, RATEROWID, BLANKCELLIND, VERSIONNO)
VALUES (85084, 85008, 0, 0, 1287, null, 4, '0', '0', 85001, '0', 1);
INSERT INTO RATECELL (RATECELLID, RATECOLUMNID, RATECELLMIN, RATECELLMAX, RATECELLVALUE, RATECELLTYPE, RATECELLINDEX, ANYMINIMUMIND, ANYMAXIMUMIND, RATEROWID, BLANKCELLIND, VERSIONNO)
VALUES (85099, 85009, 0, 0, 0, null, 5, '0', '0', 85001, '1', 1);
INSERT INTO RATECELL (RATECELLID, RATECOLUMNID, RATECELLMIN, RATECELLMAX, RATECELLVALUE, RATECELLTYPE, RATECELLINDEX, ANYMINIMUMIND, ANYMAXIMUMIND, RATEROWID, BLANKCELLIND, VERSIONNO)
VALUES (85114, 85010, 0, 0, 0, null, 6, '0', '0', 85001, '1', 1);
INSERT INTO RATECELL (RATECELLID, RATECOLUMNID, RATECELLMIN, RATECELLMAX, RATECELLVALUE, RATECELLTYPE, RATECELLINDEX, ANYMINIMUMIND, ANYMAXIMUMIND, RATEROWID, BLANKCELLIND, VERSIONNO)
VALUES (85129, 85011, 0, 0, 0, null, 7, '0', '0', 85001, '1', 1);
--British Columbia
INSERT INTO RATEROW (RATEROWID, RATEHEADERID, RATEROWTYPE, RATEROWINDEX, VERSIONNO)
VALUES (85002, 80021, 'BDMRRT11', 1, 1);
INSERT INTO RATECELL (RATECELLID, RATECOLUMNID, RATECELLMIN, RATECELLMAX, RATECELLVALUE, RATECELLTYPE, RATECELLINDEX, ANYMINIMUMIND, ANYMAXIMUMIND, RATEROWID, BLANKCELLIND, VERSIONNO)
VALUES (85026, 85004, 0, 0, 11302, null, 0, '0', '0', 85002, '0', 1);
INSERT INTO RATECELL (RATECELLID, RATECOLUMNID, RATECELLMIN, RATECELLMAX, RATECELLVALUE, RATECELLTYPE, RATECELLINDEX, ANYMINIMUMIND, ANYMAXIMUMIND, RATEROWID, BLANKCELLIND, VERSIONNO)
VALUES (85041, 85005, 0, 0, 2.1, null, 1, '0', '0', 85002, '0', 1);
INSERT INTO RATECELL (RATECELLID, RATECOLUMNID, RATECELLMIN, RATECELLMAX, RATECELLVALUE, RATECELLTYPE, RATECELLINDEX, ANYMINIMUMIND, ANYMAXIMUMIND, RATEROWID, BLANKCELLIND, VERSIONNO)
VALUES (85056, 85006, 0, 0, 15, null, 2, '0', '0', 85002, '0', 1);
INSERT INTO RATECELL (RATECELLID, RATECOLUMNID, RATECELLMIN, RATECELLMAX, RATECELLVALUE, RATECELLTYPE, RATECELLINDEX, ANYMINIMUMIND, ANYMAXIMUMIND, RATEROWID, BLANKCELLIND, VERSIONNO)
VALUES (85071, 85007, 0, 0, 2000, null, 3, '0', '0', 85002, '0', 1);
INSERT INTO RATECELL (RATECELLID, RATECOLUMNID, RATECELLMIN, RATECELLMAX, RATECELLVALUE, RATECELLTYPE, RATECELLINDEX, ANYMINIMUMIND, ANYMAXIMUMIND, RATEROWID, BLANKCELLIND, VERSIONNO)
VALUES (85086, 85008, 0, 0, 0, null, 4, '0', '0', 85002, '1', 1);
INSERT INTO RATECELL (RATECELLID, RATECOLUMNID, RATECELLMIN, RATECELLMAX, RATECELLVALUE, RATECELLTYPE, RATECELLINDEX, ANYMINIMUMIND, ANYMAXIMUMIND, RATEROWID, BLANKCELLIND, VERSIONNO)
VALUES (85101, 85009, 0, 0, 491, null, 5, '0', '0', 85002, '0', 1);
INSERT INTO RATECELL (RATECELLID, RATECOLUMNID, RATECELLMIN, RATECELLMAX, RATECELLVALUE, RATECELLTYPE, RATECELLINDEX, ANYMINIMUMIND, ANYMAXIMUMIND, RATEROWID, BLANKCELLIND, VERSIONNO)
VALUES (85116, 85010, 0, 0, 0, null, 6, '0', '0', 85002, '1', 1);
INSERT INTO RATECELL (RATECELLID, RATECOLUMNID, RATECELLMIN, RATECELLMAX, RATECELLVALUE, RATECELLTYPE, RATECELLINDEX, ANYMINIMUMIND, ANYMAXIMUMIND, RATEROWID, BLANKCELLIND, VERSIONNO)
VALUES (85131, 85011, 0, 0, 0, null, 7, '0', '0', 85002, '1', 1);
--Nova Scotia
INSERT INTO RATEROW (RATEROWID, RATEHEADERID, RATEROWTYPE, RATEROWINDEX, VERSIONNO)
VALUES (85003, 80021, 'BDMRRT12', 1, 1);
INSERT INTO RATECELL (RATECELLID, RATECOLUMNID, RATECELLMIN, RATECELLMAX, RATECELLVALUE, RATECELLTYPE, RATECELLINDEX, ANYMINIMUMIND, ANYMAXIMUMIND, RATEROWID, BLANKCELLIND, VERSIONNO)
VALUES (85030, 85004, 0, 0, 11481, null, 0, '0', '0', 85003, '0', 1);
INSERT INTO RATECELL (RATECELLID, RATECOLUMNID, RATECELLMIN, RATECELLMAX, RATECELLVALUE, RATECELLTYPE, RATECELLINDEX, ANYMINIMUMIND, ANYMAXIMUMIND, RATEROWID, BLANKCELLIND, VERSIONNO)
VALUES (85045, 85005, 0, 0, 0, null, 1, '0', '0', 85003, '1', 1);
INSERT INTO RATECELL (RATECELLID, RATECOLUMNID, RATECELLMIN, RATECELLMAX, RATECELLVALUE, RATECELLTYPE, RATECELLINDEX, ANYMINIMUMIND, ANYMAXIMUMIND, RATEROWID, BLANKCELLIND, VERSIONNO)
VALUES (85060, 85006, 0, 0, 20, null, 2, '0', '0', 85003, '0', 1);
INSERT INTO RATECELL (RATECELLID, RATECOLUMNID, RATECELLMIN, RATECELLMAX, RATECELLVALUE, RATECELLTYPE, RATECELLINDEX, ANYMINIMUMIND, ANYMAXIMUMIND, RATEROWID, BLANKCELLIND, VERSIONNO)
VALUES (85075, 85007, 0, 0, 2000, null, 3, '0', '0', 85003, '0', 1);
INSERT INTO RATECELL (RATECELLID, RATECOLUMNID, RATECELLMIN, RATECELLMAX, RATECELLVALUE, RATECELLTYPE, RATECELLINDEX, ANYMINIMUMIND, ANYMAXIMUMIND, RATEROWID, BLANKCELLIND, VERSIONNO)
VALUES (85090, 85008, 0, 0, 0, null, 4, '0', '0', 85003, '1', 1);
INSERT INTO RATECELL (RATECELLID, RATECOLUMNID, RATECELLMIN, RATECELLMAX, RATECELLVALUE, RATECELLTYPE, RATECELLINDEX, ANYMINIMUMIND, ANYMAXIMUMIND, RATEROWID, BLANKCELLIND, VERSIONNO)
VALUES (85105, 85009, 0, 0, 0, null, 5, '0', '0', 85003, '1', 1);
INSERT INTO RATECELL (RATECELLID, RATECOLUMNID, RATECELLMIN, RATECELLMAX, RATECELLVALUE, RATECELLTYPE, RATECELLINDEX, ANYMINIMUMIND, ANYMAXIMUMIND, RATEROWID, BLANKCELLIND, VERSIONNO)
VALUES (85120, 85010, 0, 0, 0, null, 6, '0', '0', 85003, '1', 1);
INSERT INTO RATECELL (RATECELLID, RATECOLUMNID, RATECELLMIN, RATECELLMAX, RATECELLVALUE, RATECELLTYPE, RATECELLINDEX, ANYMINIMUMIND, ANYMAXIMUMIND, RATEROWID, BLANKCELLIND, VERSIONNO)
VALUES (85135, 85011, 0, 0, 0, null, 7, '0', '0', 85003, '1', 1);
--Saskatchewan
INSERT INTO RATEROW (RATEROWID, RATEHEADERID, RATEROWTYPE, RATEROWINDEX, VERSIONNO)
VALUES (85004, 80021, 'BDMRRT13', 1, 1);
INSERT INTO RATECELL (RATECELLID, RATECOLUMNID, RATECELLMIN, RATECELLMAX, RATECELLVALUE, RATECELLTYPE, RATECELLINDEX, ANYMINIMUMIND, ANYMAXIMUMIND, RATEROWID, BLANKCELLIND, VERSIONNO)
VALUES (85036, 85004, 0, 0, 16615, null, 0, '0', '0', 85004, '0', 1);
INSERT INTO RATECELL (RATECELLID, RATECOLUMNID, RATECELLMIN, RATECELLMAX, RATECELLVALUE, RATECELLTYPE, RATECELLINDEX, ANYMINIMUMIND, ANYMAXIMUMIND, RATEROWID, BLANKCELLIND, VERSIONNO)
VALUES (85051, 85005, 0, 0, 2.4, null, 1, '0', '0', 85004, '0', 1);
INSERT INTO RATECELL (RATECELLID, RATECOLUMNID, RATECELLMIN, RATECELLMAX, RATECELLVALUE, RATECELLTYPE, RATECELLINDEX, ANYMINIMUMIND, ANYMAXIMUMIND, RATEROWID, BLANKCELLIND, VERSIONNO)
VALUES (85066, 85006, 0, 0, 17.5, null, 2, '0', '0', 85004, '0', 1);
INSERT INTO RATECELL (RATECELLID, RATECOLUMNID, RATECELLMIN, RATECELLMAX, RATECELLVALUE, RATECELLTYPE, RATECELLINDEX, ANYMINIMUMIND, ANYMAXIMUMIND, RATEROWID, BLANKCELLIND, VERSIONNO)
VALUES (85081, 85007, 0, 0, 875, null, 3, '0', '0', 85004, '0', 1);
INSERT INTO RATECELL (RATECELLID, RATECOLUMNID, RATECELLMIN, RATECELLMAX, RATECELLVALUE, RATECELLTYPE, RATECELLINDEX, ANYMINIMUMIND, ANYMAXIMUMIND, RATEROWID, BLANKCELLIND, VERSIONNO)
VALUES (85096, 85008, 0, 0, 0, null, 4, '0', '0', 85004, '1', 1);
INSERT INTO RATECELL (RATECELLID, RATECOLUMNID, RATECELLMIN, RATECELLMAX, RATECELLVALUE, RATECELLTYPE, RATECELLINDEX, ANYMINIMUMIND, ANYMAXIMUMIND, RATEROWID, BLANKCELLIND, VERSIONNO)
VALUES (85111, 85009, 0, 0, 0, null, 5, '0', '0', 85004, '1', 1);
INSERT INTO RATECELL (RATECELLID, RATECOLUMNID, RATECELLMIN, RATECELLMAX, RATECELLVALUE, RATECELLTYPE, RATECELLINDEX, ANYMINIMUMIND, ANYMAXIMUMIND, RATEROWID, BLANKCELLIND, VERSIONNO)
VALUES (85126, 85010, 0, 0, 0, null, 6, '0', '0', 85004, '1', 1);
INSERT INTO RATECELL (RATECELLID, RATECOLUMNID, RATECELLMIN, RATECELLMAX, RATECELLVALUE, RATECELLTYPE, RATECELLINDEX, ANYMINIMUMIND, ANYMAXIMUMIND, RATEROWID, BLANKCELLIND, VERSIONNO)
VALUES (85141, 85011, 0, 0, 0, null, 7, '0', '0', 85004, '1', 1);
--Alberta
INSERT INTO RATEROW (RATEROWID, RATEHEADERID, RATEROWTYPE, RATEROWINDEX, VERSIONNO)
VALUES (85005, 80021, 'BDMRRT14', 1, 1);
INSERT INTO RATECELL (RATECELLID, RATECOLUMNID, RATECELLMIN, RATECELLMAX, RATECELLVALUE, RATECELLTYPE, RATECELLINDEX, ANYMINIMUMIND, ANYMAXIMUMIND, RATEROWID, BLANKCELLIND, VERSIONNO)
VALUES (85025, 85004, 0, 0, 19369, null, 0, '0', '0', 85005, '0', 1);
INSERT INTO RATECELL (RATECELLID, RATECOLUMNID, RATECELLMIN, RATECELLMAX, RATECELLVALUE, RATECELLTYPE, RATECELLINDEX, ANYMINIMUMIND, ANYMAXIMUMIND, RATEROWID, BLANKCELLIND, VERSIONNO)
VALUES (85040, 85005, 0, 0, 0, null, 1, '0', '0', 85005, '1', 1);
INSERT INTO RATECELL (RATECELLID, RATECOLUMNID, RATECELLMIN, RATECELLMAX, RATECELLVALUE, RATECELLTYPE, RATECELLINDEX, ANYMINIMUMIND, ANYMAXIMUMIND, RATEROWID, BLANKCELLIND, VERSIONNO)
VALUES (85055, 85006, 0, 0, 0, null, 2, '0', '0', 85005, '1', 1);
INSERT INTO RATECELL (RATECELLID, RATECOLUMNID, RATECELLMIN, RATECELLMAX, RATECELLVALUE, RATECELLTYPE, RATECELLINDEX, ANYMINIMUMIND, ANYMAXIMUMIND, RATEROWID, BLANKCELLIND, VERSIONNO)
VALUES (85070, 85007, 0, 0, 0, null, 3, '0', '0', 85005, '1', 1);
INSERT INTO RATECELL (RATECELLID, RATECOLUMNID, RATECELLMIN, RATECELLMAX, RATECELLVALUE, RATECELLTYPE, RATECELLINDEX, ANYMINIMUMIND, ANYMAXIMUMIND, RATEROWID, BLANKCELLIND, VERSIONNO)
VALUES (85085, 85008, 0, 0, 0, null, 4, '0', '0', 85005, '1', 1);
INSERT INTO RATECELL (RATECELLID, RATECOLUMNID, RATECELLMIN, RATECELLMAX, RATECELLVALUE, RATECELLTYPE, RATECELLINDEX, ANYMINIMUMIND, ANYMAXIMUMIND, RATEROWID, BLANKCELLIND, VERSIONNO)
VALUES (85100, 85009, 0, 0, 0, null, 5, '0', '0', 85005, '1', 1);
INSERT INTO RATECELL (RATECELLID, RATECOLUMNID, RATECELLMIN, RATECELLMAX, RATECELLVALUE, RATECELLTYPE, RATECELLINDEX, ANYMINIMUMIND, ANYMAXIMUMIND, RATEROWID, BLANKCELLIND, VERSIONNO)
VALUES (85115, 85010, 0, 0, 0, null, 6, '0', '0', 85005, '1', 1);
INSERT INTO RATECELL (RATECELLID, RATECOLUMNID, RATECELLMIN, RATECELLMAX, RATECELLVALUE, RATECELLTYPE, RATECELLINDEX, ANYMINIMUMIND, ANYMAXIMUMIND, RATEROWID, BLANKCELLIND, VERSIONNO)
VALUES (85130, 85011, 0, 0, 0, null, 7, '0', '0', 85005, '1', 1);
--Manitoba
INSERT INTO RATEROW (RATEROWID, RATEHEADERID, RATEROWTYPE, RATEROWINDEX, VERSIONNO)
VALUES (85006, 80021, 'BDMRRT15', 1, 1);
INSERT INTO RATECELL (RATECELLID, RATECOLUMNID, RATECELLMIN, RATECELLMAX, RATECELLVALUE, RATECELLTYPE, RATECELLINDEX, ANYMINIMUMIND, ANYMAXIMUMIND, RATEROWID, BLANKCELLIND, VERSIONNO)
VALUES (85027, 85004, 0, 0, 10145, null, 0, '0', '0', 85006, '0', 1);
INSERT INTO RATECELL (RATECELLID, RATECOLUMNID, RATECELLMIN, RATECELLMAX, RATECELLVALUE, RATECELLTYPE, RATECELLINDEX, ANYMINIMUMIND, ANYMAXIMUMIND, RATEROWID, BLANKCELLIND, VERSIONNO)
VALUES (85042, 85005, 0, 0, 2.1, null, 1, '0', '0', 85006, '0', 1);
INSERT INTO RATECELL (RATECELLID, RATECOLUMNID, RATECELLMIN, RATECELLMAX, RATECELLVALUE, RATECELLTYPE, RATECELLINDEX, ANYMINIMUMIND, ANYMAXIMUMIND, RATEROWID, BLANKCELLIND, VERSIONNO)
VALUES (85057, 85006, 0, 0, 15, null, 2, '0', '0', 85006, '0', 1);
INSERT INTO RATECELL (RATECELLID, RATECOLUMNID, RATECELLMIN, RATECELLMAX, RATECELLVALUE, RATECELLTYPE, RATECELLINDEX, ANYMINIMUMIND, ANYMAXIMUMIND, RATEROWID, BLANKCELLIND, VERSIONNO)
VALUES (85072, 85007, 0, 0, 1800, null, 3, '0', '0', 85006, '0', 1);
INSERT INTO RATECELL (RATECELLID, RATECOLUMNID, RATECELLMIN, RATECELLMAX, RATECELLVALUE, RATECELLTYPE, RATECELLINDEX, ANYMINIMUMIND, ANYMAXIMUMIND, RATEROWID, BLANKCELLIND, VERSIONNO)
VALUES (85087, 85008, 0, 0, 0, null, 4, '0', '0', 85006, '1', 1);
INSERT INTO RATECELL (RATECELLID, RATECOLUMNID, RATECELLMIN, RATECELLMAX, RATECELLVALUE, RATECELLTYPE, RATECELLINDEX, ANYMINIMUMIND, ANYMAXIMUMIND, RATEROWID, BLANKCELLIND, VERSIONNO)
VALUES (85102, 85009, 0, 0, 0, null, 5, '0', '0', 85006, '1', 1);
INSERT INTO RATECELL (RATECELLID, RATECOLUMNID, RATECELLMIN, RATECELLMAX, RATECELLVALUE, RATECELLTYPE, RATECELLINDEX, ANYMINIMUMIND, ANYMAXIMUMIND, RATEROWID, BLANKCELLIND, VERSIONNO)
VALUES (85117, 85010, 0, 0, 0, null, 6, '0', '0', 85006, '1', 1);
INSERT INTO RATECELL (RATECELLID, RATECOLUMNID, RATECELLMIN, RATECELLMAX, RATECELLVALUE, RATECELLTYPE, RATECELLINDEX, ANYMINIMUMIND, ANYMAXIMUMIND, RATEROWID, BLANKCELLIND, VERSIONNO)
VALUES (85132, 85011, 0, 0, 0, null, 7, '0', '0', 85006, '1', 1);
--New Brunswick
INSERT INTO RATEROW (RATEROWID, RATEHEADERID, RATEROWTYPE, RATEROWINDEX, VERSIONNO)
VALUES (85007, 80021, 'BDMRRT16', 1, 1);
INSERT INTO RATECELL (RATECELLID, RATECOLUMNID, RATECELLMIN, RATECELLMAX, RATECELLVALUE, RATECELLTYPE, RATECELLINDEX, ANYMINIMUMIND, ANYMAXIMUMIND, RATEROWID, BLANKCELLIND, VERSIONNO)
VALUES (85028, 85004, 0, 0, 10817, null, 0, '0', '0', 85007, '0', 1);
INSERT INTO RATECELL (RATECELLID, RATECOLUMNID, RATECELLMIN, RATECELLMAX, RATECELLVALUE, RATECELLTYPE, RATECELLINDEX, ANYMINIMUMIND, ANYMAXIMUMIND, RATEROWID, BLANKCELLIND, VERSIONNO)
VALUES (85043, 85005, 0, 0, 2.4, null, 1, '0', '0', 85007, '0', 1);
INSERT INTO RATECELL (RATECELLID, RATECOLUMNID, RATECELLMIN, RATECELLMAX, RATECELLVALUE, RATECELLTYPE, RATECELLINDEX, ANYMINIMUMIND, ANYMAXIMUMIND, RATEROWID, BLANKCELLIND, VERSIONNO)
VALUES (85058, 85006, 0, 0, 20, null, 2, '0', '0', 85007, '0', 1);
INSERT INTO RATECELL (RATECELLID, RATECOLUMNID, RATECELLMIN, RATECELLMAX, RATECELLVALUE, RATECELLTYPE, RATECELLINDEX, ANYMINIMUMIND, ANYMAXIMUMIND, RATEROWID, BLANKCELLIND, VERSIONNO)
VALUES (85073, 85007, 0, 0, 2000, null, 3, '0', '0', 85007, '0', 1);
INSERT INTO RATECELL (RATECELLID, RATECOLUMNID, RATECELLMIN, RATECELLMAX, RATECELLVALUE, RATECELLTYPE, RATECELLINDEX, ANYMINIMUMIND, ANYMAXIMUMIND, RATEROWID, BLANKCELLIND, VERSIONNO)
VALUES (85088, 85008, 0, 0, 0, null, 4, '0', '0', 85007, '1', 1);
INSERT INTO RATECELL (RATECELLID, RATECOLUMNID, RATECELLMIN, RATECELLMAX, RATECELLVALUE, RATECELLTYPE, RATECELLINDEX, ANYMINIMUMIND, ANYMAXIMUMIND, RATEROWID, BLANKCELLIND, VERSIONNO)
VALUES (85103, 85009, 0, 0, 0, null, 5, '0', '0', 85007, '1', 1);
INSERT INTO RATECELL (RATECELLID, RATECOLUMNID, RATECELLMIN, RATECELLMAX, RATECELLVALUE, RATECELLTYPE, RATECELLINDEX, ANYMINIMUMIND, ANYMAXIMUMIND, RATEROWID, BLANKCELLIND, VERSIONNO)
VALUES (85118, 85010, 0, 0, 0, null, 6, '0', '0', 85007, '1', 1);
INSERT INTO RATECELL (RATECELLID, RATECOLUMNID, RATECELLMIN, RATECELLMAX, RATECELLVALUE, RATECELLTYPE, RATECELLINDEX, ANYMINIMUMIND, ANYMAXIMUMIND, RATEROWID, BLANKCELLIND, VERSIONNO)
VALUES (85133, 85011, 0, 0, 0, null, 7, '0', '0', 85007, '1', 1);
--Newfoundland
INSERT INTO RATEROW (RATEROWID, RATEHEADERID, RATEROWTYPE, RATEROWINDEX, VERSIONNO)
VALUES (85008, 80021, 'BDMRRT17', 1, 1);
INSERT INTO RATECELL (RATECELLID, RATECOLUMNID, RATECELLMIN, RATECELLMAX, RATECELLVALUE, RATECELLTYPE, RATECELLINDEX, ANYMINIMUMIND, ANYMAXIMUMIND, RATEROWID, BLANKCELLIND, VERSIONNO)
VALUES (85029, 85004, 0, 0, 9803, null, 0, '0', '0', 85008, '0', 1);
INSERT INTO RATECELL (RATECELLID, RATECOLUMNID, RATECELLMIN, RATECELLMAX, RATECELLVALUE, RATECELLTYPE, RATECELLINDEX, ANYMINIMUMIND, ANYMAXIMUMIND, RATEROWID, BLANKCELLIND, VERSIONNO)
VALUES (85044, 85005, 0, 0, 2.8, null, 1, '0', '0', 85008, '0', 1);
INSERT INTO RATECELL (RATECELLID, RATECOLUMNID, RATECELLMIN, RATECELLMAX, RATECELLVALUE, RATECELLTYPE, RATECELLINDEX, ANYMINIMUMIND, ANYMAXIMUMIND, RATEROWID, BLANKCELLIND, VERSIONNO)
VALUES (85059, 85006, 0, 0, 0, null, 2, '0', '0', 85008, '1', 1);
INSERT INTO RATECELL (RATECELLID, RATECOLUMNID, RATECELLMIN, RATECELLMAX, RATECELLVALUE, RATECELLTYPE, RATECELLINDEX, ANYMINIMUMIND, ANYMAXIMUMIND, RATEROWID, BLANKCELLIND, VERSIONNO)
VALUES (85074, 85007, 0, 0, 0, null, 3, '0', '0', 85008, '1', 1);
INSERT INTO RATECELL (RATECELLID, RATECOLUMNID, RATECELLMIN, RATECELLMAX, RATECELLVALUE, RATECELLTYPE, RATECELLINDEX, ANYMINIMUMIND, ANYMAXIMUMIND, RATEROWID, BLANKCELLIND, VERSIONNO)
VALUES (85089, 85008, 0, 0, 0, null, 4, '0', '0', 85008, '1', 1);
INSERT INTO RATECELL (RATECELLID, RATECOLUMNID, RATECELLMIN, RATECELLMAX, RATECELLVALUE, RATECELLTYPE, RATECELLINDEX, ANYMINIMUMIND, ANYMAXIMUMIND, RATEROWID, BLANKCELLIND, VERSIONNO)
VALUES (85104, 85009, 0, 0, 0, null, 5, '0', '0', 85008, '1', 1);
INSERT INTO RATECELL (RATECELLID, RATECOLUMNID, RATECELLMIN, RATECELLMAX, RATECELLVALUE, RATECELLTYPE, RATECELLINDEX, ANYMINIMUMIND, ANYMAXIMUMIND, RATEROWID, BLANKCELLIND, VERSIONNO)
VALUES (85119, 85010, 0, 0, 0, null, 6, '0', '0', 85008, '1', 1);
INSERT INTO RATECELL (RATECELLID, RATECOLUMNID, RATECELLMIN, RATECELLMAX, RATECELLVALUE, RATECELLTYPE, RATECELLINDEX, ANYMINIMUMIND, ANYMAXIMUMIND, RATEROWID, BLANKCELLIND, VERSIONNO)
VALUES (85134, 85011, 0, 0, 0, null, 7, '0', '0', 85008, '1', 1);
--Northwest Territories
INSERT INTO RATEROW (RATEROWID, RATEHEADERID, RATEROWTYPE, RATEROWINDEX, VERSIONNO)
VALUES (85009, 80021, 'BDMRRT18', 1, 1);
INSERT INTO RATECELL (RATECELLID, RATECOLUMNID, RATECELLMIN, RATECELLMAX, RATECELLVALUE, RATECELLTYPE, RATECELLINDEX, ANYMINIMUMIND, ANYMAXIMUMIND, RATEROWID, BLANKCELLIND, VERSIONNO)
VALUES (85031, 85004, 0, 0, 15609, null, 0, '0', '0', 85009, '0', 1);
INSERT INTO RATECELL (RATECELLID, RATECOLUMNID, RATECELLMIN, RATECELLMAX, RATECELLVALUE, RATECELLTYPE, RATECELLINDEX, ANYMINIMUMIND, ANYMAXIMUMIND, RATEROWID, BLANKCELLIND, VERSIONNO)
VALUES (85046, 85005, 0, 0, 2.4, null, 1, '0', '0', 85009, '0', 1);
INSERT INTO RATECELL (RATECELLID, RATECOLUMNID, RATECELLMIN, RATECELLMAX, RATECELLVALUE, RATECELLTYPE, RATECELLINDEX, ANYMINIMUMIND, ANYMAXIMUMIND, RATEROWID, BLANKCELLIND, VERSIONNO)
VALUES (85061, 85006, 0, 0, 0, null, 2, '0', '0', 85009, '1', 1);
INSERT INTO RATECELL (RATECELLID, RATECOLUMNID, RATECELLMIN, RATECELLMAX, RATECELLVALUE, RATECELLTYPE, RATECELLINDEX, ANYMINIMUMIND, ANYMAXIMUMIND, RATEROWID, BLANKCELLIND, VERSIONNO)
VALUES (85076, 85007, 0, 0, 0, null, 3, '0', '0', 85009, '1', 1);
INSERT INTO RATECELL (RATECELLID, RATECOLUMNID, RATECELLMIN, RATECELLMAX, RATECELLVALUE, RATECELLTYPE, RATECELLINDEX, ANYMINIMUMIND, ANYMAXIMUMIND, RATEROWID, BLANKCELLIND, VERSIONNO)
VALUES (85091, 85008, 0, 0, 0, null, 4, '0', '0', 85009, '1', 1);
INSERT INTO RATECELL (RATECELLID, RATECOLUMNID, RATECELLMIN, RATECELLMAX, RATECELLVALUE, RATECELLTYPE, RATECELLINDEX, ANYMINIMUMIND, ANYMAXIMUMIND, RATEROWID, BLANKCELLIND, VERSIONNO)
VALUES (85106, 85009, 0, 0, 0, null, 5, '0', '0', 85009, '1', 1);
INSERT INTO RATECELL (RATECELLID, RATECOLUMNID, RATECELLMIN, RATECELLMAX, RATECELLVALUE, RATECELLTYPE, RATECELLINDEX, ANYMINIMUMIND, ANYMAXIMUMIND, RATEROWID, BLANKCELLIND, VERSIONNO)
VALUES (85121, 85010, 0, 0, 0, null, 6, '0', '0', 85009, '1', 1);
INSERT INTO RATECELL (RATECELLID, RATECOLUMNID, RATECELLMIN, RATECELLMAX, RATECELLVALUE, RATECELLTYPE, RATECELLINDEX, ANYMINIMUMIND, ANYMAXIMUMIND, RATEROWID, BLANKCELLIND, VERSIONNO)
VALUES (85136, 85011, 0, 0, 0, null, 7, '0', '0', 85009, '1', 1);
--Nunavut
INSERT INTO RATEROW (RATEROWID, RATEHEADERID, RATEROWTYPE, RATEROWINDEX, VERSIONNO)
VALUES (85010, 80021, 'BDMRRT19', 1, 1);
INSERT INTO RATECELL (RATECELLID, RATECOLUMNID, RATECELLMIN, RATECELLMAX, RATECELLVALUE, RATECELLTYPE, RATECELLINDEX, ANYMINIMUMIND, ANYMAXIMUMIND, RATEROWID, BLANKCELLIND, VERSIONNO)
VALUES (85032, 85004, 0, 0, 16862, null, 0, '0', '0', 85010, '0', 1);
INSERT INTO RATECELL (RATECELLID, RATECOLUMNID, RATECELLMIN, RATECELLMAX, RATECELLVALUE, RATECELLTYPE, RATECELLINDEX, ANYMINIMUMIND, ANYMAXIMUMIND, RATEROWID, BLANKCELLIND, VERSIONNO)
VALUES (85047, 85005, 0, 0, 2.4, null, 1, '0', '0', 85010, '0', 1);
INSERT INTO RATECELL (RATECELLID, RATECOLUMNID, RATECELLMIN, RATECELLMAX, RATECELLVALUE, RATECELLTYPE, RATECELLINDEX, ANYMINIMUMIND, ANYMAXIMUMIND, RATEROWID, BLANKCELLIND, VERSIONNO)
VALUES (85062, 85006, 0, 0, 0, null, 2, '0', '0', 85010, '1', 1);
INSERT INTO RATECELL (RATECELLID, RATECOLUMNID, RATECELLMIN, RATECELLMAX, RATECELLVALUE, RATECELLTYPE, RATECELLINDEX, ANYMINIMUMIND, ANYMAXIMUMIND, RATEROWID, BLANKCELLIND, VERSIONNO)
VALUES (85077, 85007, 0, 0, 0, null, 3, '0', '0', 85010, '1', 1);
INSERT INTO RATECELL (RATECELLID, RATECOLUMNID, RATECELLMIN, RATECELLMAX, RATECELLVALUE, RATECELLTYPE, RATECELLINDEX, ANYMINIMUMIND, ANYMAXIMUMIND, RATEROWID, BLANKCELLIND, VERSIONNO)
VALUES (85092, 85008, 0, 0, 0, null, 4, '0', '0', 85010, '1', 1);
INSERT INTO RATECELL (RATECELLID, RATECOLUMNID, RATECELLMIN, RATECELLMAX, RATECELLVALUE, RATECELLTYPE, RATECELLINDEX, ANYMINIMUMIND, ANYMAXIMUMIND, RATEROWID, BLANKCELLIND, VERSIONNO)
VALUES (85107, 85009, 0, 0, 0, null, 5, '0', '0', 85010, '1', 1);
INSERT INTO RATECELL (RATECELLID, RATECOLUMNID, RATECELLMIN, RATECELLMAX, RATECELLVALUE, RATECELLTYPE, RATECELLINDEX, ANYMINIMUMIND, ANYMAXIMUMIND, RATEROWID, BLANKCELLIND, VERSIONNO)
VALUES (85122, 85010, 0, 0, 0, null, 6, '0', '0', 85010, '1', 1);
INSERT INTO RATECELL (RATECELLID, RATECOLUMNID, RATECELLMIN, RATECELLMAX, RATECELLVALUE, RATECELLTYPE, RATECELLINDEX, ANYMINIMUMIND, ANYMAXIMUMIND, RATEROWID, BLANKCELLIND, VERSIONNO)
VALUES (85137, 85011, 0, 0, 0, null, 7, '0', '0', 85010, '1', 1);
--Ontario
INSERT INTO RATEROW (RATEROWID, RATEHEADERID, RATEROWTYPE, RATEROWINDEX, VERSIONNO)
VALUES (85011, 80021, 'BDMRRT20', 1, 1);
INSERT INTO RATECELL (RATECELLID, RATECOLUMNID, RATECELLMIN, RATECELLMAX, RATECELLVALUE, RATECELLTYPE, RATECELLINDEX, ANYMINIMUMIND, ANYMAXIMUMIND, RATEROWID, BLANKCELLIND, VERSIONNO)
VALUES (85033, 85004, 0, 0, 11141, null, 0, '0', '0', 85011, '0', 1);
INSERT INTO RATECELL (RATECELLID, RATECOLUMNID, RATECELLMIN, RATECELLMAX, RATECELLVALUE, RATECELLTYPE, RATECELLINDEX, ANYMINIMUMIND, ANYMAXIMUMIND, RATEROWID, BLANKCELLIND, VERSIONNO)
VALUES (85048, 85005, 0, 0, 2.4, null, 1, '0', '0', 85011, '0', 1);
INSERT INTO RATECELL (RATECELLID, RATECOLUMNID, RATECELLMIN, RATECELLMAX, RATECELLVALUE, RATECELLTYPE, RATECELLINDEX, ANYMINIMUMIND, ANYMAXIMUMIND, RATEROWID, BLANKCELLIND, VERSIONNO)
VALUES (85063, 85006, 0, 0, 0, null, 2, '0', '0', 85011, '1', 1);
INSERT INTO RATECELL (RATECELLID, RATECOLUMNID, RATECELLMIN, RATECELLMAX, RATECELLVALUE, RATECELLTYPE, RATECELLINDEX, ANYMINIMUMIND, ANYMAXIMUMIND, RATEROWID, BLANKCELLIND, VERSIONNO)
VALUES (85078, 85007, 0, 0, 0, null, 3, '0', '0', 85011, '1', 1);
INSERT INTO RATECELL (RATECELLID, RATECOLUMNID, RATECELLMIN, RATECELLMAX, RATECELLVALUE, RATECELLTYPE, RATECELLINDEX, ANYMINIMUMIND, ANYMAXIMUMIND, RATEROWID, BLANKCELLIND, VERSIONNO)
VALUES (85093, 85008, 0, 0, 0, null, 4, '0', '0', 85011, '1', 1);
INSERT INTO RATECELL (RATECELLID, RATECOLUMNID, RATECELLMIN, RATECELLMAX, RATECELLVALUE, RATECELLTYPE, RATECELLINDEX, ANYMINIMUMIND, ANYMAXIMUMIND, RATEROWID, BLANKCELLIND, VERSIONNO)
VALUES (85108, 85009, 0, 0, 257, null, 5, '0', '0', 85011, '0', 1);
INSERT INTO RATECELL (RATECELLID, RATECOLUMNID, RATECELLMIN, RATECELLMAX, RATECELLVALUE, RATECELLTYPE, RATECELLINDEX, ANYMINIMUMIND, ANYMAXIMUMIND, RATEROWID, BLANKCELLIND, VERSIONNO)
VALUES (85123, 85010, 0, 0, 0, null, 6, '0', '0', 85011, '1', 1);
INSERT INTO RATECELL (RATECELLID, RATECOLUMNID, RATECELLMIN, RATECELLMAX, RATECELLVALUE, RATECELLTYPE, RATECELLINDEX, ANYMINIMUMIND, ANYMAXIMUMIND, RATEROWID, BLANKCELLIND, VERSIONNO)
VALUES (85138, 85011, 0, 0, 0, null, 7, '0', '0', 85011, '1', 1);
--Prince Edward Island
INSERT INTO RATEROW (RATEROWID, RATEHEADERID, RATEROWTYPE, RATEROWINDEX, VERSIONNO)
VALUES (85012, 80021, 'BDMRRT21', 1, 1);
INSERT INTO RATECELL (RATECELLID, RATECOLUMNID, RATECELLMIN, RATECELLMAX, RATECELLVALUE, RATECELLTYPE, RATECELLINDEX, ANYMINIMUMIND, ANYMAXIMUMIND, RATEROWID, BLANKCELLIND, VERSIONNO)
VALUES (85034, 85004, 0, 0, 11250, null, 0, '0', '0', 85012, '0', 1);
INSERT INTO RATECELL (RATECELLID, RATECOLUMNID, RATECELLMIN, RATECELLMAX, RATECELLVALUE, RATECELLTYPE, RATECELLINDEX, ANYMINIMUMIND, ANYMAXIMUMIND, RATEROWID, BLANKCELLIND, VERSIONNO)
VALUES (85049, 85005, 0, 0, 0, null, 1, '0', '0', 85012, '1', 1);
INSERT INTO RATECELL (RATECELLID, RATECOLUMNID, RATECELLMIN, RATECELLMAX, RATECELLVALUE, RATECELLTYPE, RATECELLINDEX, ANYMINIMUMIND, ANYMAXIMUMIND, RATEROWID, BLANKCELLIND, VERSIONNO)
VALUES (85064, 85006, 0, 0, 0, null, 2, '0', '0', 85012, '1', 1);
INSERT INTO RATECELL (RATECELLID, RATECOLUMNID, RATECELLMIN, RATECELLMAX, RATECELLVALUE, RATECELLTYPE, RATECELLINDEX, ANYMINIMUMIND, ANYMAXIMUMIND, RATEROWID, BLANKCELLIND, VERSIONNO)
VALUES (85079, 85007, 0, 0, 0, null, 3, '0', '0', 85012, '1', 1);
INSERT INTO RATECELL (RATECELLID, RATECOLUMNID, RATECELLMIN, RATECELLMAX, RATECELLVALUE, RATECELLTYPE, RATECELLINDEX, ANYMINIMUMIND, ANYMAXIMUMIND, RATEROWID, BLANKCELLIND, VERSIONNO)
VALUES (85094, 85008, 0, 0, 0, null, 4, '0', '0', 85012, '1', 1);
INSERT INTO RATECELL (RATECELLID, RATECOLUMNID, RATECELLMIN, RATECELLMAX, RATECELLVALUE, RATECELLTYPE, RATECELLINDEX, ANYMINIMUMIND, ANYMAXIMUMIND, RATEROWID, BLANKCELLIND, VERSIONNO)
VALUES (85109, 85009, 0, 0, 0, null, 5, '0', '0', 85012, '1', 1);
INSERT INTO RATECELL (RATECELLID, RATECOLUMNID, RATECELLMIN, RATECELLMAX, RATECELLVALUE, RATECELLTYPE, RATECELLINDEX, ANYMINIMUMIND, ANYMAXIMUMIND, RATEROWID, BLANKCELLIND, VERSIONNO)
VALUES (85124, 85010, 0, 0, 0, null, 6, '0', '0', 85012, '1', 1);
INSERT INTO RATECELL (RATECELLID, RATECOLUMNID, RATECELLMIN, RATECELLMAX, RATECELLVALUE, RATECELLTYPE, RATECELLINDEX, ANYMINIMUMIND, ANYMAXIMUMIND, RATEROWID, BLANKCELLIND, VERSIONNO)
VALUES (85139, 85011, 0, 0, 0, null, 7, '0', '0', 85012, '1', 1);
--Yukon
INSERT INTO RATEROW (RATEROWID, RATEHEADERID, RATEROWTYPE, RATEROWINDEX, VERSIONNO)
VALUES (85013, 80021, 'BDMRRT22', 1, 1);
INSERT INTO RATECELL (RATECELLID, RATECOLUMNID, RATECELLMIN, RATECELLMAX, RATECELLVALUE, RATECELLTYPE, RATECELLINDEX, ANYMINIMUMIND, ANYMAXIMUMIND, RATEROWID, BLANKCELLIND, VERSIONNO)
VALUES (85037, 85004, 0, 0, 14398, null, 0, '0', '0', 85013, '0', 1);
INSERT INTO RATECELL (RATECELLID, RATECOLUMNID, RATECELLMIN, RATECELLMAX, RATECELLVALUE, RATECELLTYPE, RATECELLINDEX, ANYMINIMUMIND, ANYMAXIMUMIND, RATEROWID, BLANKCELLIND, VERSIONNO)
VALUES (85052, 85005, 0, 0, 2.4, null, 1, '0', '0', 85013, '0', 1);
INSERT INTO RATECELL (RATECELLID, RATECOLUMNID, RATECELLMIN, RATECELLMAX, RATECELLVALUE, RATECELLTYPE, RATECELLINDEX, ANYMINIMUMIND, ANYMAXIMUMIND, RATEROWID, BLANKCELLIND, VERSIONNO)
VALUES (85067, 85006, 0, 0, 0, null, 2, '0', '0', 85013, '1', 1);
INSERT INTO RATECELL (RATECELLID, RATECOLUMNID, RATECELLMIN, RATECELLMAX, RATECELLVALUE, RATECELLTYPE, RATECELLINDEX, ANYMINIMUMIND, ANYMAXIMUMIND, RATEROWID, BLANKCELLIND, VERSIONNO)
VALUES (85082, 85007, 0, 0, 0, null, 3, '0', '0', 85013, '1', 1);
INSERT INTO RATECELL (RATECELLID, RATECOLUMNID, RATECELLMIN, RATECELLMAX, RATECELLVALUE, RATECELLTYPE, RATECELLINDEX, ANYMINIMUMIND, ANYMAXIMUMIND, RATEROWID, BLANKCELLIND, VERSIONNO)
VALUES (85097, 85008, 0, 0, 1287, null, 4, '0', '0', 85013, '0', 1);
INSERT INTO RATECELL (RATECELLID, RATECOLUMNID, RATECELLMIN, RATECELLMAX, RATECELLVALUE, RATECELLTYPE, RATECELLINDEX, ANYMINIMUMIND, ANYMAXIMUMIND, RATEROWID, BLANKCELLIND, VERSIONNO)
VALUES (85112, 85009, 0, 0, 0, null, 5, '0', '0', 85013, '1', 1);
INSERT INTO RATECELL (RATECELLID, RATECOLUMNID, RATECELLMIN, RATECELLMAX, RATECELLVALUE, RATECELLTYPE, RATECELLINDEX, ANYMINIMUMIND, ANYMAXIMUMIND, RATEROWID, BLANKCELLIND, VERSIONNO)
VALUES (85127, 85010, 0, 0, 0, null, 6, '0', '0', 85013, '1', 1);
INSERT INTO RATECELL (RATECELLID, RATECOLUMNID, RATECELLMIN, RATECELLMAX, RATECELLVALUE, RATECELLTYPE, RATECELLINDEX, ANYMINIMUMIND, ANYMAXIMUMIND, RATEROWID, BLANKCELLIND, VERSIONNO)
VALUES (85142, 85011, 0, 0, 0, null, 7, '0', '0', 85013, '1', 1);
--Quebec
INSERT INTO RATEROW (RATEROWID, RATEHEADERID, RATEROWTYPE, RATEROWINDEX, VERSIONNO)
VALUES (85014, 80021, 'BDMRRT23', 1, 1);
INSERT INTO RATECELL (RATECELLID, RATECOLUMNID, RATECELLMIN, RATECELLMAX, RATECELLVALUE, RATECELLTYPE, RATECELLINDEX, ANYMINIMUMIND, ANYMAXIMUMIND, RATEROWID, BLANKCELLIND, VERSIONNO)
VALUES (85035, 85004, 0, 0, 0, null, 0, '0', '0', 85014, '1', 1);
INSERT INTO RATECELL (RATECELLID, RATECOLUMNID, RATECELLMIN, RATECELLMAX, RATECELLVALUE, RATECELLTYPE, RATECELLINDEX, ANYMINIMUMIND, ANYMAXIMUMIND, RATEROWID, BLANKCELLIND, VERSIONNO)
VALUES (85050, 85005, 0, 0, 0, null, 1, '0', '0', 85014, '1', 1);
INSERT INTO RATECELL (RATECELLID, RATECOLUMNID, RATECELLMIN, RATECELLMAX, RATECELLVALUE, RATECELLTYPE, RATECELLINDEX, ANYMINIMUMIND, ANYMAXIMUMIND, RATEROWID, BLANKCELLIND, VERSIONNO)
VALUES (85065, 85006, 0, 0, 0, null, 2, '0', '0', 85014, '1', 1);
INSERT INTO RATECELL (RATECELLID, RATECOLUMNID, RATECELLMIN, RATECELLMAX, RATECELLVALUE, RATECELLTYPE, RATECELLINDEX, ANYMINIMUMIND, ANYMAXIMUMIND, RATEROWID, BLANKCELLIND, VERSIONNO)
VALUES (85080, 85007, 0, 0, 0, null, 3, '0', '0', 85014, '1', 1);
INSERT INTO RATECELL (RATECELLID, RATECOLUMNID, RATECELLMIN, RATECELLMAX, RATECELLVALUE, RATECELLTYPE, RATECELLINDEX, ANYMINIMUMIND, ANYMAXIMUMIND, RATEROWID, BLANKCELLIND, VERSIONNO)
VALUES (85095, 85008, 0, 0, 0, null, 4, '0', '0', 85014, '1', 1);
INSERT INTO RATECELL (RATECELLID, RATECOLUMNID, RATECELLMIN, RATECELLMAX, RATECELLVALUE, RATECELLTYPE, RATECELLINDEX, ANYMINIMUMIND, ANYMAXIMUMIND, RATEROWID, BLANKCELLIND, VERSIONNO)
VALUES (85110, 85009, 0, 0, 0, null, 5, '0', '0', 85014, '1', 1);
INSERT INTO RATECELL (RATECELLID, RATECOLUMNID, RATECELLMIN, RATECELLMAX, RATECELLVALUE, RATECELLTYPE, RATECELLINDEX, ANYMINIMUMIND, ANYMAXIMUMIND, RATEROWID, BLANKCELLIND, VERSIONNO)
VALUES (85125, 85010, 0, 0, 0.165, null, 6, '0', '0', 85014, '0', 1);
INSERT INTO RATECELL (RATECELLID, RATECOLUMNID, RATECELLMIN, RATECELLMAX, RATECELLVALUE, RATECELLTYPE, RATECELLINDEX, ANYMINIMUMIND, ANYMAXIMUMIND, RATEROWID, BLANKCELLIND, VERSIONNO)
VALUES (85140, 85011, 0, 0, 0, null, 7, '0', '0', 85014, '1', 1);
--Outside Canada
INSERT INTO RATEROW (RATEROWID, RATEHEADERID, RATEROWTYPE, RATEROWINDEX, VERSIONNO)
VALUES (85015, 80021, 'BDMRRT24', 1, 1);
INSERT INTO RATECELL (RATECELLID, RATECOLUMNID, RATECELLMIN, RATECELLMAX, RATECELLVALUE, RATECELLTYPE, RATECELLINDEX, ANYMINIMUMIND, ANYMAXIMUMIND, RATEROWID, BLANKCELLIND, VERSIONNO)
VALUES (85038, 85004, 0, 0, 0, null, 0, '0', '0', 85015, '1', 1);
INSERT INTO RATECELL (RATECELLID, RATECOLUMNID, RATECELLMIN, RATECELLMAX, RATECELLVALUE, RATECELLTYPE, RATECELLINDEX, ANYMINIMUMIND, ANYMAXIMUMIND, RATEROWID, BLANKCELLIND, VERSIONNO)
VALUES (85053, 85005, 0, 0, 0, null, 1, '0', '0', 85015, '1', 1);
INSERT INTO RATECELL (RATECELLID, RATECOLUMNID, RATECELLMIN, RATECELLMAX, RATECELLVALUE, RATECELLTYPE, RATECELLINDEX, ANYMINIMUMIND, ANYMAXIMUMIND, RATEROWID, BLANKCELLIND, VERSIONNO)
VALUES (85068, 85006, 0, 0, 0, null, 2, '0', '0', 85015, '1', 1);
INSERT INTO RATECELL (RATECELLID, RATECOLUMNID, RATECELLMIN, RATECELLMAX, RATECELLVALUE, RATECELLTYPE, RATECELLINDEX, ANYMINIMUMIND, ANYMAXIMUMIND, RATEROWID, BLANKCELLIND, VERSIONNO)
VALUES (85083, 85007, 0, 0, 0, null, 3, '0', '0', 85015, '1', 1);
INSERT INTO RATECELL (RATECELLID, RATECOLUMNID, RATECELLMIN, RATECELLMAX, RATECELLVALUE, RATECELLTYPE, RATECELLINDEX, ANYMINIMUMIND, ANYMAXIMUMIND, RATEROWID, BLANKCELLIND, VERSIONNO)
VALUES (85098, 85008, 0, 0, 0, null, 4, '0', '0', 85015, '1', 1);
INSERT INTO RATECELL (RATECELLID, RATECOLUMNID, RATECELLMIN, RATECELLMAX, RATECELLVALUE, RATECELLTYPE, RATECELLINDEX, ANYMINIMUMIND, ANYMAXIMUMIND, RATEROWID, BLANKCELLIND, VERSIONNO)
VALUES (85113, 85009, 0, 0, 0, null, 5, '0', '0', 85015, '1', 1);
INSERT INTO RATECELL (RATECELLID, RATECOLUMNID, RATECELLMIN, RATECELLMAX, RATECELLVALUE, RATECELLTYPE, RATECELLINDEX, ANYMINIMUMIND, ANYMAXIMUMIND, RATEROWID, BLANKCELLIND, VERSIONNO)
VALUES (85128, 85010, 0, 0, 0, null, 6, '0', '0', 85015, '1', 1);
INSERT INTO RATECELL (RATECELLID, RATECOLUMNID, RATECELLMIN, RATECELLMAX, RATECELLVALUE, RATECELLTYPE, RATECELLINDEX, ANYMINIMUMIND, ANYMAXIMUMIND, RATEROWID, BLANKCELLIND, VERSIONNO)
VALUES (85143, 85011, 0, 0, 0.48, null, 7, '0', '0', 85015, '0', 1);
------------------------------------
--Provincial Surtax
INSERT INTO RATEHEADER (RATEHEADERID, EFFECTIVEDATE, RATETABLETYPE, COMMENTS, RATESTATUS, VERSIONNO)
VALUES (80022, '2022-01-01-00.00.00', 'BDMRTT6', null, 'RS1', 1);
INSERT INTO RATECOLUMN (RATECOLUMNID, RATEHEADERID, PARENTCOLUMNID, RATECOLUMNKEYMIN, RATECOLUMNKEYMAX, RATECOLUMNKEYVALUE, RATECOLUMNTYPE, RATECOLUMNINDEX, ANYMINIMUMIND, ANYMAXIMUMIND, VERSIONNO)
VALUES (85012, 80022, null, 0, 0, 0, 'BDMRCT29', 1, '0', '0', 1);
INSERT INTO RATECOLUMN (RATECOLUMNID, RATEHEADERID, PARENTCOLUMNID, RATECOLUMNKEYMIN, RATECOLUMNKEYMAX, RATECOLUMNKEYVALUE, RATECOLUMNTYPE, RATECOLUMNINDEX, ANYMINIMUMIND, ANYMAXIMUMIND, VERSIONNO)
VALUES (85013, 80022, null, 0, 0, 0, 'BDMRCT30', 1, '0', '0', 1);
--Ontario
INSERT INTO RATEROW (RATEROWID, RATEHEADERID, RATEROWTYPE, RATEROWINDEX, VERSIONNO)
VALUES (85016, 80022, 'BDMRRT20', 1, 1);
INSERT INTO RATECELL (RATECELLID, RATECOLUMNID, RATECELLMIN, RATECELLMAX, RATECELLVALUE, RATECELLTYPE, RATECELLINDEX, ANYMINIMUMIND, ANYMAXIMUMIND, RATEROWID, BLANKCELLIND, VERSIONNO)
VALUES (85144, 85012, 0, 4991, 0, null, 1, '1', '1', 85016, '1', 1);
INSERT INTO RATECELL (RATECELLID, RATECOLUMNID, RATECELLMIN, RATECELLMAX, RATECELLVALUE, RATECELLTYPE, RATECELLINDEX, ANYMINIMUMIND, ANYMAXIMUMIND, RATEROWID, BLANKCELLIND, VERSIONNO)
VALUES (85149, 85013, 0, 0, 0, null, 1, '0', '0', 85016, '0', 1);
INSERT INTO RATECELL (RATECELLID, RATECOLUMNID, RATECELLMIN, RATECELLMAX, RATECELLVALUE, RATECELLTYPE, RATECELLINDEX, ANYMINIMUMIND, ANYMAXIMUMIND, RATEROWID, BLANKCELLIND, VERSIONNO)
VALUES (85145, 85012, 4991.01, 6387, 0, null, 2, '1', '1', 85016, '1', 1);
INSERT INTO RATECELL (RATECELLID, RATECOLUMNID, RATECELLMIN, RATECELLMAX, RATECELLVALUE, RATECELLTYPE, RATECELLINDEX, ANYMINIMUMIND, ANYMAXIMUMIND, RATEROWID, BLANKCELLIND, VERSIONNO)
VALUES (85150, 85013, 0, 0, 20, null, 2, '0', '0', 85016, '0', 1);
INSERT INTO RATECELL (RATECELLID, RATECOLUMNID, RATECELLMIN, RATECELLMAX, RATECELLVALUE, RATECELLTYPE, RATECELLINDEX, ANYMINIMUMIND, ANYMAXIMUMIND, RATEROWID, BLANKCELLIND, VERSIONNO)
VALUES (85146, 85012, 6387.01, 999999999, 0, null, 3, '1', '1', 85016, '1', 1);
INSERT INTO RATECELL (RATECELLID, RATECOLUMNID, RATECELLMIN, RATECELLMAX, RATECELLVALUE, RATECELLTYPE, RATECELLINDEX, ANYMINIMUMIND, ANYMAXIMUMIND, RATEROWID, BLANKCELLIND, VERSIONNO)
VALUES (85151, 85013, 0, 0, 36, null, 3, '0', '0', 85016, '0', 1);
--Prince Edward Island
INSERT INTO RATEROW (RATEROWID, RATEHEADERID, RATEROWTYPE, RATEROWINDEX, VERSIONNO)
VALUES (85017, 80022, 'BDMRRT21', 1, 1);
INSERT INTO RATECELL (RATECELLID, RATECOLUMNID, RATECELLMIN, RATECELLMAX, RATECELLVALUE, RATECELLTYPE, RATECELLINDEX, ANYMINIMUMIND, ANYMAXIMUMIND, RATEROWID, BLANKCELLIND, VERSIONNO)
VALUES (85147, 85012, 0, 12500, 0, null, 1, '1', '1', 85017, '1', 1);
INSERT INTO RATECELL (RATECELLID, RATECOLUMNID, RATECELLMIN, RATECELLMAX, RATECELLVALUE, RATECELLTYPE, RATECELLINDEX, ANYMINIMUMIND, ANYMAXIMUMIND, RATEROWID, BLANKCELLIND, VERSIONNO)
VALUES (85152, 85013, 0, 0, 0, null, 1, '0', '0', 85017, '0', 1);
INSERT INTO RATECELL (RATECELLID, RATECOLUMNID, RATECELLMIN, RATECELLMAX, RATECELLVALUE, RATECELLTYPE, RATECELLINDEX, ANYMINIMUMIND, ANYMAXIMUMIND, RATEROWID, BLANKCELLIND, VERSIONNO)
VALUES (85148, 85012, 12500.01, 999999999, 0, null, 2, '1', '1', 85017, '1', 1);
INSERT INTO RATECELL (RATECELLID, RATECOLUMNID, RATECELLMIN, RATECELLMAX, RATECELLVALUE, RATECELLTYPE, RATECELLINDEX, ANYMINIMUMIND, ANYMAXIMUMIND, RATEROWID, BLANKCELLIND, VERSIONNO)
VALUES (85153, 85013, 0, 0, 10, null, 2, '0', '0', 85017, '0', 1);
--------------------------------------
--Health Premium
INSERT INTO RATEHEADER (RATEHEADERID, EFFECTIVEDATE, RATETABLETYPE, COMMENTS, RATESTATUS, VERSIONNO)
VALUES (87000, '2022-01-01-00.00.00', 'BDMRTT7', null, 'RS1', 1);
INSERT INTO RATECOLUMN (RATECOLUMNID, RATEHEADERID, PARENTCOLUMNID, RATECOLUMNKEYMIN, RATECOLUMNKEYMAX, RATECOLUMNKEYVALUE, RATECOLUMNTYPE, RATECOLUMNINDEX, ANYMINIMUMIND, ANYMAXIMUMIND, VERSIONNO)
VALUES (87000, 87000, null, 0, 0, 0, 'BDMRCT31', 1, '0', '0', 1);
INSERT INTO RATECOLUMN (RATECOLUMNID, RATEHEADERID, PARENTCOLUMNID, RATECOLUMNKEYMIN, RATECOLUMNKEYMAX, RATECOLUMNKEYVALUE, RATECOLUMNTYPE, RATECOLUMNINDEX, ANYMINIMUMIND, ANYMAXIMUMIND, VERSIONNO)
VALUES (87001, 87000, null, 0, 0, 0, 'BDMRCT32', 2, '0', '0', 1);
INSERT INTO RATECOLUMN (RATECOLUMNID, RATEHEADERID, PARENTCOLUMNID, RATECOLUMNKEYMIN, RATECOLUMNKEYMAX, RATECOLUMNKEYVALUE, RATECOLUMNTYPE, RATECOLUMNINDEX, ANYMINIMUMIND, ANYMAXIMUMIND, VERSIONNO)
VALUES (87002, 87000, null, 0, 0, 0, 'BDMRCT33', 3, '0', '0', 1);
INSERT INTO RATECOLUMN (RATECOLUMNID, RATEHEADERID, PARENTCOLUMNID, RATECOLUMNKEYMIN, RATECOLUMNKEYMAX, RATECOLUMNKEYVALUE, RATECOLUMNTYPE, RATECOLUMNINDEX, ANYMINIMUMIND, ANYMAXIMUMIND, VERSIONNO)
VALUES (87003, 87000, null, 0, 0, 0, 'BDMRCT34', 4, '0', '0', 1);
--Ontario
INSERT INTO RATEROW (RATEROWID, RATEHEADERID, RATEROWTYPE, RATEROWINDEX, VERSIONNO)
VALUES (87000, 87000, 'BDMRRT20', 1, 1);
INSERT INTO RATECELL (RATECELLID, RATECOLUMNID, RATECELLMIN, RATECELLMAX, RATECELLVALUE, RATECELLTYPE, RATECELLINDEX, ANYMINIMUMIND, ANYMAXIMUMIND, RATEROWID, BLANKCELLIND, VERSIONNO)
VALUES (87000, 87000, 0, 20000, 0, null, 1, '1', '1', 87000, '1', 1);
INSERT INTO RATECELL (RATECELLID, RATECOLUMNID, RATECELLMIN, RATECELLMAX, RATECELLVALUE, RATECELLTYPE, RATECELLINDEX, ANYMINIMUMIND, ANYMAXIMUMIND, RATEROWID, BLANKCELLIND, VERSIONNO)
VALUES (87001, 87001, 0, 0, 0, null, 1, '0', '0', 87000, '0', 1);
INSERT INTO RATECELL (RATECELLID, RATECOLUMNID, RATECELLMIN, RATECELLMAX, RATECELLVALUE, RATECELLTYPE, RATECELLINDEX, ANYMINIMUMIND, ANYMAXIMUMIND, RATEROWID, BLANKCELLIND, VERSIONNO)
VALUES (87002, 87002, 0, 0, 0, null, 1, '0', '0', 87000, '0', 1);
INSERT INTO RATECELL (RATECELLID, RATECOLUMNID, RATECELLMIN, RATECELLMAX, RATECELLVALUE, RATECELLTYPE, RATECELLINDEX, ANYMINIMUMIND, ANYMAXIMUMIND, RATEROWID, BLANKCELLIND, VERSIONNO)
VALUES (87003, 87003, 0, 0, 0, null, 1, '0', '0', 87000, '0', 1);
INSERT INTO RATECELL (RATECELLID, RATECOLUMNID, RATECELLMIN, RATECELLMAX, RATECELLVALUE, RATECELLTYPE, RATECELLINDEX, ANYMINIMUMIND, ANYMAXIMUMIND, RATEROWID, BLANKCELLIND, VERSIONNO)
VALUES (87004, 87000, 20000.01, 36000, 0, null, 2, '1', '1', 87000, '1', 1);
INSERT INTO RATECELL (RATECELLID, RATECOLUMNID, RATECELLMIN, RATECELLMAX, RATECELLVALUE, RATECELLTYPE, RATECELLINDEX, ANYMINIMUMIND, ANYMAXIMUMIND, RATEROWID, BLANKCELLIND, VERSIONNO)
VALUES (87005, 87001, 0, 0, 300, null, 2, '0', '0', 87000, '0', 1);
INSERT INTO RATECELL (RATECELLID, RATECOLUMNID, RATECELLMIN, RATECELLMAX, RATECELLVALUE, RATECELLTYPE, RATECELLINDEX, ANYMINIMUMIND, ANYMAXIMUMIND, RATEROWID, BLANKCELLIND, VERSIONNO)
VALUES (87006, 87002, 0, 0, 0, null, 2, '0', '0', 87000, '0', 1);
INSERT INTO RATECELL (RATECELLID, RATECOLUMNID, RATECELLMIN, RATECELLMAX, RATECELLVALUE, RATECELLTYPE, RATECELLINDEX, ANYMINIMUMIND, ANYMAXIMUMIND, RATEROWID, BLANKCELLIND, VERSIONNO)
VALUES (87007, 87003, 0, 0, 6, null, 2, '0', '0', 87000, '0', 1);
INSERT INTO RATECELL (RATECELLID, RATECOLUMNID, RATECELLMIN, RATECELLMAX, RATECELLVALUE, RATECELLTYPE, RATECELLINDEX, ANYMINIMUMIND, ANYMAXIMUMIND, RATEROWID, BLANKCELLIND, VERSIONNO)
VALUES (87008, 87000, 36000.01, 48000, 0, null, 3, '1', '1', 87000, '1', 1);
INSERT INTO RATECELL (RATECELLID, RATECOLUMNID, RATECELLMIN, RATECELLMAX, RATECELLVALUE, RATECELLTYPE, RATECELLINDEX, ANYMINIMUMIND, ANYMAXIMUMIND, RATEROWID, BLANKCELLIND, VERSIONNO)
VALUES (87009, 87001, 0, 0, 450, null, 3, '0', '0', 87000, '0', 1);
INSERT INTO RATECELL (RATECELLID, RATECOLUMNID, RATECELLMIN, RATECELLMAX, RATECELLVALUE, RATECELLTYPE, RATECELLINDEX, ANYMINIMUMIND, ANYMAXIMUMIND, RATEROWID, BLANKCELLIND, VERSIONNO)
VALUES (87010, 87002, 0, 0, 300, null, 3, '0', '0', 87000, '0', 1);
INSERT INTO RATECELL (RATECELLID, RATECOLUMNID, RATECELLMIN, RATECELLMAX, RATECELLVALUE, RATECELLTYPE, RATECELLINDEX, ANYMINIMUMIND, ANYMAXIMUMIND, RATEROWID, BLANKCELLIND, VERSIONNO)
VALUES (87011, 87003, 0, 0, 6, null, 3, '0', '0', 87000, '0', 1);
INSERT INTO RATECELL (RATECELLID, RATECOLUMNID, RATECELLMIN, RATECELLMAX, RATECELLVALUE, RATECELLTYPE, RATECELLINDEX, ANYMINIMUMIND, ANYMAXIMUMIND, RATEROWID, BLANKCELLIND, VERSIONNO)
VALUES (87012, 87000, 48000.01, 72000, 0, null, 4, '1', '1', 87000, '1', 1);
INSERT INTO RATECELL (RATECELLID, RATECOLUMNID, RATECELLMIN, RATECELLMAX, RATECELLVALUE, RATECELLTYPE, RATECELLINDEX, ANYMINIMUMIND, ANYMAXIMUMIND, RATEROWID, BLANKCELLIND, VERSIONNO)
VALUES (87013, 87001, 0, 0, 600, null, 4, '0', '0', 87000, '0', 1);
INSERT INTO RATECELL (RATECELLID, RATECOLUMNID, RATECELLMIN, RATECELLMAX, RATECELLVALUE, RATECELLTYPE, RATECELLINDEX, ANYMINIMUMIND, ANYMAXIMUMIND, RATEROWID, BLANKCELLIND, VERSIONNO)
VALUES (87014, 87002, 0, 0, 450, null, 4, '0', '0', 87000, '0', 1);
INSERT INTO RATECELL (RATECELLID, RATECOLUMNID, RATECELLMIN, RATECELLMAX, RATECELLVALUE, RATECELLTYPE, RATECELLINDEX, ANYMINIMUMIND, ANYMAXIMUMIND, RATEROWID, BLANKCELLIND, VERSIONNO)
VALUES (87015, 87003, 0, 0, 25, null, 4, '0', '0', 87000, '0', 1);
INSERT INTO RATECELL (RATECELLID, RATECOLUMNID, RATECELLMIN, RATECELLMAX, RATECELLVALUE, RATECELLTYPE, RATECELLINDEX, ANYMINIMUMIND, ANYMAXIMUMIND, RATEROWID, BLANKCELLIND, VERSIONNO)
VALUES (87016, 87000, 72000.01, 200000, 0, null, 5, '1', '1', 87000, '1', 1);
INSERT INTO RATECELL (RATECELLID, RATECOLUMNID, RATECELLMIN, RATECELLMAX, RATECELLVALUE, RATECELLTYPE, RATECELLINDEX, ANYMINIMUMIND, ANYMAXIMUMIND, RATEROWID, BLANKCELLIND, VERSIONNO)
VALUES (87017, 87001, 0, 0, 750, null, 5, '0', '0', 87000, '0', 1);
INSERT INTO RATECELL (RATECELLID, RATECOLUMNID, RATECELLMIN, RATECELLMAX, RATECELLVALUE, RATECELLTYPE, RATECELLINDEX, ANYMINIMUMIND, ANYMAXIMUMIND, RATEROWID, BLANKCELLIND, VERSIONNO)
VALUES (87018, 87002, 0, 0, 600, null, 5, '0', '0', 87000, '0', 1);
INSERT INTO RATECELL (RATECELLID, RATECOLUMNID, RATECELLMIN, RATECELLMAX, RATECELLVALUE, RATECELLTYPE, RATECELLINDEX, ANYMINIMUMIND, ANYMAXIMUMIND, RATEROWID, BLANKCELLIND, VERSIONNO)
VALUES (87019, 87003, 0, 0, 25, null, 5, '0', '0', 87000, '0', 1);
INSERT INTO RATECELL (RATECELLID, RATECOLUMNID, RATECELLMIN, RATECELLMAX, RATECELLVALUE, RATECELLTYPE, RATECELLINDEX, ANYMINIMUMIND, ANYMAXIMUMIND, RATEROWID, BLANKCELLIND, VERSIONNO)
VALUES (87020, 87000, 200000.01, 999999999, 0, null, 6, '1', '1', 87000, '1', 1);
INSERT INTO RATECELL (RATECELLID, RATECOLUMNID, RATECELLMIN, RATECELLMAX, RATECELLVALUE, RATECELLTYPE, RATECELLINDEX, ANYMINIMUMIND, ANYMAXIMUMIND, RATEROWID, BLANKCELLIND, VERSIONNO)
VALUES (87021, 87001, 0, 0, 900, null, 6, '0', '0', 87000, '0', 1);
INSERT INTO RATECELL (RATECELLID, RATECOLUMNID, RATECELLMIN, RATECELLMAX, RATECELLVALUE, RATECELLTYPE, RATECELLINDEX, ANYMINIMUMIND, ANYMAXIMUMIND, RATEROWID, BLANKCELLIND, VERSIONNO)
VALUES (87022, 87002, 0, 0, 750, null, 6, '0', '0', 87000, '0', 1);
INSERT INTO RATECELL (RATECELLID, RATECOLUMNID, RATECELLMIN, RATECELLMAX, RATECELLVALUE, RATECELLTYPE, RATECELLINDEX, ANYMINIMUMIND, ANYMAXIMUMIND, RATEROWID, BLANKCELLIND, VERSIONNO)
VALUES (87023, 87003, 0, 0, 25, null, 6, '0', '0', 87000, '0', 1);
--------------------------------------