<?xml version="1.0" encoding="UTF-8"?>

<messages package="curam.ca.gc.bdm.message">
  <message name="ERR_AN_OPEN_STATUS_FE_CASE_EXIST">
    <locale language="en">An "Open" status Foreign Engagement Case already exists for this Person/Prospect Person for the selected Country.</locale>
  </message>
  <message name="ERR_RECEIVED_DATE_CANNOT_BE_IN_FUTURE">
    <locale language="en">'Received Date' must not be a future date.</locale>
  </message>
  <message name="ERR_START_DATE_MUSTNOT_BE_ENTERED_EARLIER_THAN_RECIEVED_DATE">
    <locale language="en">'Start Date' must not be earlier than ‘Received Date’.</locale>
  </message>
  <message name="ERR_FOREIGN_OFFICE_ENTERED_BESS_CANNOT_BE_SELECTED">
    <locale language="en">If 'Foreign Office' is entered then 'BESS' must not be entered.</locale>
  </message>
  <message name="ERR_YOU_CANNOT_MODIFY_THIS_RECORD">
    <locale language="en">You cannot modify this record as it has been deleted. </locale>
  </message>  
  <message name="ERR_YOU_CANNOT_DELETE_THIS_RECORD_ALREADY_DELETED">
    <locale language="en">This record has already been deleted.</locale>
  </message>
  <message name="ERR_YOU_CANNOT_DELETE_THIS_RECORD_SINCE_COMPLETED">
    <locale language="en">You cannot delete this record as it has been Completed.</locale>
  </message>
  <message name="ERR_RECORD_CANNOT_BE_DELETED_SINCE_AN_ACTIVE_LIAISON">
    <locale language="en">This record cannot be deleted as it is associated to an Active Liaison.</locale>
  </message>
  <message name="ERR_RECORD_CANNOT_BE_DELETED_SINCE_AN_ACTIVE_LIAISON_OR_ACTIVE_FA_EXIST">
    <locale language="en">This record cannot be deleted as it is associated to an Active Foreign Liaison or Foreign Application.</locale>
  </message>
  <message name="ERR_COUNTRY_CANNOT_BE_MODIFIED_SINCE_ACTIVE_LIAISON_OR_ACTIVE_FA_EXIST">
    <locale language="en">The 'Country' cannot be modified. Please ensure the Record Status of Foreign Applications and Foreign Liaisons is 'Cancelled'.</locale>
  </message>  
  
  <message name="ERR_FRGN_LIASN_DATE_CANNOT_BE_IN_FUTURE">
    <locale language="en">The 'Date' entered must not be in the future.</locale>
  </message>
  <message name="ERR_FRGN_LIASN_CHECKLIST_MUST_BE_ENTERED">
    <locale language="en">At least one information type must be selected from the checklist.</locale>
  </message>    
  <message name="ERR_FRGN_LIASN_DESCRIPTION_MUST_BE_ENTERED">
    <locale language="en">If 'Other' is selected then a 'Description' must be entered.</locale>
  </message>   
  <message name="ERR_FRGN_LIASN_OTHER_MUST_BE_SELECTED">
    <locale language="en">If a 'Description' is entered then 'Other' must be selected.</locale>
  </message>       
  <message name="ERR_FRGN_IDENTIFIER_DOES_NOT_MATCH">
    <locale language="en">The Foreign Identifier value entered for the Liaison and its associated Foreign Application(s) does not match.</locale>
  </message>     
  <message name="ERR_FRGN_LIASN_RECORD_ALREADY_DELETED">
    <locale language="en">This record has already been deleted.</locale>
  </message>
  <message name="ERR_FRGN_LIASN_RECORD_CANNOT_BE_DELETED">
    <locale language="en">This record cannot be deleted as it is associated to an Active Liaison.</locale>
  </message>
  <message name="ERR_FRGN_LIASN_BESS_CANNOT_BE_ENTERED">
    <locale language="en">If 'Direction' is Outgoing then 'BESS' cannot be entered.</locale>
  </message> 
  <message name="ERR_FRGN_LIASN_DATE_MUST_BE_ENTERED">
    <locale language="en">'Date' must be entered.</locale>
  </message>  
  <message name="ERR_FRGN_LIASN_DIRECTION_MUST_BE_ENTERED">
    <locale language="en">'Direction' must be entered.</locale>
  </message>
  <!-- Ex. CASE WORKER on 10/7/2022 13:43:58  -->
  <message name="INF_FRGN_LIASN_HIST_UPDATED_BY_TEXT">
    <locale language="en">%1s on %2z</locale>
  </message>
  <!-- START : TASK 93726 Add validation message -->
  <message name="ERR_FILE_LOCATION_FILE_REFERENCE_MUST_BE_SPECIFIED">
    <locale language="en">File Location and File Reference must be specified.</locale>
  </message>
  <!-- END : TASK 93726 Add validation message -->

  <!-- START : TASK 95582 -->
  <message name="ERR_INTERIM_CHK_BOX_SELECTED_SPECIFY_NOT_ENTERED">
    <locale language="en">If interim check box 'Other' is selected then 'Specify' must be completed.</locale>
  </message>
  <message name="ERR_INTERIM_CHK_BOX_SELECTED_BESS_CANNOT_BE_SELECTED">
    <locale language="en">If ‘Interim’ is selected then 'BESS' must not be selected.</locale>
  </message> 
  <!-- END : TASK 95582 -->
  <message name="ERR_CLIENT_MUST_BE_SELECTED">
    <locale language="en">‘Client Consent Received’ must be selected when the ‘Application Type’ is ‘Interim’ and ‘Country’ is ‘United States’.</locale>
  </message> 
  
  
  <!-- START: Bug 102747: INT Defect - Multiple issues when adding attachment to the FEC case. -->
  <message name="ERR_CLICK_NEXT_TO_LINK_FA">
    <locale language="en">When 'Foreign Application' or 'Foreign Application-Additional' document is selected then must click Next to link the Foreign Application .</locale>
  </message> 
  
  <message name="ERR_SELECT_FA_TO_LINK">
    <locale language="en">When Foreign Application or Foreign Application-Additional document is selected then must select a link to Foreign Application to link.</locale>
  </message> 
  
  <message name="ERR_DESCRIPTION_MUST_BE_ENTERED">
    <locale language="en">'Description' must be entered.</locale>
  </message> 
  
  <!-- END: Bug 102747: INT Defect - Multiple issues when adding attachment to the FEC case. -->
  
   
  
</messages>
