<?xml version="1.0" encoding="UTF-8"?>
<messages package="curam.ca.gc.bdm.message">
  <message name="BDM_DECD_REQUEST_FOR_CALLBACK_TASK_SUBJECT">
    <locale language="en">%1s %2s Call Back Required for %3s.</locale>
  </message>
  <message name="BDM_DECD_REQUEST_FOR_CALLBACK_TASK_DETAILS">
	<locale language="en">Details are as following: \nPhone Number:  %1s \nLanguage of Communication: %2s \nPreferred Contact Time of the day: %3s \nBenefit Type: %4s \nSIN: %5s \nDiscussion Topic: %6s \nIssue/Concern Details: %7s \nEmail: %8s \nAccessibility Details: %9s</locale>
  </message>
</messages>