<?xml version="1.0" encoding="UTF-8"?>
<!--
  Licensed Materials - Property of IBM
 
  Copyright IBM Corporation 2012. All Rights Reserved.

  US Government Users Restricted Rights - Use, duplication or disclosure 
  restricted by GSA ADP Schedule Contract with IBM Corp.
-->
<!--
Copyright (c) 2005-2011 Curam Software Ltd.
All rights reserved.

This software is the confidential and proprietary information of Curam
Software, Ltd. ("Confidential Information").  You shall not
disclose such Confidential Information and shall use it only in accordance
with the terms of the license agreement you entered into with Curam Software.
-->
<messages package="curam.message">
  <message name="INF_SKILL_TYPE_LABEL">
    <locale language="en">Skill type</locale>
  </message>

  <!-- Start: Task 81173 -->
  <message name="INF_URGENT_FLAGS_LABEL">
    <locale language="en">Urgent Flags</locale>
  </message>

  <message name="INF_ESCALATION_LEVEL_LABEL">
    <locale language="en">Escalation Level</locale>
  </message>
  <!-- Start: Task 81173 -->
  
  <!-- Start: Feature 90148 -->
  <message name="INF_TASK_CATEGORY_LABEL">
    <locale language="en">Category</locale>
  </message>

  <message name="INF_TASK_TYPE_LABEL">
    <locale language="en">Type</locale>
  </message>
  <!-- Start: Feature 90148 -->

  <!-- START: Task 94070: DEV: Person Attachment Task Implementation -->
  <message name="INF_PERSON_ATTACHMENT_TASK_MSG">
    <locale language="en">Received %1d - %2s Document Upload %3s for %4s %5n</locale>
  </message>
  <message name="INF_FECASE_ATTACHMENT_TASK_MSG">
    <locale language="en">Received %1d - %2s  Document Uploaded %3s %4s %5n %6s for %7s %8n</locale>
  </message>  
  <!-- END: Task 94070: DEV: Person Attachment Task Implementation -->
  
   <message name="INF_FECASE_FOREIGN_APPLICATION_DOCUMENT_ATTACHMENT_TASK_MSG">
    <locale language="en">Received %1d - %2s  Foreign Application %3s %4n created %5s %6n %7s for %8s %9s</locale>
  </message>   

   <message name="INF_INTERIM_APPLICATION_PERSON_ATTACHMENT_TASK_MSG">
    <locale language="en">Received %1d - %2s %3s Requires Attention Request for %4s %5n</locale>
  </message>  
   <message name="INF_INTERIM_APPLICATION_IC_ATTACHMENT_TASK_MSG">
    <locale language="en">Received %1d - %2s Enquiry - %3s Requires Attention %4s %5n Request for %6s %7n</locale>
  </message>   
   <message name="INF_PRIVACY_REQUEST_PERSON_ATTACHMENT_TASK_MSG">
    <locale language="en">Received %1d %2s %3s %4s Request for Person %5s - %6n</locale>
  </message>  
   <message name="INF_PRIVACY_REQUEST_IC_ATTACHMENT_TASK_MSG">
    <locale language="en">Received %1d %2s %3s %4s Request for %5s %6s - %7s %8s</locale>
  </message>     
  <!-- BEGIN BUG 98492: Fix for Evidence Task  -->
   <message name="INF_EVIDENCE_CREATION_APPROVAL_TASK_MSG">
    <locale language="en">%1s Evidence of type %2s %3s %4n requires Approval.</locale>
  </message>    
  <!-- END BUG 98492: Fix for Evidence Task  -->
</messages>
