<?xml version="1.0" encoding="UTF-8"?>
<messages package="curam.ca.gc.bdm.message">
  <!-- BEGIN - TASK 7096 - Task Subject for Communication Failed task-->
  <message name="ERR_COMMUNICATION_FAILED_TASK_SUBJECT">
    <locale language="en">VSG01 Missing Language Preference for %1s - %2s. </locale>
  </message>
  <!-- END - TASK 7096 - Task Subject for Communication Failed task -->
  <!-- BEGIN - TASK 7096 - Task Subject for Communication Failed task-->
  <message name="ERR_COMMUNICATION_SUBMIT_ERROR_TASK_SUBJECT">
    <locale language="en">Communication could not be submitted for %1s - %2s. Submission Error occur.</locale>
  </message>
  <!-- END - TASK 7096 - Task Subject for Communication Failed task -->
  <!-- BEGIN - TASK 7103 - Task Subject for Communication Failed task-->
  <message name="VOID_COMMUNICATION_TASK_SUBJECT">
    <locale language="en">Void correspondence for %1s - %2n Void correspondence for Case - %3n.</locale>
  </message>
  <message name="RETURNED_COMMUNICATION_TASK_SUBJECT">
    <locale language="en">VSG01-English Undelivered Mail for %1s - %2n</locale>
  </message>
  <message name="MISDIRECTED_COMMUNICATION_TASK_SUBJECT">
    <locale language="en">VSG02-English Misdirected correspondence for %1s - %2n</locale>
  </message>
  <message name="MSWORD_COMMUNICATION_TASK_SUBJECT">
    <locale language="en">MsWord correspondence for %1s - %2n Void correspondence for Case - %3n.</locale>
  </message>
  <!-- END - TASK 7103 - Task Subject for Communication Failed task -->
</messages>
