<?xml version="1.0" encoding="UTF-8"?>
<messages package="curam.ca.gc.bdm.message">
  <!-- BEGIN - TASK 12381 - Cancelled Payments Task  -->
  <message name="ERR_MULTIPLE_PERSON_MATCHES">
    <locale language="en">Multiple person records were found for memberID %1s.</locale>
  </message>
  <message name="ERR_NO_PERSON_MATCHES">
    <locale language="en">No person records found for memberID %1s.</locale>
  </message>
  <message name="ERR_NO_RECORD_FOUND">
    <locale language="en">No payment was found corresponding to the reference number.</locale>
  </message>
  <message name="ERR_PMT_NOT_ISSUED">
    <locale language="en">Cannot cancel a payment that is not in issued status.</locale>
  </message>
  <!-- END - TASK 12381 - Cancelled Payments Task  -->
</messages>
