<?xml version="1.0" encoding="UTF-8"?>
<messages package="curam.ca.gc.bdm.message">
  <!-- START TASK 14019 -->
  <message name="ERR_PROFORMA_DOCUMENT_SUBMISSION">
    <locale language="en">None of the benefit denial reason can be applied to the letter. Please review case.</locale>
  </message>
  <!-- END TASK 14019 -->

  <!-- BEGIN Task 19912 - GC Notify payment notifications -->  
    <message name="ERR_GCNOTIFY_PAYMENT_ISSUED_MESSAGE">
        <locale language="en">The GC Notify for the payment instrument creation is failed.</locale>
    </message>     
  <!-- END Task 19912 -->   
  
  <!-- BEGIN Task 8949 - Resubmit communication -->  
    <message name="ERR_CONCERN_ROLE_COMM_RV_NOT_SENT">
        <locale language="en">Only communications with a status of sent can be resubmitted.</locale>
    </message>     
  <!-- END Task 8949 -->  
  
  <!-- BEGIN Task 56106  submit communication -->  
  
     <message name="ERR_PROFORMA_COMMUNICATION_MISSING_REQUIRED_DATA">
        <locale language="en">'X' is missing and is required for this template.</locale>
    </message>    
  <!-- END Task  56106  submit communication -->  
</messages>