<?xml version="1.0" encoding="UTF-8"?>
<messages package="curam.ca.gc.bdm.message">
  <!-- BEGIN - TASK 7966 - CKwong - Deduction Priority  -->
  <message name="ERR_DEDUCTIONS_EXCEED_LIMIT">
    <locale language="en">The number of %1s deductions on this case have exceeded the limit of %2n maximum deductions.</locale>
  </message>

  <!-- END - TASK 7966 - CKwong - Deduction Priority -->
  
  <!--BEGIN - TASK 9819 - PSUBBAGARI - User Access for Deduction Creation-->
  <message name="ERR_DEDUCTION_TYPE_CREATION_NOT_ALLOWED">
    <locale language="en">Creation of Deduction Type %1s on this case is not allowed by the user</locale>
  </message>
  <!--END - TASK 9819 - PSUBBAGARI - User Access for Deduction Creation-->
  
  <!--BEGIN - TASK 16272 - CK - Third Party Deduction Mapping -->
  <message name="ERR_THIRD_PARTY_CONCERN_ROLE_MISSING">
    <locale language="en">The third party concern role must be filled out for third party deductions.</locale>
  </message>
  <message name="ERR_THIRD_PARTY_CONCERN_ROLE_INVALID">
    <locale language="en">The third party concern role ID does not exist.</locale>
  </message>
  <message name="ERR_LIABILITY_SET_FOR_ANOTHER_DEDUCTION">
    <locale language="en">The selected external liability is already applied to the %1c deduction.</locale>
  </message>
  <!--END - TASK 16272 - CK - Third Party Deduction Mapping -->
</messages>
