<?xml version="1.0" encoding="UTF-8"?>
<messages package="curam.ca.gc.bdm.message">
  <message name="ERR_PREFERED_EMAIL_WILL_BE_DELETED">
    <locale language="en">A preferred email will be deleted</locale>
  </message>
  <message name="ERR_PREFERED_PHONE_WILL_BE_DELETED">
    <locale language="en">Telephone Number is marked as the preferred phone number. Are you sure you want to delete this evidence?</locale>
  </message>
  <message name="ERR_IDENTIFICATION_CANNOT_BE_DELETED">
    <locale language="en">The identification type cannot be deleted.</locale>
  </message>
  <!-- TASK: 5344 : START JP -->
  <message name="ERR_PHOENUM_CANNOT_BE_DELETED">
    <locale language="en">The phone number has been chosen to receive alerts, please unselect the option, before deleting.</locale>
  </message>
  <!-- TASK: 5344 : END JP -->
  <!-- TASK 5540 JP -->
  <message name="ERR_ATLEAST_1_RESIDENTIAL_MUST_BE_PRESENT">
    <locale language="en">At least one residential address must be present in the system</locale>
  </message>
  <message name="ERR_ATLEAST_1_MAILING_MUST_BE_PRESENT">
    <locale language="en">At least one mailing address must be present in the system</locale>
  </message>
  <!-- TASK 5540 JP -->
  <message name="ERR_CONTACT_PREFERENCE_CANNOT_BE_DELETED">
    <locale language="en">A Contact Preferences record must exist. This record cannot be deleted.</locale>
  </message>
  <!--START TASK 9845 -->
  <message name="ERR_EMAIL_CANNOT_BE_DELETED">
    <locale language="en">The email address has been chosen to receive alerts, please unselect the option, before deleting.</locale>
  </message>
  <!--END TASK 9845 -->
  <message name="ERR_CONTACT_PREFERENCE_COMM_MODIFY">
    <locale language="en">Changing the preferred method of correspondence will update the communication method field on all communications for the person where communication status = 'Draft' or 'Submitted' to reflect the new value.</locale>
  </message>
  <!-- START TASK 7093 -->
  <message name="ERR_MAILING_ADDRESS_FORMAT_INCORRECT">
    <locale language="en">The mailing address format is incorrect. Please verify your address details.</locale>
  </message>
  <!-- END TASK 7093 -->
  <!-- START TASK 14757 -->
  <message name="ERR_REF_NUM_MODIFIED">
      <locale language="en">The Reference Number Identification cannot be modified.</locale>
  </message>
  <!-- END TASK 14757 -->
  <!-- BEGIN TASK 12976 -->
  <message name="ERR_BANK_ACCOUNT_CANNOT_DELETE_USED_FOR_PAYMENT">
    <locale language="en">The bank account cannot be deleted since payment has been issued to this account. Please consider end dating the record. </locale>
  </message>
  <!-- END TASK 12976 -->
    <message name="ERR_POSTAL_CODE_MANDATORY">
    <locale language="en">Postal Code should be Entered for Address Search.</locale>
  </message>
    <message name="ERR_ADDRESS_SELECT">
    <locale language="en">Please select one of the addresses in the list.</locale>
  </message>
  <message name="ERR_BANK_ACCOUNT_CANNOT_MODIFY_LINK_EXISTS">
    <locale language="en">Bank-Program Link exists for this Bank. Bank information cannot be modified.</locale>
  </message>
  <message name="ERR_ATTESTEE_IS_MANDATORY">
    <locale language="en">Attestee is mandatory when the change reason is 'Reported by Client', 'Reported by Client via Life Event', or 'Reported by External Party'.</locale>
  </message>
  <message name="ERR_ATTESTATION_CHECKBOX_MANDATORY">
    <locale language="en">Attestee must agree to the attestation when the change reason is 'Reported by Client', 'Reported by Client via Life Event', or 'Reported by External Party'.</locale>
  </message>
  <message name="ERR_ATTESTATION_NO_CHANGE">
    <locale language="en">The Attestation cannot be modified. Please ensure the Attestation content is changed back to the original content.</locale>
  </message>
  <message name="ERR_ATTESTEE_IS_MANDATORY_WHEN_INSERT">
    <locale language="en">Attestee is mandatory</locale>
  </message>
  <message name="ERR_ATTESTATION_CHECKBOX_MANDATORY_WHEN_INSERT">
    <locale language="en">Does the Attestee agree with the attestation?” must be specified when creating a new evidence record</locale>
  </message>
  <message name="WARNING_ONLY_TAX_CREDIT_EVIDENCE">
    <locale language="en">This is the only Active Tax Credit evidence for the person.</locale>
  </message>

	<!-- BEGIN 61872 DEV: Address Changes -->
	<message name="ERR_RESTRICTED_COUNTRY">
		<locale language="en">The Address information received from the selected SSA Country must be added at the Foreign Engagement case level.</locale>
	</message>
	<message name="ERR_FOREIGN_GOVT_REQUIRED_FIELDS">
		<locale language="en">'Received from Country' and 'Mode of Receipt' must be selected if 'Received From' is selected as 'Foreign Government'.</locale>
	</message>
	<message name="ERR_FOREIGN_GOVT_EXCLUSIVE_FIELDS">
		<locale language="en">'Received from Country' and 'Mode of Receipt' must be selected only if 'Received From' is selected as 'Foreign Government'.</locale>
	</message>
	<message name="ERR_ADDRESS_MISMATCH">
		<locale language="en">The Residential address does not match the Mailing address.</locale>
	</message>
	<!-- END 61872 DEV: Address Changes -->

  <message name="ERR_CANNOT_DELETE_VTW_EVIDENCE">
    <locale language="en">Evidence cannot be deleted as the deduction has already been applied.</locale>
  </message>
  <message name="ERR_CANNOT_MODIFY_VTW_EVIDENCE">
    <locale language="en">The start date cannot be modified as the deduction has already been applied.</locale>
  </message>
  
  <!--  BEGIN 90018 DEV: Evidence- creditable residency period in Canada -->
  <message name="ERR_NO_ASSOCIATED_ISSUE">
    <locale language="en">Evidence record has no associated Issue. Set Resolution value to blank.</locale>
  </message>
  <message name="ERR_RESOLVE_ASSOCIATED_ISSUE">
    <locale language="en">Evidence record cannot be activated. Resolve associated issue.</locale>
  </message>
  <!-- END 90018 DEV: Evidence- creditable residency period in Canada -->
  
  <!--  BEGIN BUG 107703: Evidence- Foreign Identifier Delete validation message -->
   <message name="ERR_BDM_FOREIGN_IDENTIFIER_IDENTIFICATION_CANNOT_BE_DELETED">
    <locale language="en">This record cannot be deleted as it is associated to an Active Liaison or Foreign Application.</locale>
  </message>
  <!--  END BUG 107703: -->
  
</messages>