<?xml version="1.0" encoding="UTF-8"?>
<messages package="curam.ca.gc.bdm.message">
<!-- BEGIN Task 64685 SSA Countries-->
  <message name="ERR_SEARCH_MANDATORY_MISSING">
    <locale language="en">Reference or partial Name criteria are required.</locale>
  </message>
  <message name="ERR_SEARCH_PROVINCE">
    <locale language="en">Province, State or Territory field must contain at least 2 alphanumeric characters.</locale>
  </message>
  <message name="ERR_SEARCH_POSTALCODE">
    <locale language="en">Postal or Zip Code field must contain at least 3 alphanumeric characters.</locale>
  </message>
    <message name="ERR_SEARCH_PO_RESIDENTIAL">
    <locale language="en"> PO Box/Rural Route/General Delivery field must contain at least 2 alphanumeric characters.</locale>
  </message>
  <message name="ERR_SEARCH_CITY">
    <locale language="en">City, Town or Village field must contain at least 2 alphanumeric characters.</locale>
  </message>
  <message name="ERR_SEARCH_STREET_NUMBER_OR_STREET_ONE">
    <locale language="en">Street Number or Street 1 field must contain at least 2 alphanumeric character.</locale>
  </message>  
  <message name="ERR_SEARCH_STREET_NAME_OR_STREET_TWO">
    <locale language="en">Street Name or Street 2 field must contain at least 2 alphanumeric characters.</locale>
  </message>   
  
  <message name="ERR_EXT_PARTY_NAME_COUNTRY_ALREADY_EXISTS">
    <locale language="en">'External Party Name' country entered already exists</locale>
  </message> 
  <message name="ERR_DATE_OF_ENTRY_INTO_FORCE_CAN_NOT_BE_ENTERED">
    <locale language="en">'Date of Entry into Force' must remain blank if 'Status of Agreement' is 'Not in Force'.</locale>
  </message> 
  <message name="ERR_DATE_OF_REVISED_AGREEMENT_MUST_BE_AFTER_DATE_OF_ENTRY_INTO_FORCE">
    <locale language="en">'Date of Revised Agreement' must be after 'Date of Entry into Force'.</locale>
  </message> 
  <message name="ERR_END_DATE_MUST_BE_AFTER_DATE_OF_ENTRY_INTO_FORCE">
    <locale language="en">'End Date' must be after 'Date of Entry into Force'.</locale>
  </message> 
  <message name="ERR_END_DATE_MUST_BE_AFTER_THE_DATE_OF_REVISED_AGREEMENT">
    <locale language="en">'End Date' must be after 'Date of Revised Agreement'.</locale>
  </message> 
  <message name="ERR_END_DATE_MUST_BE_AFTER_QUBEC_START_DATE">
    <locale language="en">'End Date' must be after the 'Entry with Quebec (QC) Start Date'.</locale>
  </message> 
  <message name="ERR_QUBEC_START_DATE_CAN_NOT_BE_EMPTY_IF_QUBEC_END_DATE_ENTERED">
    <locale language="en">'Entry with Quebec (QC) Start Date' cannot be empty if 'Entry with Quebec (QC) End Date' is entered.</locale>
  </message> 
  <message name="ERR_QUBEC_END_DATE_MUST_BE_AFTER_THE_QUBEC_START_DATE">
    <locale language="en">'Entry with Quebec (QC) End Date' must be after 'Entry with Quebec (QC) Start Date'.</locale>
  </message> 
  <message name="ERR_TOTALIZATION_WITH_THIRD_COUNTRY_CAN_NOT_BE_YES">
    <locale language="en">'Totalization with 3rd Country' cannot be 'Yes'.</locale>
  </message> 
  <message name="ERR_TOTALIZATION_WITH_THIRD_COUNTRY_CAN_NOT_BE_BLANK">
    <locale language="en">'Totalization with 3rd Country' cannot be blank.</locale>
  </message> 
  <message name="ERR_CANADA_CAN_NOT_BE_SELECTED_AS_A_FOREIGN_COUNTRY">
    <locale language="en">Canada cannot be selected as a Foreign Country.</locale>
  </message> 

  <message name="ERR_CENTER_OF_SPCLZN_MUST_BE_ENTERED">
    <locale language="en">'Centre of Specialization (COS)' must be entered.</locale>
  </message> 
  <message name="ERR_TOTALIZATION_WITH_3RD_CNTRY_MUST_BE_ENTERED">
    <locale language="en">'Totalization with 3rd Country' must be entered.</locale>
  </message> 
  <message name="ERR_STATUS_OF_AGREEMENT_MUST_BE_ENTERED">
    <locale language="en">'Status of Agreement' must be entered.</locale>
  </message>                     
  <message name="ERR_PROTECTIVE_DATE_WITH_CNTRY_MUST_BE_ENTERED">
    <locale language="en">'Is Protective Date associated with this Country' must be entered.</locale>
  </message> 
  <message name="ERR_SSA_LINK_MUST_BE_ENTERED">
    <locale language="en">'SSA link' must be entered.</locale>
  </message>  
  <message name="ERR_SECURITY_SSA_COUNTRY_EXT_PARTY_CREATE">
    <locale language="en">You do not have 'SSA Country' external party creation rights. Please contact your security administrator.</locale>
  </message>
  <message name="ERR_EXT_PARTY_NAME_DOES_NOT_MATCH_WITH_SELCTD_CNTRY">
    <locale language="en">'External Party Name' does not match 'Country' selected.</locale>
  </message>        
<!-- END Task 64685  -->
<!-- BEGIN task 52322 foreign offices -->
  <message name="ERR_EXT_PARTY_OFFICE_NAME_EXISTS">
    <locale language="en">Foreign Office with that name already exists.</locale>
  </message>
  <message name="ERR_EXT_PARTY_OFFICE_ADDRESS_EXISTS">
    <locale language="en">Address for Foreign Office already exists.</locale>
  </message>
  <message name="ERR_EXT_PARTY_OFFICE_ADDRESS_COUNTRY_CANADA_NOT_ALLOWED">
    <locale language="en">Canada cannot be selected as a Foreign Country.</locale>
  </message>
  <message name="ERR_EXT_PARTY_OFFICE_APP_LINK_EXISTS">
    <locale language="en">This Foreign Office cannot be deleted. FECs, Liaisons or Foreign Applications are linked to this office.</locale>
  </message>
  <message name="ERR_EXT_PARTY_OFFICE_ADDRESS_COUNTRY_EXISTS">
    <locale language="en">Country selected does not match the SSA Country.</locale>
  </message>
<!-- END task 52322 foreign offices -->
</messages>