<?xml version="1.0" encoding="UTF-8"?>
<EvidenceTypeVersion businessEndDate="toDate"
	businessStartDate="fromDate" correctionOnly="true" modifiable="true"
	relatedParticipant="participant"
	xmlns:xsi="http://www.w3.org/2001/XMLSchema-instance"
	xsi:noNamespaceSchemaLocation="../../../../../../../../../DynamicEvidenceMetadata.xsd">
	<Model>
		<Attributes>
			<Attribute>
				<RelatedCPAttribute cpRoleType="MEM"
					name="participant" participantType="Person">
					<CPSearchType code="PRI" />
					<CPSearchType code="MEM" />
				</RelatedCPAttribute>
			</Attribute>
			<Attribute>
				<AddressAttribute mandatory="true" name="address" />
			</Attribute>
			<Attribute>
				<DataAttribute mandatory="true" name="fromDate">
					<DomainType dataType="Date" />
				</DataAttribute>
			</Attribute>
			<Attribute>
				<DataAttribute name="toDate">
					<DomainType dataType="Date" />
				</DataAttribute>
			</Attribute>
			<Attribute>
				<DataAttribute mandatory="true" name="addressType">
					<DomainType dataType="Codetable">
						<CodetableOptions codetableName="AddressType" />
					</DomainType>
				</DataAttribute>
			</Attribute>
			<!-- BEGIN 60483 DEV: Address Changes -->
			<Attribute>
				<DataAttribute name="bdmReceivedFrom"
					defaultValue="RF3">
					<DomainType dataType="Codetable">
						<CodetableOptions codetableName="BDMReceivedFrom" />
					</DomainType>
				</DataAttribute>
			</Attribute>
			<Attribute>
				<DataAttribute name="bdmReceivedFromCountry">
					<DomainType dataType="Codetable">
						<CodetableOptions
							codetableName="BDMSourceCountry" />
					</DomainType>
				</DataAttribute>
			</Attribute>
			<Attribute>
				<DataAttribute name="bdmModeOfReceipt">
					<DomainType dataType="Codetable">
						<CodetableOptions
							codetableName="BDMModeOfReceipt" />
					</DomainType>
				</DataAttribute>
			</Attribute>
			<!-- END 60483 DEV: Address Changes -->
			<Attribute>
				<CommentsAttribute name="comments" />
			</Attribute>
			<Attribute>
				<DataAttribute defaultValue="false"
					name="preferredInd">
					<DomainType dataType="Boolean" />
				</DataAttribute>
			</Attribute>
		</Attributes>
		<Relationships />
	</Model>
	<Validations>
		<PatternValidations>
			<Validator>
				<ComparisonValidator
					operator="LessThanOrEqualTo" shallow="false" source="fromDate"
					target="toDate" useClause="false" useLiteral="false" />
			</Validator>
		</PatternValidations>
		<CustomRulesValidation
			ruleSetName="PDCAddressValidationRuleSet" />
	</Validations>
	<SummaryInformation>
		<SummaryRuleset ruleSetName="PDCAddressSummaryRuleSet" />
	</SummaryInformation>
	<UserInterface createDialogWidth="900">
		<Cluster>
			<RelCPCluster defaultToBlank="false"
				enableMultiMemberUpdates="true" fullCreateParticipant="false"
				isOnCreatePage="true" isOnModifyPage="true" isOnViewPage="true"
				modifyOption="no" showParticipantTypeFilter="true"
				useSingleName="false">
				<StandardField source="participant" />
				<ClusterName id="Participant" />
				<LabelName id="Participant.Description.ID2" />
			</RelCPCluster>
		</Cluster>
		<Cluster>
			<StandardCluster isOnCreatePage="true"
				isOnModifyPage="true" isOnViewPage="true" numberOfColumns="2">
				<Title id="Cluster.Title.AddressdDetails" />
				<StandardClusterField>
					<StandardField modifiable="false"
						source="addressType" useDefault="true">
						<Label id="Field.Label.Type" />
					</StandardField>
				</StandardClusterField>
				<StandardClusterField>
					<SkipField />
				</StandardClusterField>
				<StandardClusterField>
					<StandardField modifiable="true" source="fromDate"
						useDefault="true">
						<Label id="Field.Label.From" />
					</StandardField>
				</StandardClusterField>
				<StandardClusterField>
					<StandardField modifiable="true" source="toDate"
						useDefault="false">
						<Label id="Field.Label.To" />
					</StandardField>
				</StandardClusterField>
			</StandardCluster>
		</Cluster>
		<Cluster>
			<AddressCluster isOnCreatePage="true"
				isOnModifyPage="true" isOnViewPage="true" numberOfColumns="2">
				<StandardField source="address" />
			</AddressCluster>
		</Cluster>
		<Cluster>
			<StandardCluster isOnCreatePage="true"
				isOnModifyPage="true" isOnViewPage="true" labelWidth="40"
				numberOfColumns="2">
				<StandardClusterField>
					<StandardField modifiable="true"
						source="preferredInd" useDefault="true">
						<Label id="Field.Label.PreferredInd" />
					</StandardField>
				</StandardClusterField>
			</StandardCluster>
		</Cluster>
		<!-- BEGIN 60483 DEV: Address Changes -->
		<Cluster>
			<StandardCluster isOnCreatePage="false"
				isOnModifyPage="false" isOnViewPage="true" numberOfColumns="2">
				<Title id="Cluster.Title.ReceiptDetailsView" />
				<StandardClusterField>
					<StandardField modifiable="true"
						source="bdmReceivedFrom" useDefault="true" useBlank="false">
						<Label id="Field.Label.ReceivedFromView" />
					</StandardField>
				</StandardClusterField>
				<StandardClusterField>
					<StandardField modifiable="true"
						source="bdmReceivedFromCountry" useDefault="false" useBlank="true">
						<Label id="Field.Label.ReceivedFromCountryView" />
					</StandardField>
				</StandardClusterField>
				<StandardClusterField>
					<SkipField />
				</StandardClusterField>
				<StandardClusterField>
					<StandardField modifiable="true"
						source="bdmModeOfReceipt" useDefault="false" useBlank="true">
						<Label id="Field.Label.ModeOfReceiptView" />
					</StandardField>
				</StandardClusterField>
			</StandardCluster>
		</Cluster>
		<!-- END 60483 DEV: Address Changes -->
		<Cluster>
			<CommentsCluster isOnCreatePage="true"
				isOnModifyPage="true" isOnViewPage="true">
				<Title id="Cluster.Title.Comments" />
				<StandardField source="comments" />
			</CommentsCluster>
		</Cluster>
	</UserInterface>
</EvidenceTypeVersion>
