<EvidenceTypeVersion correctionOnly="true" modifiable="true" businessStartDate="attestationPeriodStartDate" relatedParticipant="attestee">
  <Model>
    <Attributes>
      <Attribute>
        <RelatedCPAttribute cpRoleType="MEM" description="The person attesting to their qualifying answers being truthful." mandatory="true" name="attestee" participantType="Person">
          <CPSearchType code="PRI"/>
          <CPSearchType code="MEM"/>
        </RelatedCPAttribute>
      </Attribute>
      <Attribute>
        <DataAttribute description="The start date time of the period covered." mandatory="true" name="attestationPeriodStartDate">
          <DomainType dataType="Date"/>
        </DataAttribute>
      </Attribute>
       <Attribute>
        <DataAttribute name="attestationType" mandatory="true">
          <DomainType dataType="Codetable">
            <CodetableOptions codetableName="BDMAttestationType"/>
          </DomainType>
        </DataAttribute>
      </Attribute>
      <Attribute>
        <DataAttribute description="True if the attestee has recorded that they are eligible for the period." name="isEligible" volatile="false">
          <DomainType dataType="Boolean"/>
        </DataAttribute>
      </Attribute>
      <Attribute>
        <CommentsAttribute name="comments"/>
      </Attribute>
    </Attributes>
    <Relationships/>
  </Model>
  <Validations>
  </Validations>
	<SummaryInformation>
    <SummaryRuleset ruleSetName="BDMAttestationSummaryRuleSet"/>
  </SummaryInformation>
  <UserInterface>
    <Cluster>
      <RelCPCluster defaultToBlank="false" enableMultiMemberUpdates="false" fullCreateParticipant="false" isOnCreatePage="true" isOnModifyPage="true" isOnViewPage="true" modifyOption="no" showParticipantTypeFilter="true" useSingleName="false">
        <OnlineText id="Related.Participant.Cluster.ID2.Help"/>
        <StandardField source="attestee"/>
        <ClusterName id="Related.Participant.Cluster.ID2"/>
        <LabelName id="Name.Label.ID2"/>
        <DescriptionName id="Attestee"/>
        <RelCpPfx id="Participant.Description.ID2"/>
        <FirstName id="First.Name.Label.ID2"/>
        <SecondName id="Second.Name.Label.ID2"/>
      </RelCPCluster>
    </Cluster>
    <Cluster>
      <StandardCluster isOnCreatePage="true" isOnModifyPage="true" isOnViewPage="true" labelWidth="40" numberOfColumns="2">
        <Title id="Cluster.Title.ID1"/>
        <StandardClusterField>
          <StandardField modifiable="false" source="attestationPeriodStartDate" useDefault="true">
            <Label id="Field.Label.ID1"/>
          </StandardField>
        </StandardClusterField>
        <StandardClusterField>
          <StandardField modifiable="false" source="isEligible" useDefault="true">
            <Label id="Field.Label.ID3"/>
          </StandardField>
        </StandardClusterField>
        <StandardClusterField>
          <StandardField modifiable="false" source="attestationType"  useBlank="true" useDefault="false">
            <Label id="Field.Label.ID4"/>
          </StandardField>
        </StandardClusterField>
      </StandardCluster>
    </Cluster>
    <Cluster>
      <CommentsCluster isOnCreatePage="true" isOnModifyPage="true" isOnViewPage="true" modifiable="false">
        <Title id="Comments.Cluster.Title.ID3"/>
        <StandardField source="comments"/>
      </CommentsCluster>
    </Cluster>
  </UserInterface>
</EvidenceTypeVersion>
