<?xml version="1.0" encoding="UTF-8"?>	
<databaseChangeLog
	xmlns="http://www.liquibase.org/xml/ns/dbchangelog"
	xmlns:xsi="http://www.w3.org/2001/XMLSchema-instance"
	xmlns:ext="http://www.liquibase.org/xml/ns/dbchangelog-ext"
	xsi:schemaLocation="http://www.liquibase.org/xml/ns/dbchangelog
		http://www.liquibase.org/xml/ns/dbchangelog/dbchangelog-latest.xsd
		http://www.liquibase.org/xml/ns/dbchangelog-ext http://www.liquibase.org/xml/ns/dbchangelog/dbchangelog-ext.xsd">
    
 
    <!--
    Include all sprint changelogs in the order of execution.
    Note: The file path must be specified with respect to DBScripts/BDC-root-changelog.xml
     -->

    <include file="/components/BDM/dbscripts/Version2/changelogs/BDM-V2-S008-changelog.xml" />
    
    <include file="/components/BDM/dbscripts/Version2/changelogs/BDM-V2-S008-initial-changelog.xml" />
	
	<include file="/components/BDM/dbscripts/Version2/changelogs/BDM-V2-S009-changelog.xml" />
    
    <include file="/components/BDM/dbscripts/Version2/changelogs/BDM-V2-S010-changelog.xml" />
    <include file="/components/BDM/dbscripts/Version2/changelogs/BDM-V2-S011-changelog.xml" />
    <include file="/components/BDM/dbscripts/Version2/changelogs/BDM-V2-S012-changelog.xml" />
	<include file="/components/BDM/dbscripts/Version2/changelogs/BDM-V2-S012-changelog-8020iFix9-to-8030.xml" />
	<include file="/components/BDM/dbscripts/Version2/changelogs/BDM-V2-S013-changelog.xml" />
	<include file="/components/BDM/dbscripts/Version2/changelogs/BDM-V2-S014-changelog.xml" />

</databaseChangeLog>