<?xml version="1.0" encoding="UTF-8"?>  
<databaseChangeLog
  xmlns="http://www.liquibase.org/xml/ns/dbchangelog"
  xmlns:xsi="http://www.w3.org/2001/XMLSchema-instance"
  xmlns:ext="http://www.liquibase.org/xml/ns/dbchangelog-ext"
  xsi:schemaLocation="http://www.liquibase.org/xml/ns/dbchangelog
    http://www.liquibase.org/xml/ns/dbchangelog/dbchangelog-latest.xsd
    http://www.liquibase.org/xml/ns/dbchangelog-ext http://www.liquibase.org/xml/ns/dbchangelog/dbchangelog-ext.xsd">
    
<!-- NOTE: Always add new changesets for every pull request. 
      DO NOT modify existing changesets or SQLs.
      Group related SQLs in a changeset.  
      ID's must be unique and follow the format - ComponentName+Release+Sprint+UniqueID
      Author must be specified - firstname initial.lastname
-->
  
  <!-- START Bug 109914: [Taxonomy] Missing and incorrect French labels -->  
  <changeSet  id="BDMV1S12ADO109914"  author="Hamed.Mohammed" >
    <sql dbms="oracle"
     splitStatements="true"
     stripComments="true">
		
		UPDATE
			CODETABLEITEM
		SET
			DESCRIPTION = 'Période de résidence'
		WHERE
			TABLENAME = 'EvidenceType'
			AND CODE = 'BDMDET0004'
			AND LOCALEIDENTIFIER = 'fr';
		
		UPDATE
			CODETABLEITEM
		SET
			DESCRIPTION = 'Période de résidence'
		WHERE
			TABLENAME = 'TemporalEvTypeApproval'
			AND CODE = 'BDMDET0004'
			AND LOCALEIDENTIFIER = 'fr';
		
		
		UPDATE
			CODETABLEITEM
		SET
			DESCRIPTION = 'En cours de modification'
		WHERE
			TABLENAME = 'DETVersionStatus'
			AND CODE = 'DEVRST2'
			AND LOCALEIDENTIFIER = 'fr';


		UPDATE
			CODETABLEITEM
		SET
			DESCRIPTION = 'En cours de modification'
		WHERE
			TABLENAME = 'EvMappingConfigStatus'
			AND CODE = 'EMCS001'
			AND LOCALEIDENTIFIER = 'fr';


		UPDATE
			CODETABLEITEM
		SET
			DESCRIPTION = 'En cours de modification'
		WHERE
			TABLENAME = 'EvidenceDescriptorStatus'
			AND CODE = 'EDS2'
			AND LOCALEIDENTIFIER = 'fr';

		UPDATE
			CODETABLEITEM
		SET
			DESCRIPTION = 'En cours de modification'
		WHERE
			TABLENAME = 'EvidenceTreeStatus'
			AND CODE = 'ETS2'
			AND LOCALEIDENTIFIER = 'fr';

    </sql>
  </changeSet>
  <!-- END Bug 109914: [Taxonomy] Missing and incorrect French labels -->

  <!-- START Bug 110053: [Taxonomy] Incorrect french labels in Contribution Period modals -->  
  <changeSet  id="BDMV1S12ADO110053"  author="Hamed.Mohammed" >
    <sql dbms="oracle"
     splitStatements="true"
     stripComments="true">
		
		DELETE
		FROM
			APPRESOURCE
		WHERE
			RESOURCEID = 900061
			AND NAME = 'DynEvd_create_BDMDET0003_19010101_false_Evidence.properties'
			AND LOCALEIDENTIFIER = 'en'
			AND CATEGORY = 'RS_PROP';
				
		
		UPDATE
			APPRESOURCE
		SET
			NAME = 'DynEvd_create_BDMDET0003_19010101_false_Evidence.properties',
			CONTENTTYPE = 'text/plain;charset=utf-8',
			CONTENTDISPOSITION = 'DynEvd_create_BDMDET0003_19010101_false_Evidence.properties',
			CATEGORY = 'RS_XML',
			LOCALEIDENTIFIER = 'en'
		WHERE
			RESOURCEID = 900060;
		
		UPDATE
			APPRESOURCE
		SET
			NAME = 'DynEvd_create_BDMDET0003_19010101_false_Evidence.properties',
			CONTENTTYPE = 'text/plain;charset=utf-8',
			CONTENTDISPOSITION = 'DynEvd_create_BDMDET0003_19010101_false_Evidence.properties',	
			CATEGORY = 'RS_XML'
		WHERE
			RESOURCEID = 909045;
			
    </sql>
  </changeSet>
  <!-- END Bug 110053: [Taxonomy] Incorrect french labels in Contribution Period modals -->
  
  
  <!-- START : Bug 109974: [Taxonomy] Incorrect English label -->
  <changeSet  id="BDM_OAS_V1_S11_109974-02"  author="Jalpa.Patel" >
    <sql dbms="oracle"
     splitStatements="true"
     stripComments="true">	 
	  UPDATE CODETABLEITEM SET DESCRIPTION='Residence Period'  WHERE TABLENAME='EvidenceType' AND CODE='BDMDET0004' AND LOCALEIDENTIFIER='en';
 	UPDATE APPRESOURCE SET CONTENTTYPE='text/plain;charset=UTF-8' WHERE RESOURCEID=900038;
	   
	  
    </sql>
  </changeSet>
	<!-- END : Bug 109974: [Taxonomy] Incorrect English label -->
	
  	
  <!-- START Bug 110053: [Taxonomy] Incorrect french labels in Contribution Period modals -->  
  <changeSet  id="BDMV1S12ADO110053_2"  author="Hamed.Mohammed" >
    <sql dbms="oracle"
     splitStatements="true"
     stripComments="true">
		
		DELETE
		FROM
			APPRESOURCE
		WHERE
			RESOURCEID = 80677
			AND NAME = 'DynEvdStaticProperties.properties'
			AND LOCALEIDENTIFIER = 'fr';
		
		
		UPDATE
			APPRESOURCE
		SET
			CONTENTTYPE = 'text/plain;charset=utf-8',
			INTERNAL = '1'	
		WHERE
			RESOURCEID = 60261;
		
		UPDATE
			APPRESOURCE
		SET
			CONTENTTYPE = 'text/plain;charset=utf-8',	
			LOCALEIDENTIFIER = 'en'
		WHERE
			RESOURCEID = 11011;
			
			
    </sql>
  </changeSet>
  <!-- END Bug 110053: [Taxonomy] Incorrect french labels in Contribution Period modals -->
  
  
  <!-- START Task 114054: DEV: Quicklinks Labels -->
  
  <changeSet  id="BDM_OAS_V1_S12_114054_01"  author="Jalpa.Patel" >
    <sql dbms="oracle"
     splitStatements="true"
     stripComments="true">	 
	  
UPDATE QUICKLINK SET NAME='Rechercher une personne.../Search for a Person...'  WHERE QUICKLINKID=100536;
UPDATE QUICKLINK SET NAME='Rechercher un dossier.../Search for a Case...'  WHERE QUICKLINKID=100537;
UPDATE QUICKLINK SET NAME='Recherche une application.../Search for an Application...' WHERE QUICKLINKID=100538;
UPDATE QUICKLINK SET NAME='Recherche de parties externes.../Search External Party...'  WHERE QUICKLINKID=100539;
UPDATE QUICKLINK SET NAME='Mes dossiers.../My Cases...'  WHERE QUICKLINKID=100540;
	  
    </sql>
  </changeSet>
	<!-- END : Task 114054: DEV: Quicklinks Labels -->
	
	
	  
  <!-- START Task 114054: DEV: Quicklinks Labels -->
  
  <changeSet  id="BDM_OAS_V1_S12_114054_02"  author="Jalpa.Patel" >
    <sql dbms="oracle"
     splitStatements="true"
     stripComments="true">	 
	  
UPDATE QUICKLINK SET NAME='Rétroaction.../Feedback...' WHERE QUICKLINKID=100544;
UPDATE QUICKLINK SET NAME='Articles de connaissances.../Knowledge Articles...'  WHERE QUICKLINKID=100545;

UPDATE WORKQUEUE SET NAME='Liste d’attente de traitement des cas des OI — Atlantique/Atlantic IO Case Processing Queue' WHERE WORKQUEUEID=80033;
UPDATE WORKQUEUE SET NAME='Liste d’attente de traitement des cas des OI — Ouest/Western IO Case Processing Queue' WHERE WORKQUEUEID=80034;

UPDATE CODETABLEITEM SET DESCRIPTION='Pièce jointe' WHERE TABLENAME='BusinessObjectType' AND CODE='BDMBOT8004' AND LOCALEIDENTIFIER='fr';

	  
    </sql>
  </changeSet>
	<!-- END : Task 114054: DEV: Quicklinks Labels -->
  
  <!-- START Bug 109914: [Taxonomy] Missing and incorrect French labels -->
  
  <changeSet  id="BDMV1S12ADO109914_2"  author="Hamed.Mohammed" >
    <sql dbms="oracle"
     splitStatements="true"
     stripComments="true">

		
		DELETE
		FROM
			APPRESOURCE
		WHERE
			NAME = 'DynEvd_create_BDMDET0004_19010101_false_Evidence.properties'
			AND (LOCALEIDENTIFIER IS NULL
				OR LOCALEIDENTIFIER IN ('en', 'fr'));
		
		INSERT
			WHEN NOT EXISTS (
			SELECT
				1
			FROM
				APPRESOURCE
			WHERE
				RESOURCEID = 900061) THEN
		      INTO
			APPRESOURCE (CATEGORY,
			CONTENT,
			CONTENTDISPOSITION,
			CONTENTTYPE,
			DESCRIPTION,
			INTERNAL,
			LASTWRITTEN,
			LOCALEIDENTIFIER,
			NAME,
			RESOURCEID,
			VERSIONNO)
		VALUES ('RS_XML',
		NULL,
		'DynEvd_create_BDMDET0004_19010101_false_Evidence.properties',
		'text/plain;charset=utf-8',
		NULL,
		'1',
		NULL,
		'en',
		'DynEvd_create_BDMDET0004_19010101_false_Evidence.properties',
		900061,
		1)
		SELECT
			'DynEvd_create_BDMDET0004_19010101_false_Evidence.properties'
		FROM
			DUAL;
		
		INSERT
			WHEN NOT EXISTS (
			SELECT
				1
			FROM
				APPRESOURCE
			WHERE
				RESOURCEID = 909046) THEN
		      INTO
			APPRESOURCE (CATEGORY,
			CONTENT,
			CONTENTDISPOSITION,
			CONTENTTYPE,
			DESCRIPTION,
			INTERNAL,
			LASTWRITTEN,
			LOCALEIDENTIFIER,
			NAME,
			RESOURCEID,
			VERSIONNO)
		VALUES ('RS_XML',
		NULL,
		'DynEvd_create_BDMDET0004_19010101_false_Evidence.properties',
		'text/plain;charset=utf-8',
		NULL,
		'1',
		NULL,
		'fr',
		'DynEvd_create_BDMDET0004_19010101_false_Evidence.properties',
		909046,
		1)
		SELECT
			'DynEvd_create_BDMDET0004_19010101_false_Evidence.properties'
		FROM
			DUAL;
		
	  
    </sql>
  </changeSet>
	<!-- END Bug 109914: [Taxonomy] Missing and incorrect French labels -->
	
	<changeSet  id="BDM_OAS_V1_S12_114054_03"  author="Rajeswar.Yeddula" >
    <sql dbms="oracle"
     splitStatements="true"
     stripComments="true">	 
	  
update codetableitem set DESCRIPTION='Tierce partie' where tablename='TemporalEvTypeApproval' and LOCALEIDENTIFIER='fr'and code='BDMDET0006';
update codetableitem set DESCRIPTION='Période de résidence au Canada' where tablename='EvidenceType' and LOCALEIDENTIFIER='fr'and code='BDMDET0005';
update codetableitem set DESCRIPTION='Tierce partie' where tablename='EvidenceType' and LOCALEIDENTIFIER='fr'and code='BDMDET0006';
update codetableitem set DESCRIPTION='Tierce partie' where tablename='VerifiableItemName' and LOCALEIDENTIFIER='fr'and code='BDMVIN5';
	  
    </sql>
  </changeSet>
  	
	<!-- START Bug 103164: IOAdmin - duplicate buttons on web address details under SSA -->
  <!-- Note: Identified Typo in SSA Country Registration date , creation date and start date .fixing this issue -->
  <changeSet  id="BDM_OAS_V1_S12_103164_01"  author="Jalpa.Patel" >
    <sql dbms="oracle"
     splitStatements="true"
     stripComments="true">
	ALTER TABLE BDMEXTERNALPARTYHISTORY MODIFY ssalink VARCHAR2(300);

	UPDATE CONCERNROLE SET CREATIONDATE=to_date('79-01-01','RR-MM-DD'), REGISTRATIONDATE=to_date('79-01-01','RR-MM-DD'), STARTDATE=to_date('79-01-01','RR-MM-DD') WHERE CONCERNROLEID in (
	  80010,
	  80011,
	  80012,
	  80013,
	  80021,
	  80022,
	  80023,
	  80024,
	  80025,
	  80026,
	  80027,
	  80029,
	  80031,
	  80032,
	  80033,
	  80034,
	  80035,
	  80036,
	  80037,
	  80038,
	  80039,
	  80040,
	  80041,
	  80042,
	  80043,
	  80044,
	  80045,
	  80046,
	  80047,
	  80048,
	  80049,
	  80050,
	  80051,
	  80052,
	  80053,
	  80054,
	  80055,
	  80056,
	  80057,
	  80058,
	  80059,
	  80060,
	  80061,
	  80062,
	  80063,
	  80064,
	  80065,
	  80066,
	  80067,
	  80068,
	  80069,
	  80070,
	  80071,
	  80072,
	  80073,
	  80074,
	  80075,
	  80076,
	  80077,
	  80078,
	  80079,
	  80080,
	  80081,
	  80082,
	  80083,
	  80084,
	  80085,
	  80086,
	  80087,
	  80088,
	  80090,
	  80091);

	  
    </sql>
  </changeSet>
	<!-- END : Bug 103164: IOAdmin - duplicate buttons on web address details under SSA -->
	
	
	<!-- START Task 114054: DEV: Quicklinks Labels -->
  
  <changeSet  id="BDM_OAS_V1_S12_114054_04"  author="Jalpa.Patel" >
    <sql dbms="oracle"
     splitStatements="true"
     stripComments="true">	
    
     UPDATE QUICKLINK SET NAME='Recherche d''un utilisateur.../Search for a User...' WHERE QUICKLINKID IN (100542,100543);
    UPDATE CODETABLEITEM SET DESCRIPTION='Demande de renseignements d’un ministère' WHERE TABLENAME='BDMUrgentFlagType' AND CODE='BDMFG8002' AND LOCALEIDENTIFIER='fr';
    
   UPDATE CODETABLEITEM SET DESCRIPTION='Priorité de l''AC'  WHERE TABLENAME='BDMUrgentFlagType' AND CODE='BDMFG8003' AND LOCALEIDENTIFIER='fr'; 
    
    
     </sql>
     </changeSet>
     
     	<!-- START Task 114054: DEV: Quicklinks Labels -->
  
  <changeSet  id="BDM_OAS_V1_S12_114054_05"  author="Jalpa.Patel" >
    <sql dbms="oracle"
     splitStatements="true"
     stripComments="true">	
    
     UPDATE CODETABLEITEM SET DESCRIPTION='SV' WHERE TABLENAME='BDMThirdPartyProgram' AND CODE='BTPP02' AND LOCALEIDENTIFIER='fr';
     UPDATE CODETABLEITEM SET DESCRIPTION='Personne' WHERE TABLENAME='BDMThirdPartyRoleType' AND CODE='BTPRT01' AND LOCALEIDENTIFIER='fr';
UPDATE CODETABLEITEM SET DESCRIPTION='Organisation' WHERE TABLENAME='BDMThirdPartyRoleType' AND CODE='BTPRT02' AND LOCALEIDENTIFIER='fr';

UPDATE CODETABLEITEM SET DESCRIPTION='Générale' WHERE TABLENAME='BDMThirdPartyPOAType' AND CODE='BTPPOAT01' AND LOCALEIDENTIFIER='fr';
UPDATE CODETABLEITEM SET DESCRIPTION='Perpétuelle' WHERE TABLENAME='BDMThirdPartyPOAType' AND CODE='BTPPOAT02' AND LOCALEIDENTIFIER='fr';
UPDATE CODETABLEITEM SET DESCRIPTION='Sous condition suspensive' WHERE TABLENAME='BDMThirdPartyPOAType' AND CODE='BTPPOAT03' AND LOCALEIDENTIFIER='fr';





     
    
     </sql>
     </changeSet>
	<changeSet  id="BDM_OAS_V1_S12_114366_01"  author="Nabil.Hamade" >
		<sql dbms="oracle"
			 splitStatements="true"
			 stripComments="true">

			UPDATE CODETABLEITEM SET DESCRIPTION='Identity Confirmed with Acceptable Tolerance' WHERE TABLENAME='BDMSIRMatchResult' AND CODE='BDMSMR02' AND LOCALEIDENTIFIER='en';
			UPDATE externalparty SET name = 'United States of America' WHERE concernroleid = 80011;

		</sql>
	</changeSet>
     
    <changeSet  id="BDMR1S012202030327"  author="Manohar.Raulji" >
    <sql dbms="oracle"
     splitStatements="true"
     stripComments="true">	
     
	    UPDATE CODETABLEITEM
		SET DESCRIPTION='Données sur le participant au dossier'
		WHERE TABLENAME='EvidenceCategory' AND CODE='EC2002' AND LOCALEIDENTIFIER='fr';

		UPDATE CODETABLEITEM
		SET DESCRIPTION='Other Government Department'
		WHERE TABLENAME='ExternalPartyType' AND CODE='BDMCBO8000' AND LOCALEIDENTIFIER='en';
		
		UPDATE CODETABLEITEM
		SET DESCRIPTION='Autre ministère'
		WHERE TABLENAME='ExternalPartyType' AND CODE='BDMCBO8000' AND LOCALEIDENTIFIER='fr';
		
		UPDATE CODETABLEITEM
		SET DESCRIPTION='Tierce partie'
		WHERE TABLENAME='ExternalPartyType' AND CODE='BDMCBO8002' AND LOCALEIDENTIFIER='fr';
		

    
	 </sql>
     </changeSet>
    
    
     <changeSet  id="BDM_OAS_V1_S12_114054_06"  author="Jalpa.Patel" >
    <sql dbms="oracle"
     splitStatements="true"
     stripComments="true">	 
     
      
UPDATE WORKQUEUE SET NAME='Liste d''attente de traitement des OI - Nouveau-Brunswick/New Brunswick IO Processing Queue' WHERE WORKQUEUEID=80030;
UPDATE WORKQUEUE SET NAME='Liste d''attente de traitement des OI - Alberta/Alberta IO Processing Queue' WHERE WORKQUEUEID=80031;
UPDATE WORKQUEUE SET NAME='Liste d''attente de traitement des OI - AC/NHQ IO Processing Queue' WHERE WORKQUEUEID=80032;

      
      </sql>
      </changeSet>
    <changeSet  id="BDM_OAS_V1_S12_114054_21"  author="rajeswar.yeddula" >
    <sql dbms="oracle"
     splitStatements="true"
     stripComments="true">	
 UPDATE CODETABLEITEM SET DESCRIPTION='Paiements en trop (Manuel)' WHERE TABLENAME='ProductName' AND CODE='DPN80004' AND LOCALEIDENTIFIER='fr';
UPDATE CODETABLEITEM SET DESCRIPTION='Paiements en trop (Déduction Non Réversible)' WHERE TABLENAME='ProductName' AND CODE='DPN80003' AND LOCALEIDENTIFIER='fr';
     </sql>
     </changeSet>
 <!-- START Bug 114350: Taxonomy - Incorrect french labels in FEC Adminsitration tab -->
	<changeSet id="BDMV1S12ADO114350" author="Hamed.Mohammed">
		<sql dbms="oracle" splitStatements="true" stripComments="true">

			UPDATE
				CODETABLEITEM
			SET
				DESCRIPTION = 'Autre (description à inclure ci-dessous)'
			WHERE
				TABLENAME = 'CaseReassignReason'
				AND CODE = 'CR7'
				AND LOCALEIDENTIFIER = 'fr';

		</sql>
	</changeSet>
    <!-- END Bug 114350: Taxonomy - Incorrect french labels in FEC Adminsitration tab -->
     
     <changeSet  id="BDM_OAS_V1_S12_114054_22"  author="Jalpa.Patel" >
    <sql dbms="oracle"
     splitStatements="true"
     stripComments="true">	
  
     UPDATE CODETABLEITEM SET DESCRIPTION='Normale' WHERE TABLENAME='ActivityCategory' AND CODE='AC1' AND LOCALEIDENTIFIER='fr';
     
        </sql>
     </changeSet>

      <changeSet  id="BDM_OAS_V1_S12_114054_23"  author="Jalpa.Patel" >
    <sql dbms="oracle"
     splitStatements="true"
     stripComments="true">

     UPDATE APPRESOURCE SET NAME='DynEvdStaticProperties.properties', CATEGORY='RS_PROP', LOCALEIDENTIFIER='fr' WHERE RESOURCEID=60261;

        </sql>
     </changeSet>
     
     
	<changeSet  id="BDM_OAS_V1_S12_114372_01"  author="Nabil.Hamade" >
		<sql dbms="oracle"
			 splitStatements="true"
			 stripComments="true">

			UPDATE CODETABLEITEM SET DESCRIPTION='Identité confirmée avec un degré de tolérance acceptable' WHERE TABLENAME='BDMSIRMatchResult' AND CODE='BDMSMR02' AND LOCALEIDENTIFIER='fr';
			UPDATE CODETABLEITEM SET DESCRIPTION='État de l''identification – NAS' WHERE CODE='DETBDM8005' AND LOCALEIDENTIFIER='fr';
			UPDATE CODETABLEITEM SET DESCRIPTION='Listes d''attentes de travail' WHERE TABLENAME = 'PodType' AND CODE ='PT2019' AND LOCALEIDENTIFIER='fr';

		</sql>
	</changeSet>

 <changeSet  id="BDM_OAS_V1_S12_114054_22"  author="rajeswar.yeddula" >
    <sql dbms="oracle"
     splitStatements="true"
     stripComments="true">	
 
 UPDATE CODETABLEITEM SET DESCRIPTION='Copie numérique seulement' WHERE TABLENAME='BDMCorrespondanceDelivery' AND CODE='BDMCM8000' AND LOCALEIDENTIFIER='fr';
UPDATE CODETABLEITEM SET DESCRIPTION='Autre' WHERE TABLENAME='AddressCountry' AND CODE='OT' AND LOCALEIDENTIFIER='fr';
UPDATE CODETABLEITEM SET DESCRIPTION='Retraite ou vieillesse' WHERE TABLENAME='BDMForeignAppType' AND CODE='FATYP55' AND LOCALEIDENTIFIER='fr';
UPDATE CODETABLEITEM SET DESCRIPTION='Numérique et communication papier par courrier' WHERE TABLENAME='BDMCorrespondanceDelivery' AND CODE='CM1' AND LOCALEIDENTIFIER='fr';
UPDATE CODETABLEITEM SET DESCRIPTION='Chevauchement résolu' WHERE TABLENAME='BDMIssueResolution' AND CODE='IR1' AND LOCALEIDENTIFIER='fr';
UPDATE CODETABLEITEM SET DESCRIPTION='Chevauchement acceptable' WHERE TABLENAME='BDMIssueResolution' AND CODE='IR2' AND LOCALEIDENTIFIER='fr';
UPDATE CODETABLEITEM SET DESCRIPTION='Chevauchement examiné/Mesure prise' WHERE TABLENAME='BDMIssueResolution' AND CODE='IR3' AND LOCALEIDENTIFIER='fr';
UPDATE CODETABLEITEM SET DESCRIPTION='Union de fait' WHERE TABLENAME='BDMMaritalStatus' AND CODE='MS6' AND LOCALEIDENTIFIER='fr';
UPDATE CODETABLEITEM SET DESCRIPTION='Époux ou conjoint de fait survivant (veuf/veuve)' WHERE TABLENAME='BDMMaritalStatus' AND CODE='MS2' AND LOCALEIDENTIFIER='fr';

UPDATE CODETABLEITEM SET DESCRIPTION='Célibataire' WHERE TABLENAME='BDMMaritalStatus' AND CODE='MS1' AND LOCALEIDENTIFIER='fr';
UPDATE CODETABLEITEM SET DESCRIPTION='Divorcé' WHERE TABLENAME='BDMMaritalStatus' AND CODE='MS4' AND LOCALEIDENTIFIER='fr';
UPDATE CODETABLEITEM SET DESCRIPTION='Séparé' WHERE TABLENAME='BDMMaritalStatus' AND CODE='MS3' AND LOCALEIDENTIFIER='fr';
UPDATE CODETABLEITEM SET DESCRIPTION='Marié' WHERE TABLENAME='BDMMaritalStatus' AND CODE='MS5' AND LOCALEIDENTIFIER='fr';

UPDATE CODETABLEITEM SET DESCRIPTION='BESS' WHERE TABLENAME='DocumentType' AND CODE='BESS' AND LOCALEIDENTIFIER='fr';
UPDATE CODETABLEITEM SET DESCRIPTION='Fiduciaire' WHERE TABLENAME='DocumentType' AND CODE='BDMADT8032' AND LOCALEIDENTIFIER='fr';
UPDATE CODETABLEITEM SET DESCRIPTION='Correspondence' WHERE TABLENAME='DocumentType' AND CODE='BDMADT8030' AND LOCALEIDENTIFIER='fr';
UPDATE CODETABLEITEM SET DESCRIPTION='Addresse' WHERE TABLENAME='DocumentType' AND CODE='BDMADT8026' AND LOCALEIDENTIFIER='fr';
UPDATE CODETABLEITEM SET DESCRIPTION='Dépôt direct' WHERE TABLENAME='DocumentType' AND CODE='BDMADT8027' AND LOCALEIDENTIFIER='fr';
UPDATE CODETABLEITEM SET DESCRIPTION='Autorisation de communiquer (1603)' WHERE TABLENAME='DocumentType' AND CODE='BDMADT8028' AND LOCALEIDENTIFIER='fr';
UPDATE CODETABLEITEM SET DESCRIPTION='Autorisation de communiquer (3015) - PE' WHERE TABLENAME='DocumentType' AND CODE='BDMADT8029' AND LOCALEIDENTIFIER='fr';
UPDATE CODETABLEITEM SET DESCRIPTION='Formulaire de liaison reçu (non médical) – PE' WHERE TABLENAME='DocumentType' AND CODE='BDMADT8025' AND LOCALEIDENTIFIER='fr';
UPDATE CODETABLEITEM SET DESCRIPTION='Formulaire de liaison reçu (médical) – PE' WHERE TABLENAME='DocumentType' AND CODE='BDMADT8024' AND LOCALEIDENTIFIER='fr';

 
     </sql>
     </changeSet>
     
    <changeSet  id="BDMR1S01220230328"  author="Manohar.Raulji" >
    <sql dbms="oracle"
     splitStatements="true"
     stripComments="true">	

		UPDATE CODETABLEITEM
		SET ISENABLED='0'
		WHERE TABLENAME='DocumentType' AND CODE='BDMADT8008' AND LOCALEIDENTIFIER='en';
		UPDATE CODETABLEITEM
		SET ISENABLED='0'
		WHERE TABLENAME='DocumentType' AND CODE='BDMADT8008' AND LOCALEIDENTIFIER='fr';
		UPDATE CODETABLEITEM
		SET ISENABLED='0'
		WHERE TABLENAME='DocumentType' AND CODE='BDMADT8009' AND LOCALEIDENTIFIER='en';
		UPDATE CODETABLEITEM
		SET ISENABLED='0'
		WHERE TABLENAME='DocumentType' AND CODE='BDMADT8009' AND LOCALEIDENTIFIER='fr';
		UPDATE CODETABLEITEM
		SET ISENABLED='0'
		WHERE TABLENAME='DocumentType' AND CODE='BDMADT8010' AND LOCALEIDENTIFIER='en';
		UPDATE CODETABLEITEM
		SET ISENABLED='0'
		WHERE TABLENAME='DocumentType' AND CODE='BDMADT8010' AND LOCALEIDENTIFIER='fr';
		UPDATE CODETABLEITEM
		SET ISENABLED='0'
		WHERE TABLENAME='DocumentType' AND CODE='BDMADT8011' AND LOCALEIDENTIFIER='en';
		UPDATE CODETABLEITEM
		SET ISENABLED='0'
		WHERE TABLENAME='DocumentType' AND CODE='BDMADT8011' AND LOCALEIDENTIFIER='fr';
		UPDATE CODETABLEITEM
		SET ISENABLED='0'
		WHERE TABLENAME='DocumentType' AND CODE='BDMADT8012' AND LOCALEIDENTIFIER='en';
		UPDATE CODETABLEITEM
		SET ISENABLED='0'
		WHERE TABLENAME='DocumentType' AND CODE='BDMADT8012' AND LOCALEIDENTIFIER='fr';
		UPDATE CODETABLEITEM
		SET ISENABLED='0'
		WHERE TABLENAME='DocumentType' AND CODE='BDMADT8013' AND LOCALEIDENTIFIER='en';
		UPDATE CODETABLEITEM
		SET ISENABLED='0'
		WHERE TABLENAME='DocumentType' AND CODE='BDMADT8013' AND LOCALEIDENTIFIER='fr';
		UPDATE CODETABLEITEM
		SET ISENABLED='0'
		WHERE TABLENAME='DocumentType' AND CODE='BDMADT8014' AND LOCALEIDENTIFIER='en';
		UPDATE CODETABLEITEM
		SET ISENABLED='0'
		WHERE TABLENAME='DocumentType' AND CODE='BDMADT8014' AND LOCALEIDENTIFIER='fr';
		UPDATE CODETABLEITEM
		SET ISENABLED='0'
		WHERE TABLENAME='DocumentType' AND CODE='BDMADT8015' AND LOCALEIDENTIFIER='en';
		UPDATE CODETABLEITEM
		SET ISENABLED='0'
		WHERE TABLENAME='DocumentType' AND CODE='BDMADT8015' AND LOCALEIDENTIFIER='fr';
		UPDATE CODETABLEITEM
		SET ISENABLED='0'
		WHERE TABLENAME='DocumentType' AND CODE='BDMADT8016' AND LOCALEIDENTIFIER='en';
		UPDATE CODETABLEITEM
		SET ISENABLED='0'
		WHERE TABLENAME='DocumentType' AND CODE='BDMADT8016' AND LOCALEIDENTIFIER='fr';
		UPDATE CODETABLEITEM
		SET ISENABLED='0'
		WHERE TABLENAME='DocumentType' AND CODE='BDMADT8017' AND LOCALEIDENTIFIER='en';
		UPDATE CODETABLEITEM
		SET ISENABLED='0'
		WHERE TABLENAME='DocumentType' AND CODE='BDMADT8017' AND LOCALEIDENTIFIER='fr';


		UPDATE CODETABLEITEM
		SET DESCRIPTION='Chevauchement résolu'
		WHERE TABLENAME='BDMIssueResolution' AND CODE='IR1' AND LOCALEIDENTIFIER='fr';
		UPDATE CODETABLEITEM
		SET DESCRIPTION='Chevauchement acceptable'
		WHERE TABLENAME='BDMIssueResolution' AND CODE='IR2' AND LOCALEIDENTIFIER='fr';
		UPDATE CODETABLEITEM
		SET DESCRIPTION='Chevauchement examiné/Mesure prise', ANNOTATION=NULL, ISENABLED='1', SORTORDER=2, PARENTCODE=NULL, COMMENTS=NULL, VERSIONNO=1, LASTWRITTEN=TIMESTAMP '2023-03-28 10:07:14.000000'
		WHERE TABLENAME='BDMIssueResolution' AND CODE='IR3' AND LOCALEIDENTIFIER='fr';

		UPDATE CODETABLEITEM
		SET DESCRIPTION='États-Unis d''Amérique'
		WHERE TABLENAME='BDMSourceCountry' AND CODE='US' AND LOCALEIDENTIFIER='fr';

		UPDATE CODETABLEITEM
		SET DESCRIPTION='États-Unis d''Amérique'
		WHERE TABLENAME='Country' AND CODE='US' AND LOCALEIDENTIFIER='fr';

		<comment>Changes for Taxonomy on Mar 28 2023.</comment>

	 </sql>
     </changeSet>
     
	<!-- START Bug 114997: CADG failure -->
	<changeSet id="BDMR1S012ADO114997" author="Hamed.Mohammed">
		<sql dbms="oracle" splitStatements="true" stripComments="true">
			
			UPDATE
				APPRESOURCE
			SET
				CONTENTDISPOSITION = 'inline;',		
				CATEGORY = 'RS_PROP'	
			WHERE
				RESOURCEID = 900060
				AND NAME='DynEvd_create_BDMDET0003_19010101_false_Evidence.properties';
				
			UPDATE
				APPRESOURCE
			SET
				CONTENTDISPOSITION = 'inline;',
				CATEGORY = 'RS_PROP'
			WHERE
				RESOURCEID = 909045
				AND NAME='DynEvd_create_BDMDET0003_19010101_false_Evidence.properties';
			
			UPDATE
				APPRESOURCE
			SET
				CONTENTDISPOSITION = 'inline;',
				CATEGORY = 'RS_PROP'	
			WHERE
				RESOURCEID = 900061
				AND NAME='DynEvd_create_BDMDET0004_19010101_false_Evidence.properties';
			
			UPDATE
				APPRESOURCE
			SET
				CONTENTDISPOSITION = 'inline;',
				CATEGORY = 'RS_PROP'
			WHERE
				RESOURCEID = 909046
				AND NAME='DynEvd_create_BDMDET0004_19010101_false_Evidence.properties';

			

		<comment>Fixed the Bug 114997: CADG failure</comment>

	 </sql>
     </changeSet>   
     <!-- END Bug 114997: CADG failure -->

     
     
     <!-- Bug 114963: Taxonomy - Changes required due to recent taxonomy updates in New Task Query and Edit Task Query modal -->
        
    <changeSet  id="BDM_OAS_V1_S12_114963_1"  author="Jalpa.Patel" >
    <sql dbms="oracle"
     splitStatements="true"
     stripComments="true">	
     
     UPDATE CODETABLEITEM SET DESCRIPTION='Besoin pressant' WHERE TABLENAME='BDMUrgentFlagType' AND CODE='BDMFG8000' AND LOCALEIDENTIFIER='fr';
     
     </sql>
     </changeSet>
     
          
     <!-- Bug 114963: Taxonomy - Changes required due to recent taxonomy updates in New Task Query and Edit Task Query modal -->


 	<changeSet  id="BDM_OAS_V1_S012_115082_01"  author="Kranthi.Gatta">
      <sql dbms="oracle"
        splitStatements="true"
        stripComments="true">
    
    	UPDATE codetableitem
		SET
		    isenabled = '0',
		    lastwritten = systimestamp,
		    versionno = (versionno + 1)
		WHERE
		    code = 'BDMCS8009'
		    AND tablename = 'CommunicationStatus';
  	</sql>
  </changeSet>
  
  
    <changeSet  id="BDMR1S012202030327-r1"  author="Manohar.Raulji" >
    <sql dbms="oracle"
     splitStatements="true"
     stripComments="true">	

		UPDATE APPRESOURCE
		SET CONTENTTYPE='text/plain;charset=utf-8', lastwritten = systimestamp, versionno = (versionno + 1)
		WHERE RESOURCEID=29084;
		UPDATE APPRESOURCE
		SET CONTENTTYPE='text/plain;charset=utf-8', lastwritten = systimestamp, versionno = (versionno + 1)
		WHERE RESOURCEID=60388;
		UPDATE APPRESOURCE
		SET CONTENTTYPE='text/plain;charset=utf-8', lastwritten = systimestamp, versionno = (versionno + 1)
		WHERE RESOURCEID=900001;
		UPDATE APPRESOURCE
		SET CONTENTTYPE='text/plain;charset=utf-8', lastwritten = systimestamp, versionno = (versionno + 1)
		WHERE RESOURCEID=900008;
		UPDATE APPRESOURCE
		SET CONTENTTYPE='text/plain;charset=utf-8', lastwritten = systimestamp, versionno = (versionno + 1)
		WHERE RESOURCEID=909002;
		UPDATE APPRESOURCE
		SET CONTENTTYPE='text/plain;charset=utf-8', lastwritten = systimestamp, versionno = (versionno + 1)
		WHERE RESOURCEID=909006;
		UPDATE APPRESOURCE
		SET CONTENTTYPE='text/plain;charset=utf-8', lastwritten = systimestamp, versionno = (versionno + 1)
		WHERE RESOURCEID=909028;
		UPDATE APPRESOURCE
		SET CONTENTTYPE='text/plain;charset=utf-8', lastwritten = systimestamp, versionno = (versionno + 1)
		WHERE RESOURCEID=909032;
		UPDATE APPRESOURCE
		SET CONTENTTYPE='text/plain;charset=utf-8', lastwritten = systimestamp, versionno = (versionno + 1)
		WHERE RESOURCEID=909036;
		UPDATE APPRESOURCE
		SET CONTENTTYPE='text/plain;charset=utf-8', lastwritten = systimestamp, versionno = (versionno + 1)
		WHERE RESOURCEID=909041;
		
		
		UPDATE CODETABLEITEM
		SET DESCRIPTION='Numéro de référence', lastwritten = systimestamp, versionno = (versionno + 1)
		WHERE TABLENAME='ConcernRoleAlternateID' AND CODE='CA7' AND LOCALEIDENTIFIER='fr';
		
		
		UPDATE CODETABLEITEM
		SET DESCRIPTION='Pièce d''identité provinciale ou territoriale', lastwritten = systimestamp, versionno = (versionno + 1)
		WHERE TABLENAME='ConcernRoleAlternateID' AND CODE='BDMCA80000' AND LOCALEIDENTIFIER='fr';
		
		UPDATE CODETABLEITEM
		SET DESCRIPTION='Numéro d''identification étranger', lastwritten = systimestamp, versionno = (versionno + 1)
		WHERE TABLENAME='ConcernRoleAlternateID' AND CODE='BDMCA00004' AND LOCALEIDENTIFIER='fr';
		
		UPDATE WORKQUEUE SET NAME='Liste d''attente de traitement des OI - Atlantique/Atlantic IO Processing Queue' WHERE WORKQUEUEID=80030;
		
		UPDATE WORKQUEUE SET NAME='Liste d''attente de traitement des OI - Ouest/Western IO Processing Queue' WHERE WORKQUEUEID=80031;
		

		<comment>Changes for Taxonomy on Mar 29 2023.</comment>

	 </sql>
     </changeSet>  

	<!-- START: TASK 114056: Fixes for Delete Position-->
	<changeSet id="BDMR1S012ADO114056-fix"	author="kumar.dhananjay">
		<sql dbms="oracle" splitStatements="true" stripComments="true">

			DELETE FROM POSITIONHOLDERLINK WHERE USERNAME= 'superuser';
			DELETE FROM ORGUNITPOSITIONLINK WHERE POSITIONID IN  (80151, 80152, 80153, 80154, 80155);
			DELETE FROM POSITION WHERE POSITIONID IN  (80151, 80152, 80153, 80154, 80155);

			DELETE FROM ORGUNITPOSITIONLINK WHERE POSITIONID BETWEEN 80089 AND 80132;
			UPDATE POSITIONHOLDERLINK SET POSITIONID = POSITIONID + 480 WHERE POSITIONID BETWEEN 80089 AND 80132;
			DELETE FROM POSITION WHERE POSITIONID BETWEEN 80089 AND 80132;

			DELETE FROM ORGUNITPOSITIONLINK WHERE POSITIONID BETWEEN 80210 AND 80254;
			DELETE FROM POSITION WHERE POSITIONID BETWEEN 80210 AND 80254;

			DELETE FROM ORGUNITPOSITIONLINK WHERE POSITIONID BETWEEN 80507 AND 80521;
			DELETE FROM POSITION WHERE POSITIONID BETWEEN 80507 AND 80521;

			DELETE FROM ORGUNITPOSITIONLINK WHERE POSITIONID BETWEEN 80479 AND 80498;
			DELETE FROM POSITION WHERE POSITIONID BETWEEN 80479 AND 80498;

			DELETE FROM ORGUNITPOSITIONLINK WHERE POSITIONID BETWEEN 80263 AND 80277;
			DELETE FROM POSITION WHERE POSITIONID BETWEEN 80263 AND 80277;

			DELETE FROM POSITION WHERE POSITIONID IN  (80925, 80926, 80927, 80928);

			UPDATE ORGUNITPOSITIONLINK SET POSITIONID = 80635 WHERE POSITIONID IN (80526);
			DELETE FROM POSITION WHERE POSITIONID IN  (80526);

			DELETE FROM ORGUNITPOSITIONLINK WHERE POSITIONID IN   (80310,80311, 80434, 80435);
			DELETE FROM POSITION WHERE POSITIONID IN  (80310,80311, 80434, 80435);
		</sql>
	</changeSet>
	<!-- END: TASK 114056:-->

	<changeSet  id="BDM_OAS_V1_S12_114873_01"  author="Nabil.Hamade" >
		<sql dbms="oracle"
			 splitStatements="true"
			 stripComments="true">

			INSERT INTO ORGANISATIONUNIT (ORGANISATIONUNITID, NAME, RECORDSTATUS, STATUSCODE, COMMENTS, BUSINESSTYPECODE, CREATIONDATE, VERSIONNO) VALUES (80375, 'Atlantic Business Expertise Call Center Team 101', 'RST1', 'OUSC1', 'Atlantic Business Expertise Call Center Team 101', 'BDMOUBT800', to_date('00-01-01','RR-MM-DD'), 1);
			INSERT INTO ORGANISATIONUNIT (ORGANISATIONUNITID, NAME, RECORDSTATUS, STATUSCODE, COMMENTS, BUSINESSTYPECODE, CREATIONDATE, VERSIONNO) VALUES (80376, 'Atlantic Business Expertise Call Center Team 102', 'RST1', 'OUSC1', 'Atlantic Business Expertise Call Center Team 102', 'BDMOUBT800', to_date('00-01-01','RR-MM-DD'), 1);
			INSERT INTO ORGANISATIONUNIT (ORGANISATIONUNITID, NAME, RECORDSTATUS, STATUSCODE, COMMENTS, BUSINESSTYPECODE, CREATIONDATE, VERSIONNO) VALUES (80377, 'Atlantic Business Expertise Call Center Team 201', 'RST1', 'OUSC1', 'Atlantic Business Expertise Call Center Team 201', 'BDMOUBT800', to_date('00-01-01','RR-MM-DD'), 1);
			INSERT INTO ORGANISATIONUNIT (ORGANISATIONUNITID, NAME, RECORDSTATUS, STATUSCODE, COMMENTS, BUSINESSTYPECODE, CREATIONDATE, VERSIONNO) VALUES (80378, 'Atlantic Business Expertise Call Center Team 202', 'RST1', 'OUSC1', 'Atlantic Business Expertise Call Center Team 202', 'BDMOUBT800', to_date('00-01-01','RR-MM-DD'), 1);
			INSERT INTO ORGANISATIONUNIT (ORGANISATIONUNITID, NAME, RECORDSTATUS, STATUSCODE, COMMENTS, BUSINESSTYPECODE, CREATIONDATE, VERSIONNO) VALUES (80379, 'Atlantic Business Expertise Call Center Team 301', 'RST1', 'OUSC1', 'Atlantic Business Expertise Call Center Team 301', 'BDMOUBT800', to_date('00-01-01','RR-MM-DD'), 1);
			INSERT INTO ORGANISATIONUNIT (ORGANISATIONUNITID, NAME, RECORDSTATUS, STATUSCODE, COMMENTS, BUSINESSTYPECODE, CREATIONDATE, VERSIONNO) VALUES (80380, 'Atlantic Business Expertise Call Center Team 302', 'RST1', 'OUSC1', 'Atlantic Business Expertise Call Center Team 302', 'BDMOUBT800', to_date('00-01-01','RR-MM-DD'), 1);
			INSERT INTO ORGANISATIONUNIT (ORGANISATIONUNITID, NAME, RECORDSTATUS, STATUSCODE, COMMENTS, BUSINESSTYPECODE, CREATIONDATE, VERSIONNO) VALUES (80381, 'Quebec Business Expertise Call Center Team 202', 'RST1', 'OUSC1', 'Quebec Business Expertise Call Center Team 202', 'BDMOUBT800', to_date('00-01-01','RR-MM-DD'), 1);

			INSERT INTO ORGUNITPARENTLINK (ORGUNITPARENTLINKID, ORGANISATIONSTRUCTUREID, ORGANISATIONUNITID, PARENTORGANISATIONUNITID, RECORDSTATUS, VERSIONNO) VALUES (90375, 1, 80375, 80058, 'RST1', 1);
			INSERT INTO ORGUNITPARENTLINK (ORGUNITPARENTLINKID, ORGANISATIONSTRUCTUREID, ORGANISATIONUNITID, PARENTORGANISATIONUNITID, RECORDSTATUS, VERSIONNO) VALUES (90376, 1, 80376, 80058, 'RST1', 1);
			INSERT INTO ORGUNITPARENTLINK (ORGUNITPARENTLINKID, ORGANISATIONSTRUCTUREID, ORGANISATIONUNITID, PARENTORGANISATIONUNITID, RECORDSTATUS, VERSIONNO) VALUES (90377, 1, 80377, 80059, 'RST1', 1);
			INSERT INTO ORGUNITPARENTLINK (ORGUNITPARENTLINKID, ORGANISATIONSTRUCTUREID, ORGANISATIONUNITID, PARENTORGANISATIONUNITID, RECORDSTATUS, VERSIONNO) VALUES (90378, 1, 80378, 80059, 'RST1', 1);
			INSERT INTO ORGUNITPARENTLINK (ORGUNITPARENTLINKID, ORGANISATIONSTRUCTUREID, ORGANISATIONUNITID, PARENTORGANISATIONUNITID, RECORDSTATUS, VERSIONNO) VALUES (90379, 1, 80379, 80060, 'RST1', 1);
			INSERT INTO ORGUNITPARENTLINK (ORGUNITPARENTLINKID, ORGANISATIONSTRUCTUREID, ORGANISATIONUNITID, PARENTORGANISATIONUNITID, RECORDSTATUS, VERSIONNO) VALUES (90380, 1, 80380, 80060, 'RST1', 1);
			INSERT INTO ORGUNITPARENTLINK (ORGUNITPARENTLINKID, ORGANISATIONSTRUCTUREID, ORGANISATIONUNITID, PARENTORGANISATIONUNITID, RECORDSTATUS, VERSIONNO) VALUES (90381, 1, 80381, 80083, 'RST1', 1);

		</sql>
	</changeSet>

	<!-- START: TASK 114196:-->
    <changeSet  id="BDMR1S012ADO114196"  author="Manohar.Raulji" >
    <sql dbms="oracle"
     splitStatements="true"
     stripComments="true">

		UPDATE CODETABLEITEM
		SET DESCRIPTION='Client Identification Number (ITRDS)', lastwritten = systimestamp, versionno = (versionno + 1)
		WHERE TABLENAME='ConcernRoleAlternateID' AND CODE='BDMCA00003' AND LOCALEIDENTIFIER='en';

		UPDATE CODETABLEITEM
		SET DESCRIPTION='Numéro d''identification du client (SERTI)', lastwritten = systimestamp, versionno = (versionno + 1)
		WHERE TABLENAME='ConcernRoleAlternateID' AND CODE='BDMCA00003' AND LOCALEIDENTIFIER='fr';

		UPDATE CODETABLEITEM
		SET DESCRIPTION='Numéro de compte des AI', lastwritten = systimestamp, versionno = (versionno + 1)
		WHERE TABLENAME='ConcernRoleAlternateID' AND CODE='BDMCA00002' AND LOCALEIDENTIFIER='fr';

		UPDATE CODETABLEITEM
		SET DESCRIPTION='Numéro de compte de la SV', lastwritten = systimestamp, versionno = (versionno + 1)
		WHERE TABLENAME='ConcernRoleAlternateID' AND CODE='BDMCA00001' AND LOCALEIDENTIFIER='fr';


		UPDATE CODETABLEITEM
		SET DESCRIPTION='Carte d''assurance-maladie', lastwritten = systimestamp, versionno = (versionno + 1)
		WHERE TABLENAME='ConcernRoleAlternateID' AND CODE='BDMCA80001' AND LOCALEIDENTIFIER='fr';

		UPDATE CODETABLEITEM
		SET DESCRIPTION='Permis de travail', lastwritten = systimestamp, versionno = (versionno + 1)
		WHERE TABLENAME='ConcernRoleAlternateID' AND CODE='BDMCA80003' AND LOCALEIDENTIFIER='fr';

		INSERT WHEN NOT EXISTS (SELECT SIDNAME FROM SECURITYGROUPSID where GROUPNAME = 'IOCaseMaintainNonEvidenceGROUP' and SIDNAME = 'BDMForeignLiaison.createForeignLiaisonFromWizard') 
		THEN INTO SECURITYGROUPSID (GROUPNAME,SIDNAME,LASTWRITTEN) values ('IOCaseMaintainNonEvidenceGROUP','BDMForeignLiaison.createForeignLiaisonFromWizard', systimestamp ) 
		SELECT 'BDMForeignLiaison.createForeignLiaisonFromWizard' FROM DUAL;

		INSERT WHEN NOT EXISTS (SELECT SIDNAME FROM SECURITYGROUPSID where GROUPNAME = 'IOCaseMaintainNonEvidenceGROUP' and SIDNAME = 'BDMForeignLiaison.modifyForeignLiaisonFromWizard') 
		THEN INTO SECURITYGROUPSID (GROUPNAME,SIDNAME,LASTWRITTEN) values ('IOCaseMaintainNonEvidenceGROUP','BDMForeignLiaison.modifyForeignLiaisonFromWizard', systimestamp ) 
		SELECT 'BDMForeignLiaison.modifyForeignLiaisonFromWizard' FROM DUAL;

		INSERT WHEN NOT EXISTS (SELECT SIDNAME FROM SECURITYGROUPSID where GROUPNAME = 'IOCaseMaintainNonEvidenceGROUP' and SIDNAME = 'BDMForeignLiaison.deleteForeignLiaison') 
		THEN INTO SECURITYGROUPSID (GROUPNAME,SIDNAME,LASTWRITTEN) values ('IOCaseMaintainNonEvidenceGROUP','BDMForeignLiaison.deleteForeignLiaison', systimestamp ) 
		SELECT 'BDMForeignLiaison.deleteForeignLiaison' FROM DUAL;
		
		<comment>Task 114196</comment>

	 </sql>
     </changeSet>
     <!-- END: TASK 114196:-->
	 
	 <!-- START: TASK 114056: Fixes for Delete Position Holder Link for the user superuser-->

 <changeSet  id="BDM_OAS_V1_S12_114054_26"  author="rajeswar.yeddula" >
    <sql dbms="oracle"
     splitStatements="true"
     stripComments="true">	
UPDATE CODETABLEITEM SET DESCRIPTION='Paper' WHERE TABLENAME='CommunicationMethod' AND CODE='CM1' AND LOCALEIDENTIFIER='en';
UPDATE CODETABLEITEM SET DESCRIPTION='National Headquarters' WHERE TABLENAME='BDMCosLocation' AND CODE='HQ' AND LOCALEIDENTIFIER='en';
UPDATE CODETABLEITEM SET DESCRIPTION='Other (description required below)' WHERE TABLENAME='Language' AND CODE='LN21' AND LOCALEIDENTIFIER='en';

UPDATE CODETABLEITEM SET DESCRIPTION='Reconsideration and Appeal' WHERE TABLENAME='BusinessObjectType' AND CODE='BDMBOT8002' AND LOCALEIDENTIFIER='en';

     </sql>
     </changeSet>

	 <!-- START: TASK 114056: Fixes for Delete Position Holder Link for the user superuser-->
	<changeSet id="BDMR1S012ADO114056_01"	author="kumar.dhananjay">
		<sql dbms="oracle" splitStatements="true" stripComments="true">
			DELETE FROM POSITIONHOLDERLINK WHERE USERNAME= 'superuser';
		</sql>
	</changeSet>
	<!-- END: TASK 114056:-->
	
	<changeSet  id="BDM_OAS_V1_S12_115107-01"  author="farooq.shaik" >
    <sql dbms="oracle"
     splitStatements="true"
     stripComments="true">
			INSERT INTO SECURITYGROUP (GROUPNAME,DESCRIPTION,VERSIONNO,LASTWRITTEN) values ('IOContractsReadGroup','Access to read Contracts under FE Case.',0,null);
			INSERT INTO SECURITYROLEGROUP (ROLENAME,GROUPNAME,LASTWRITTEN) values ('IOBenefitOfficer','IOContractsReadGroup',null);
			INSERT INTO SECURITYROLEGROUP (ROLENAME,GROUPNAME,LASTWRITTEN) values ('IOProcessing','IOContractsReadGroup',null);
			INSERT INTO SECURITYROLEGROUP (ROLENAME,GROUPNAME,LASTWRITTEN) values ('IOReadReview','IOContractsReadGroup',null);
			INSERT INTO SECURITYROLEGROUP (ROLENAME,GROUPNAME,LASTWRITTEN) values ('IOSupervisor','IOContractsReadGroup',null);
			UPDATE SECURITYGROUPSID  SET GROUPNAME = 'IOContractsReadGroup' WHERE SIDNAME = 'IntegratedCase.listContract' AND GROUPNAME = 'IOCaseReadGROUP';
			UPDATE SECURITYGROUPSID  SET GROUPNAME = 'IOContractsReadGroup' WHERE SIDNAME = 'IntegratedCase.listContractDetails' AND GROUPNAME = 'IOCaseReadGROUP';
    </sql>
  </changeSet>
  
  <changeSet  id="BDM_OAS_V1_S12_115117-01"  author="farooq.shaik" >
    <sql dbms="oracle"
     splitStatements="true"
     stripComments="true">
			INSERT INTO SECURITYGROUPSID (GROUPNAME,SIDNAME,LASTWRITTEN) values ('IOCaseMaintainGROUP','BDMExternalParty.modifyExternalParty',null);
    </sql>
  </changeSet>

  <changeSet  id="BDM_OAS_V1_S12_115185-01"  author="farooq.shaik" >
    <sql dbms="oracle"
     splitStatements="true"
     stripComments="true">
			UPDATE CODETABLEITEM SET DESCRIPTION='Reconsideration and Appeal' WHERE TABLENAME='BusinessObjectType' AND CODE='BDMBOT8002' AND LOCALEIDENTIFIER='en';
    </sql>
  </changeSet>

	<!-- START: TASK 115120 and 115115:-->
    <changeSet  id="BDMR1S012ADO115120115115"  author="Manohar.Raulji" >
    <sql dbms="oracle"
     splitStatements="true"
     stripComments="true">
	 
			INSERT INTO SECURITYGROUPSID
			(GROUPNAME, SIDNAME, LASTWRITTEN)
			VALUES('IOSupervisorGROUP', 'BDMMaintainSupervisorOrgUnits.listOrgUnitAssignedTasks', systimestamp);

			UPDATE SECURITYGROUPSID
			SET GROUPNAME='IOParticipantMaintainGROUP', lastwritten = systimestamp
			WHERE GROUPNAME='IOParticipantReadGROUP' AND SIDNAME='BDMConcernRoleAttachmentLink.createConcernRoleAttachment';

			UPDATE SECURITYGROUPSID
			SET GROUPNAME='IOParticipantMaintainGROUP', lastwritten = systimestamp
			WHERE GROUPNAME='IOParticipantReadGROUP' AND SIDNAME='Participant.createCommunicationException';
				 
			UPDATE SECURITYGROUPSID
			SET GROUPNAME='IOParticipantMaintainGROUP', lastwritten = systimestamp
			WHERE GROUPNAME='IOParticipantReadGROUP' AND SIDNAME='MeetingMinutesWizard.storeCaseMeetingDetails';
				 
			UPDATE SECURITYGROUPSID
			SET GROUPNAME='IOParticipantMaintainGROUP', lastwritten = systimestamp
			WHERE GROUPNAME='IOParticipantReadGROUP' AND SIDNAME='MeetingMinutesManagement.updateMeetingDetailsForCase';

			UPDATE SECURITYGROUPSID
			SET GROUPNAME='IOParticipantMaintainGROUP', lastwritten = systimestamp
			WHERE GROUPNAME='IOParticipantReadGROUP' AND SIDNAME='MeetingMinutesManagement.updateMeetingNotes';

			UPDATE SECURITYGROUPSID
			SET GROUPNAME='IOParticipantMaintainGROUP', lastwritten = systimestamp
			WHERE GROUPNAME='IOParticipantReadGROUP' AND SIDNAME='MeetingMinutesManagement.removeMeeting';

			UPDATE SECURITYGROUPSID
			SET GROUPNAME='IOParticipantMaintainGROUP', lastwritten = systimestamp
			WHERE GROUPNAME='IOParticipantReadGROUP' AND SIDNAME='MeetingMinutesManagement.removeMeetingAttendee';
				 
			UPDATE SECURITYGROUPSID
			SET GROUPNAME='IOParticipantMaintainGROUP', lastwritten = systimestamp
			WHERE GROUPNAME='IOParticipantReadGROUP' AND SIDNAME='MeetingMinutesManagement.updateAttachment';

			UPDATE SECURITYGROUPSID
			SET GROUPNAME='IOParticipantMaintainGROUP', lastwritten = systimestamp
			WHERE GROUPNAME='IOParticipantReadGROUP' AND SIDNAME='MeetingMinutesManagement.updateAttachmentFile';

			UPDATE SECURITYGROUPSID
			SET GROUPNAME='IOParticipantMaintainGROUP', lastwritten = systimestamp
			WHERE GROUPNAME='IOParticipantReadGROUP' AND SIDNAME='MeetingMinutesManagement.updateMeetingDecisions';	 
	 
		<comment>Task 115120 and 115115</comment>

	 </sql>
     </changeSet>
     <!-- END: TASK 115120 and 115115:-->

	<changeSet  id="BDM_OAS_V1_S12_115218_01"  author="Nabil.Hamade" >
		<sql dbms="oracle"
			 splitStatements="true"
			 stripComments="true">

			UPDATE CODETABLEITEM SET DESCRIPTION='Organisme communautaire' WHERE TABLENAME='ExternalPartyType' AND CODE='CBO' AND LOCALEIDENTIFIER='fr';
			UPDATE CODETABLEITEM SET DESCRIPTION='Personne ou organisme détenant le pouvoir légal' WHERE CODE='CBO51' AND TABLENAME = 'ExternalPartyType' AND LOCALEIDENTIFIER='fr';
		</sql>
	</changeSet>
     

     		<!-- START: TASK 110950-->
    <changeSet  id="BDMR1S012ADO110950"  author="Manohar.Raulji" >
    <sql dbms="oracle"
     splitStatements="true"
     stripComments="true">
	 
		
			 DELETE FROM SECURITYGROUPSID WHERE GROUPNAME='IOCaseMaintainNonEvidenceGROUP' AND SIDNAME='Evidence.clearPendingRemovalForActiveEvidence';
		
			 DELETE FROM SECURITYGROUPSID
			WHERE GROUPNAME='IOCaseMaintainNonEvidenceGROUP' AND SIDNAME='Evidence.discardPendingUpdate';

			DELETE FROM SECURITYGROUPSID
			WHERE GROUPNAME='IOCaseMaintainNonEvidenceGROUP' AND SIDNAME='Evidence.discardPendingUpdateObject';

			DELETE FROM SECURITYGROUPSID
			WHERE GROUPNAME='IOCaseMaintainNonEvidenceGROUP' AND SIDNAME='Evidence.applyAllChanges';

			DELETE FROM SECURITYGROUPSID
			WHERE GROUPNAME='IOCaseMaintainNonEvidenceGROUP' AND SIDNAME='Evidence.applyChanges';
	 
		<comment>Task 110950</comment>

	 </sql>
     </changeSet>
     <!-- END: TASK 110950-->	

	 	<!-- START: TASK 114792-->
    <changeSet  id="BDMR1S012ADO114792"  author="Manohar.Raulji" >
    <sql dbms="oracle"
     splitStatements="true"
     stripComments="true">
	 
	
		UPDATE SECURITYGROUP
		SET GROUPNAME='IOAdminReadGROUP', lastwritten = systimestamp, versionno = (versionno + 1)
		WHERE GROUPNAME='IOAdminReadGroup';

		DELETE FROM SECURITYROLEGROUP WHERE ROLENAME = 'IOSACO' AND GROUPNAME = 'IOAdminGROUP';
		
		INSERT INTO SECURITYROLEGROUP(ROLENAME, GROUPNAME, LASTWRITTEN) VALUES('IOSACO', 'IOInboxReadGROUP', NULL);		
		
		INSERT INTO SECURITYGROUPSID
		(GROUPNAME, SIDNAME, LASTWRITTEN)
		VALUES('IOAdminReadGROUP', 'BDMHelp.getIOKnowledgeArticles', NULL);

		INSERT INTO SECURITYGROUPSID
		(GROUPNAME, SIDNAME, LASTWRITTEN)
		VALUES('IOAdminReadGROUP', 'BDMFeedback.getTimeoutMinutes', NULL);
		
		DELETE FROM SECURITYGROUPSID
		WHERE GROUPNAME='IOInboxReadGROUP' AND SIDNAME='Inbox.setInboxOptionsUserPreferences';
		
		INSERT INTO SECURITYGROUPSID
		(GROUPNAME, SIDNAME, LASTWRITTEN)
		VALUES('IOAdminReadGROUP', 'Organization.isOrganisationUnitSearchEnabled', NULL);
		
INSERT INTO SECURITYGROUPSID
(GROUPNAME, SIDNAME, LASTWRITTEN)
VALUES('IOAdminReadGROUP', 'AdminTab.readOrganisationUnitTabDetails', NULL);
		
		
		<comment>Task 114792</comment>

	 </sql>
     </changeSet>
     <!-- END: TASK 114792-->

     <!-- Start: TASK 115056 , 54:-->

      <changeSet  id="BDMR1S012ADO115056_1"  author="Jalpa.Patel" >
    <sql dbms="oracle"
     splitStatements="true"
     stripComments="true">
     UPDATE CODETABLEITEM SET DESCRIPTION='Réservée' WHERE TABLENAME='TaskReservedSearchStatus' AND CODE='TRSS1' AND LOCALEIDENTIFIER='fr';
	UPDATE CODETABLEITEM SET DESCRIPTION='Attribuée' WHERE TABLENAME='TaskReservedSearchStatus' AND CODE='TRSS2' AND LOCALEIDENTIFIER='fr';
</sql>
</changeSet>
     <!-- End: TASK 115056 , 54:-->


		<!-- START: TASK 115575 - 114805-->
    <changeSet  id="BDMR1S012ADO115575"  author="Manohar.Raulji" >
    <sql dbms="oracle"
     splitStatements="true"
     stripComments="true">

			INSERT INTO SECURITYGROUPSID
			(GROUPNAME, SIDNAME, LASTWRITTEN)
			VALUES('IOParticipantMaintainGROUP', 'Organization.listPublicOffice', systimestamp);

			INSERT INTO FUNCTIONIDENTIFIER
			(FIDNAME, FIDENABLED, DESCRIPTION, CODEPACKAGE, PROJECTPACKAGE, LASTWRITTEN)
			VALUES('BDMForeignEngagementCase.isUserAllowedToApplyEvidenceChanges', 'Y', 'curam.ca.gc.bdm.facade.fec.BDMForeignEngagementCase.isUserAllowedToApplyEvidenceChanges', 'ca.gc.bdm.facade.fec', 'curam', systimestamp);

			INSERT INTO SECURITYIDENTIFIER
			(SIDNAME, SIDTYPE, DESCRIPTION, VERSIONNO, LASTWRITTEN)
			VALUES('BDMForeignEngagementCase.isUserAllowedToApplyEvidenceChanges', 'FUNCTION', NULL, 0, systimestamp);

			INSERT INTO SECURITYFIDSID
			(SIDNAME, FIDNAME, LASTWRITTEN)
			VALUES('BDMForeignEngagementCase.isUserAllowedToApplyEvidenceChanges', 'BDMForeignEngagementCase.isUserAllowedToApplyEvidenceChanges', systimestamp);

			INSERT INTO SECURITYGROUPSID
			(GROUPNAME, SIDNAME, LASTWRITTEN)
			VALUES('IOCaseMaintainGROUP', 'BDMForeignEngagementCase.isUserAllowedToApplyEvidenceChanges', systimestamp);

			INSERT INTO SECURITYGROUPSID
			(GROUPNAME, SIDNAME, LASTWRITTEN)
			VALUES('IOCaseMaintainNonEvidenceGROUP', 'BDMForeignEngagementCase.isUserAllowedToApplyEvidenceChanges', systimestamp);

			INSERT INTO SECURITYGROUPSID
			(GROUPNAME, SIDNAME, LASTWRITTEN)
			VALUES('IOAdminReadGROUP', 'BDMForeignEngagementCase.isUserAllowedToApplyEvidenceChanges', systimestamp);

			INSERT INTO SECURITYGROUPSID
			(GROUPNAME, SIDNAME, LASTWRITTEN)
			VALUES('IOCaseReadGROUP', 'BDMForeignEngagementCase.isUserAllowedToApplyEvidenceChanges', systimestamp);

		<comment>Task 115575-114805</comment>

	 </sql>
     </changeSet>
     <!-- END: TASK 115575 - 114805-->



     <!-- Start : Bug 107640: E2E Defect - error message for BR08 is not as per FDD when add/edit New Identifications evidence for a Client. -->
     <changeSet  id="BDMR1S012ADO107640_1"  author="Jalpa.Patel" >
    <sql dbms="oracle"
     splitStatements="true"
     stripComments="true">


     UPDATE APPRESOURCE SET NAME='curam.bdm.pdc.rules.PDCAlternateIDValidationRuleSet', LOCALEIDENTIFIER='en' WHERE RESOURCEID=82006;


     </sql>
     </changeSet>

     <!-- End : Bug 107640: E2E Defect - error message for BR08 is not as per FDD when add/edit New Identifications evidence for a Client. -->
     <!-- START : Task 115320: Taxonomy Nomenclature Bug - R1 -->
     <changeSet  id="BDM_OAS_V1_S12_115320-01"  author="farooq.shaik" >
	    <sql dbms="oracle"
	     splitStatements="true"
	     stripComments="true">
				UPDATE CODETABLEITEM  SET DESCRIPTION = 'Dates réputées' WHERE TABLENAME = 'BDMLiaisonChecklist' AND LOCALEIDENTIFIER = 'fr' AND CODE = 'LC15';
	    </sql>
	  </changeSet>
     <!-- END : Task 115320: Taxonomy Nomenclature Bug - R1 -->
     
     <!-- START : Task 115695: Bug - R1 -->
     <changeSet  id="BDM_OAS_V1_S12_115695-01"  author="farooq.shaik" >
	    <sql dbms="oracle"
	     splitStatements="true"
	     stripComments="true">
				INSERT INTO SECURITYGROUPSID (GROUPNAME,SIDNAME,LASTWRITTEN) values ('IOAdminGROUP','AdminTab.readOrganisationUnitTabDetails',null);
	    </sql>
	  </changeSet>
     <!-- END : Task 115695: Bug - R1 -->






	<changeSet  id="BDM_OAS_V1_S12_115576_01"  author="Nabil.Hamade" >
		<sql dbms="oracle"
			 splitStatements="true"
			 stripComments="true">
			INSERT WHEN NOT EXISTS (SELECT SIDNAME FROM SECURITYGROUPSID where GROUPNAME = 'IOSupervisorGROUP' and SIDNAME = 'Organization.readOrganisationUnitDetailsAndUserList') THEN INTO SECURITYGROUPSID (GROUPNAME,SIDNAME,LASTWRITTEN) values ('IOSupervisorGROUP','Organization.readOrganisationUnitDetailsAndUserList', systimestamp ) SELECT 'Organization.readOrganisationUnitDetailsAndUserList' FROM DUAL;
		</sql>
	</changeSet>

	<changeSet  id="BDM_OAS_V1_S12_114873_02"  author="Nabil.Hamade" >
		<sql dbms="oracle"
			 splitStatements="true"
			 stripComments="true">

			update ORGUNITPARENTLINK set PARENTORGANISATIONUNITID = 80033 where ORGUNITPARENTLINKID in (90115, 90116);

			delete from ORGUNITPARENTLINK where ORGUNITPARENTLINKID in (90370, 90371);

			update ORGUNITPOSITIONLINK set ORGANISATIONUNITID = 80115 where ORGUNITPOSITIONLINKID in(90740,90741,90742);
			update ORGUNITPOSITIONLINK set ORGANISATIONUNITID = 80116 where ORGUNITPOSITIONLINKID = 90745;

			delete from ORGANISATIONUNIT where ORGANISATIONUNITID in(80370,80371);
		</sql>
	</changeSet>

<changeSet  id="BDM_OAS_V1_S12_114054_28"  author="rajeswar.yeddula" >
    <sql dbms="oracle"
     splitStatements="true"
     stripComments="true">	
UPDATE CODETABLEITEM SET DESCRIPTION='Finnois' WHERE TABLENAME='Language' AND CODE='LN23' AND LOCALEIDENTIFIER='fr';

UPDATE CODETABLEITEM SET DESCRIPTION='Autre (description à inclure ci-dessous)' WHERE TABLENAME='Language' AND CODE='LN21' AND LOCALEIDENTIFIER='fr';

UPDATE CODETABLEITEM SET DESCRIPTION='Suédois' WHERE TABLENAME='Language' AND CODE='LN24' AND LOCALEIDENTIFIER='fr';

UPDATE CODETABLEITEM SET DESCRIPTION='Papier' WHERE TABLENAME='CommunicationMethod' AND CODE='CM1' AND LOCALEIDENTIFIER='fr';

UPDATE CODETABLEITEM SET DESCRIPTION='Télécopieur' WHERE TABLENAME='CommunicationMethod' AND CODE='CM5' AND LOCALEIDENTIFIER='fr';
UPDATE CODETABLEITEM SET DESCRIPTION='Adresse courriel' WHERE TABLENAME='CommunicationMethod' AND CODE='CM2' AND LOCALEIDENTIFIER='fr';

UPDATE CODETABLEITEM SET DESCRIPTION='Numérique' WHERE TABLENAME='CommunicationMethod' AND CODE='BDMCM8000' AND LOCALEIDENTIFIER='fr';

UPDATE CODETABLEITEM SET DESCRIPTION='Téléphone cellulaire personnel' WHERE TABLENAME='PhoneType' AND CODE='BDMPH8000' AND LOCALEIDENTIFIER='fr';

UPDATE CODETABLEITEM SET DESCRIPTION='Téléphone cellulaire professionnel' WHERE TABLENAME='PhoneType' AND CODE='BDMPH8001' AND LOCALEIDENTIFIER='fr';

UPDATE CODETABLEITEM SET DESCRIPTION='Ligne terrestre personnelle' WHERE TABLENAME='PhoneType' AND CODE='BDMPH8002' AND LOCALEIDENTIFIER='fr';

UPDATE CODETABLEITEM SET DESCRIPTION='Ligne terrestre professionnelle' WHERE TABLENAME='PhoneType' AND CODE='BDMPH8003' AND LOCALEIDENTIFIER='fr';

UPDATE CODETABLEITEM SET DESCRIPTION='Ligne terrestre professionnelle' WHERE TABLENAME='PhoneType' AND CODE='BDMPH8003' AND LOCALEIDENTIFIER='fr';
UPDATE CODETABLEITEM SET DESCRIPTION='Téléimprimeur personnel (ATS)' WHERE TABLENAME='PhoneType' AND CODE='BDMPH8004' AND LOCALEIDENTIFIER='fr';

UPDATE CODETABLEITEM SET DESCRIPTION='Téléimprimeur professionnel (ATS)' WHERE TABLENAME='PhoneType' AND CODE='BDMPH8004' AND LOCALEIDENTIFIER='fr';

     </sql>
     </changeSet>
	 <changeSet  id="BDM_OAS_V1_S12_114054_29"  author="rajeswar.yeddula" >
    <sql dbms="oracle"
     splitStatements="true"
     stripComments="true">	
UPDATE CODETABLEITEM SET DESCRIPTION='Général' WHERE TABLENAME='BDMThirdPartyPOAType' AND CODE='BTPPOAT01' AND LOCALEIDENTIFIER='fr';

UPDATE CODETABLEITEM SET DESCRIPTION='Autorisation de communiquer (3015)' WHERE TABLENAME='DocumentType' AND CODE='BDMADT8029' AND LOCALEIDENTIFIER='fr';


     </sql>
     </changeSet>
    
    <changeSet id="BDM_OAS_V1_S012_115456"  author="Manohar.Raulji" >
    <sql dbms="oracle"
     splitStatements="true"
     stripComments="true">	
     
     	UPDATE APPRESOURCE
		SET LOCALEIDENTIFIER='fr', lastwritten = systimestamp, versionno = (versionno + 1)
		WHERE RESOURCEID=60488;
     
	 </sql>
     </changeSet>       
    
</databaseChangeLog>