<?xml version="1.0" encoding="UTF-8"?>
<databaseChangeLog
  xmlns="http://www.liquibase.org/xml/ns/dbchangelog"
  xmlns:xsi="http://www.w3.org/2001/XMLSchema-instance"
  xmlns:ext="http://www.liquibase.org/xml/ns/dbchangelog-ext"
  xsi:schemaLocation="http://www.liquibase.org/xml/ns/dbchangelog
    http://www.liquibase.org/xml/ns/dbchangelog/dbchangelog-latest.xsd
    http://www.liquibase.org/xml/ns/dbchangelog-ext http://www.liquibase.org/xml/ns/dbchangelog/dbchangelog-ext.xsd">

<!-- NOTE: Always add new changesets for every pull request.
      DO NOT modify existing changesets or SQLs.
      Group related SQLs in a changeset.
      ID's must be unique and follow the format - ComponentName+Release+Sprint+UniqueID
      Author must be specified - firstname initial.lastname
-->


  <!-- START feature/Task_115559_115560_115561_115563_CommunicationTaxonomy -->

  <changeSet  id="BDM_OAS_V1_UAT01_115559_01"  author="Jalpa.Patel" >
    <sql dbms="oracle"
     splitStatements="true"
     stripComments="true">

UPDATE CODETABLEITEM SET DESCRIPTION='Entrant', LASTWRITTEN=SYSTIMESTAMP WHERE TABLENAME='CommunicationDirection' AND CODE='CD1' AND LOCALEIDENTIFIER='fr';
UPDATE CODETABLEITEM SET DESCRIPTION='Sortant', LASTWRITTEN=SYSTIMESTAMP WHERE TABLENAME='CommunicationDirection' AND CODE='CD2' AND LOCALEIDENTIFIER='fr';


UPDATE CODETABLEITEM SET DESCRIPTION='Enquiry — Address Change', LASTWRITTEN=SYSTIMESTAMP WHERE TABLENAME='CommunicationType' AND CODE='CT8008' AND LOCALEIDENTIFIER='en';
UPDATE CODETABLEITEM SET DESCRIPTION='Enquiry — Other', LASTWRITTEN=SYSTIMESTAMP WHERE TABLENAME='CommunicationType' AND CODE='CT8009' AND LOCALEIDENTIFIER='en';
UPDATE CODETABLEITEM SET DESCRIPTION='Enquiry  — Processing Status', LASTWRITTEN=SYSTIMESTAMP WHERE TABLENAME='CommunicationType' AND CODE='CT8010' AND LOCALEIDENTIFIER='en';
UPDATE CODETABLEITEM SET DESCRIPTION='Questions administratives', LASTWRITTEN=SYSTIMESTAMP WHERE TABLENAME='CommunicationType' AND CODE='CT8002' AND LOCALEIDENTIFIER='fr';
UPDATE CODETABLEITEM SET DESCRIPTION='Révision', LASTWRITTEN=SYSTIMESTAMP WHERE TABLENAME='CommunicationType' AND CODE='CT8001' AND LOCALEIDENTIFIER='fr';

UPDATE CODETABLEITEM SET DESCRIPTION='Appeal', ANNOTATION='REQUESTFORAPPEAL' WHERE TABLENAME='CommunicationType' AND CODE='CT9001' AND LOCALEIDENTIFIER='en';
UPDATE CODETABLEITEM SET DESCRIPTION='Appel', ANNOTATION='REQUESTFORAPPEAL'  WHERE TABLENAME='CommunicationType' AND CODE='CT9001' AND LOCALEIDENTIFIER='fr';


INSERT INTO CODETABLEITEM (TABLENAME, CODE, DESCRIPTION, ANNOTATION, ISENABLED, SORTORDER, LOCALEIDENTIFIER, PARENTCODE, COMMENTS, VERSIONNO, LASTWRITTEN) VALUES('Correspondent', 'BDMCO8', 'Personne-ressource', NULL, '1', 0, 'fr', NULL, NULL, 1, SYSTIMESTAMP);

UPDATE CODETABLEITEM SET DESCRIPTION='ESDC Representative', LASTWRITTEN=SYSTIMESTAMP WHERE TABLENAME='Correspondent' AND CODE='CO1' AND LOCALEIDENTIFIER='en';
UPDATE CODETABLEITEM SET DESCRIPTION='Représentant d’EDSC', LASTWRITTEN=SYSTIMESTAMP  WHERE TABLENAME='Correspondent' AND CODE='CO1' AND LOCALEIDENTIFIER='fr';
UPDATE CODETABLEITEM SET DESCRIPTION='Aidant', LASTWRITTEN=SYSTIMESTAMP WHERE TABLENAME='Correspondent' AND CODE='CO3' AND LOCALEIDENTIFIER='fr';



    </sql>
  </changeSet>
	<!-- END : feature/Task_115559_115560_115561_115563_CommunicationTaxonomy-->

  <changeSet  id="BDM_OAS_V1_UAT01_115559_02"  author="Jalpa.Patel" >
    <sql dbms="oracle"
     splitStatements="true"
     stripComments="true">


  INSERT INTO  APPRESOURCE (NAME, CONTENTTYPE, CONTENTDISPOSITION,  INTERNAL, RESOURCEID, DESCRIPTION, CATEGORY, LOCALEIDENTIFIER, VERSIONNO, LASTWRITTEN) VALUES('curam.bdm.pdc.rules.PDCAddressValidationRuleSet', 'text/plain;charset=UTF-8', 'inline;',  '1', 80029, NULL, 'RS_PROP', 'fr', 1, SYSTIMESTAMP );


  INSERT INTO CODETABLEITEM (TABLENAME, CODE, DESCRIPTION, ANNOTATION, ISENABLED, SORTORDER, LOCALEIDENTIFIER, PARENTCODE, COMMENTS, VERSIONNO, LASTWRITTEN) VALUES('Correspondent', 'BDMC10', 'Groupe responsable de l''AIPRP', NULL, '1', 0, 'fr', NULL, NULL, 1, SYSTIMESTAMP);

  </sql>
  </changeSet>

  <!-- START : /Task_115852_115698_115853 -->
<changeSet  id="BDM_OAS_V1_UAT01_115698_01"  author="Jalpa.Patel" >
    <sql dbms="oracle"
     splitStatements="true"
     stripComments="true">
UPDATE CODETABLEITEM SET DESCRIPTION='Telephone number' WHERE TABLENAME='EvidenceType' AND CODE='PDC0000256' AND LOCALEIDENTIFIER='en';
UPDATE CODETABLEITEM SET DESCRIPTION='Telephone number' WHERE TABLENAME='TemporalEvTypeApproval' AND CODE='PDC0000256' AND LOCALEIDENTIFIER='en';
  </sql>
  </changeSet>
  <!-- END: Task_115852_115698_115853 -->

    <changeSet id="BDM_OAS_V1_UAT01_116405"  author="Manohar.Raulji" >
    <sql dbms="oracle"
     splitStatements="true"
     stripComments="true">

		UPDATE CODETABLEITEM
		SET ISENABLED='0', lastwritten = systimestamp, versionno = (versionno + 1)
		WHERE TABLENAME='LocationType' AND CODE='LT1' AND LOCALEIDENTIFIER='en';
		UPDATE CODETABLEITEM
		SET ISENABLED='0', lastwritten = systimestamp, versionno = (versionno + 1)
		WHERE TABLENAME='LocationType' AND CODE='LT1' AND LOCALEIDENTIFIER='fr';
		UPDATE CODETABLEITEM
		SET ISENABLED='0', lastwritten = systimestamp, versionno = (versionno + 1)
		WHERE TABLENAME='LocationType' AND CODE='BDMLT5000' AND LOCALEIDENTIFIER='en';
		UPDATE CODETABLEITEM
		SET ISENABLED='0', lastwritten = systimestamp, versionno = (versionno + 1)
		WHERE TABLENAME='LocationType' AND CODE='BDMLT5000' AND LOCALEIDENTIFIER='fr';
		UPDATE CODETABLEITEM
		SET ISENABLED='0', lastwritten = systimestamp, versionno = (versionno + 1)
		WHERE TABLENAME='LocationType' AND CODE='BDMLT5001' AND LOCALEIDENTIFIER='en';
		UPDATE CODETABLEITEM
		SET ISENABLED='0', lastwritten = systimestamp, versionno = (versionno + 1)
		WHERE TABLENAME='LocationType' AND CODE='BDMLT5001' AND LOCALEIDENTIFIER='fr';
		UPDATE CODETABLEITEM
		SET ISENABLED='0', lastwritten = systimestamp, versionno = (versionno + 1)
		WHERE TABLENAME='LocationType' AND CODE='BDMLT5002' AND LOCALEIDENTIFIER='en';
		UPDATE CODETABLEITEM
		SET ISENABLED='0', lastwritten = systimestamp, versionno = (versionno + 1)
		WHERE TABLENAME='LocationType' AND CODE='BDMLT5002' AND LOCALEIDENTIFIER='fr';


		INSERT INTO CODETABLEITEM
		(TABLENAME, CODE, DESCRIPTION, ANNOTATION, ISENABLED, SORTORDER, LOCALEIDENTIFIER, PARENTCODE, COMMENTS, VERSIONNO, LASTWRITTEN)
		VALUES('LocationType', 'BDMLT5003', 'Specialized Processing', NULL, '1', 0, 'en', NULL, NULL, 1, systimestamp);
		INSERT INTO CODETABLEITEM
		(TABLENAME, CODE, DESCRIPTION, ANNOTATION, ISENABLED, SORTORDER, LOCALEIDENTIFIER, PARENTCODE, COMMENTS, VERSIONNO, LASTWRITTEN)
		VALUES('LocationType', 'BDMLT5003', 'Specialized Processing', NULL, '1', 0, 'fr', NULL, NULL, 1, systimestamp);
		INSERT INTO CODETABLEITEM
		(TABLENAME, CODE, DESCRIPTION, ANNOTATION, ISENABLED, SORTORDER, LOCALEIDENTIFIER, PARENTCODE, COMMENTS, VERSIONNO, LASTWRITTEN)
		VALUES('LocationType', 'BDMLT5004', 'Service Canada Center', NULL, '1', 0, 'en', NULL, NULL, 1, systimestamp);
		INSERT INTO CODETABLEITEM
		(TABLENAME, CODE, DESCRIPTION, ANNOTATION, ISENABLED, SORTORDER, LOCALEIDENTIFIER, PARENTCODE, COMMENTS, VERSIONNO, LASTWRITTEN)
		VALUES('LocationType', 'BDMLT5004', 'Service Canada Center', NULL, '1', 0, 'fr', NULL, NULL, 1, systimestamp);
		INSERT INTO CODETABLEITEM
		(TABLENAME, CODE, DESCRIPTION, ANNOTATION, ISENABLED, SORTORDER, LOCALEIDENTIFIER, PARENTCODE, COMMENTS, VERSIONNO, LASTWRITTEN)
		VALUES('LocationType', 'BDMLT5005', 'Processing Center', NULL, '1', 0, 'en', NULL, NULL, 1, systimestamp);
		INSERT INTO CODETABLEITEM
		(TABLENAME, CODE, DESCRIPTION, ANNOTATION, ISENABLED, SORTORDER, LOCALEIDENTIFIER, PARENTCODE, COMMENTS, VERSIONNO, LASTWRITTEN)
		VALUES('LocationType', 'BDMLT5005', 'Processing Center', NULL, '1', 0, 'fr', NULL, NULL, 1, systimestamp);
		INSERT INTO CODETABLEITEM
		(TABLENAME, CODE, DESCRIPTION, ANNOTATION, ISENABLED, SORTORDER, LOCALEIDENTIFIER, PARENTCODE, COMMENTS, VERSIONNO, LASTWRITTEN)
		VALUES('LocationType', 'BDMLT5006', 'International Operations', NULL, '1', 0, 'en', NULL, NULL, 1, systimestamp);
		INSERT INTO CODETABLEITEM
		(TABLENAME, CODE, DESCRIPTION, ANNOTATION, ISENABLED, SORTORDER, LOCALEIDENTIFIER, PARENTCODE, COMMENTS, VERSIONNO, LASTWRITTEN)
		VALUES('LocationType', 'BDMLT5006', 'International Operations', NULL, '1', 0, 'fr', NULL, NULL, 1, systimestamp);
		INSERT INTO CODETABLEITEM
		(TABLENAME, CODE, DESCRIPTION, ANNOTATION, ISENABLED, SORTORDER, LOCALEIDENTIFIER, PARENTCODE, COMMENTS, VERSIONNO, LASTWRITTEN)
		VALUES('LocationType', 'BDMLT5007', 'Call Center', NULL, '1', 0, 'en', NULL, NULL, 1, systimestamp);
		INSERT INTO CODETABLEITEM
		(TABLENAME, CODE, DESCRIPTION, ANNOTATION, ISENABLED, SORTORDER, LOCALEIDENTIFIER, PARENTCODE, COMMENTS, VERSIONNO, LASTWRITTEN)
		VALUES('LocationType', 'BDMLT5007', 'Call Center', NULL, '1', 0, 'fr', NULL, NULL, 1, systimestamp);
		INSERT INTO CODETABLEITEM
		(TABLENAME, CODE, DESCRIPTION, ANNOTATION, ISENABLED, SORTORDER, LOCALEIDENTIFIER, PARENTCODE, COMMENTS, VERSIONNO, LASTWRITTEN)
		VALUES('LocationType', 'BDMLT5008', 'Unlisted Office', NULL, '1', 0, 'en', NULL, NULL, 1, systimestamp);
		INSERT INTO CODETABLEITEM
		(TABLENAME, CODE, DESCRIPTION, ANNOTATION, ISENABLED, SORTORDER, LOCALEIDENTIFIER, PARENTCODE, COMMENTS, VERSIONNO, LASTWRITTEN)
		VALUES('LocationType', 'BDMLT5008', 'Unlisted Office', NULL, '1', 0, 'fr', NULL, NULL, 1, systimestamp);
		INSERT INTO CODETABLEITEM
		(TABLENAME, CODE, DESCRIPTION, ANNOTATION, ISENABLED, SORTORDER, LOCALEIDENTIFIER, PARENTCODE, COMMENTS, VERSIONNO, LASTWRITTEN)
		VALUES('LocationType', 'BDMLT5009', 'National Head Quarters', NULL, '1', 0, 'en', NULL, NULL, 1, systimestamp);
		INSERT INTO CODETABLEITEM
		(TABLENAME, CODE, DESCRIPTION, ANNOTATION, ISENABLED, SORTORDER, LOCALEIDENTIFIER, PARENTCODE, COMMENTS, VERSIONNO, LASTWRITTEN)
		VALUES('LocationType', 'BDMLT5009', 'National Head Quarters', NULL, '1', 0, 'fr', NULL, NULL, 1, systimestamp);


	 </sql>
     </changeSet>

    <changeSet id="BDM_OAS_V1_UAT01_116405_01"  author="Manohar.Raulji" >
    <sql dbms="oracle"
     splitStatements="true"
     stripComments="true">

  		UPDATE CODETABLEITEM
		SET ISENABLED='0', lastwritten = systimestamp, versionno = (versionno + 1)
		WHERE TABLENAME='LocationType' AND CODE='BDMLT5002' AND LOCALEIDENTIFIER='en';

	 </sql>
     </changeSet>
	<changeSet  id="BDM_OAS_V1_UAT01_115559_01"  author="Nabil.Hamade" >
		<sql dbms="oracle"
			 splitStatements="true"
			 stripComments="true">

			UPDATE CODETABLEITEM SET DESCRIPTION='Nouvelle période de résidence au Canada', LASTWRITTEN=SYSTIMESTAMP WHERE TABLENAME='EvidenceType' AND CODE='BDMDET0005' AND LOCALEIDENTIFIER='fr';

		</sql>
	</changeSet>


	<!-- START : feature/Task_116307_116244 -->

		<changeSet  id="BDM_OAS_V1_UAT01_116244_01"  author="Jalpa.Patel" >
		<sql dbms="oracle"
			 splitStatements="true"
			 stripComments="true">

UPDATE CODETABLEITEM SET DESCRIPTION='Liaison' WHERE TABLENAME='BDMModeOfReceipt' AND CODE='MOR1' AND LOCALEIDENTIFIER='fr';
UPDATE CODETABLEITEM SET DESCRIPTION='ITRDS' WHERE TABLENAME='BDMReceivedFrom' AND CODE='RF1' AND LOCALEIDENTIFIER='en';
UPDATE CODETABLEITEM SET DESCRIPTION='SERTI'   WHERE TABLENAME='BDMReceivedFrom' AND CODE='RF1' AND LOCALEIDENTIFIER='fr';
</sql>
</changeSet>

	<!-- End feature/Task_116307_116244 -->

	<changeSet  id="BDM_OAS_V1_UAT01_115559_21"  author="rajeswar.yeddula" >
		<sql dbms="oracle"
			 splitStatements="true"
			 stripComments="true">

			UPDATE CODETABLEITEM SET DESCRIPTION='Numéro de téléphone' WHERE TABLENAME='EvidenceType' AND CODE='PDC0000256' AND LOCALEIDENTIFIER='fr';

UPDATE CODETABLEITEM SET DESCRIPTION='Numéro de téléphone' WHERE TABLENAME='TemporalEvTypeApproval' AND CODE='PDC0000256' AND LOCALEIDENTIFIER='fr';

UPDATE CODETABLEITEM SET DESCRIPTION='Téléphone cellulaire professionne' WHERE TABLENAME='BDMPhoneAlert' AND CODE='PA1' AND LOCALEIDENTIFIER='fr';

UPDATE CODETABLEITEM SET DESCRIPTION='Téléphone cellulaire personnel' WHERE TABLENAME='BDMPhoneAlert' AND CODE='PA0' AND LOCALEIDENTIFIER='fr';

UPDATE CODETABLEITEM SET DESCRIPTION='Une alerte pour chaque nouvelle information disponible' WHERE TABLENAME='BDMAlertOccur' AND CODE='AO2' AND LOCALEIDENTIFIER='fr';

UPDATE CODETABLEITEM SET DESCRIPTION='Une alerte par jour lorsque de nouveaux renseignements sont disponibles' WHERE TABLENAME='BDMAlertOccur' AND CODE='AO1' AND LOCALEIDENTIFIER='fr';


		</sql>
	</changeSet>


    <changeSet id="BDM_OAS_V1_UAT01_115456_07"  author="Manohar.Raulji" >
    <sql dbms="oracle"
     splitStatements="true"
     stripComments="true">

     	UPDATE APPRESOURCE
		SET LOCALEIDENTIFIER='fr', lastwritten = systimestamp, versionno = (versionno + 1)
		WHERE RESOURCEID=60488;

		UPDATE CODETABLEITEM
		SET DESCRIPTION='Fournisseur de produits', lastwritten = systimestamp, versionno = (versionno + 1)
		WHERE TABLENAME='ConcerningLinkType' AND CODE='RL4' AND LOCALEIDENTIFIER='fr';

		UPDATE CODETABLEITEM
		SET DESCRIPTION='BESS', lastwritten = systimestamp, versionno = (versionno + 1)
		WHERE TABLENAME='DocumentType' AND CODE='BDMADT8022' AND LOCALEIDENTIFIER='fr';

	 </sql>
     </changeSet>

	<changeSet  id="BDM_OAS_V1_UAT01_116274_01"  author="Nabil.Hamade" >
		<sql dbms="oracle"
			 splitStatements="true"
			 stripComments="true">
			INSERT WHEN NOT EXISTS (SELECT SIDNAME FROM SECURITYGROUPSID where GROUPNAME = 'IOAdminGROUP' and SIDNAME = 'AdminTab.readOrganisationUnitTabDetails') THEN INTO SECURITYGROUPSID (GROUPNAME,SIDNAME,LASTWRITTEN) values ('IOAdminGROUP','AdminTab.readOrganisationUnitTabDetails', systimestamp ) SELECT 'AdminTab.readOrganisationUnitTabDetails' FROM DUAL;
		</sql>
	</changeSet>

	<changeSet  id="BDM_OAS_V1_UAT01_114873_01"  author="Nabil.Hamade" >
		<sql dbms="oracle"
			 splitStatements="true"
			 stripComments="true">

			Insert into ORGUNITPOSITIONLINK (ORGUNITPOSITIONLINKID,ORGANISATIONSTRUCTUREID,POSITIONID,RECORDSTATUS,ORGANISATIONUNITID,VERSIONNO,LASTWRITTEN) values (90924,1,80905,'RST1',80277,1,null);
			Insert into ORGUNITPOSITIONLINK (ORGUNITPOSITIONLINKID,ORGANISATIONSTRUCTUREID,POSITIONID,RECORDSTATUS,ORGANISATIONUNITID,VERSIONNO,LASTWRITTEN) values (90925,1,80906,'RST1',80277,1,null);
			Insert into ORGUNITPOSITIONLINK (ORGUNITPOSITIONLINKID,ORGANISATIONSTRUCTUREID,POSITIONID,RECORDSTATUS,ORGANISATIONUNITID,VERSIONNO,LASTWRITTEN) values (90926,1,80907,'RST1',80277,1,null);
			Insert into ORGUNITPOSITIONLINK (ORGUNITPOSITIONLINKID,ORGANISATIONSTRUCTUREID,POSITIONID,RECORDSTATUS,ORGANISATIONUNITID,VERSIONNO,LASTWRITTEN) values (90927,1,80908,'RST1',80277,1,null);
			Insert into ORGUNITPOSITIONLINK (ORGUNITPOSITIONLINKID,ORGANISATIONSTRUCTUREID,POSITIONID,RECORDSTATUS,ORGANISATIONUNITID,VERSIONNO,LASTWRITTEN) values (90928,1,80909,'RST1',80277,1,null);
			Insert into ORGUNITPOSITIONLINK (ORGUNITPOSITIONLINKID,ORGANISATIONSTRUCTUREID,POSITIONID,RECORDSTATUS,ORGANISATIONUNITID,VERSIONNO,LASTWRITTEN) values (90929,1,80910,'RST1',80277,1,null);
			Insert into ORGUNITPOSITIONLINK (ORGUNITPOSITIONLINKID,ORGANISATIONSTRUCTUREID,POSITIONID,RECORDSTATUS,ORGANISATIONUNITID,VERSIONNO,LASTWRITTEN) values (90930,1,80911,'RST1',80277,1,null);
			Insert into ORGUNITPOSITIONLINK (ORGUNITPOSITIONLINKID,ORGANISATIONSTRUCTUREID,POSITIONID,RECORDSTATUS,ORGANISATIONUNITID,VERSIONNO,LASTWRITTEN) values (90931,1,80912,'RST1',80277,1,null);
			Insert into ORGUNITPOSITIONLINK (ORGUNITPOSITIONLINKID,ORGANISATIONSTRUCTUREID,POSITIONID,RECORDSTATUS,ORGANISATIONUNITID,VERSIONNO,LASTWRITTEN) values (90932,1,80913,'RST1',80277,1,null);
			Insert into ORGUNITPOSITIONLINK (ORGUNITPOSITIONLINKID,ORGANISATIONSTRUCTUREID,POSITIONID,RECORDSTATUS,ORGANISATIONUNITID,VERSIONNO,LASTWRITTEN) values (90933,1,80914,'RST1',80277,1,null);
			Insert into ORGUNITPOSITIONLINK (ORGUNITPOSITIONLINKID,ORGANISATIONSTRUCTUREID,POSITIONID,RECORDSTATUS,ORGANISATIONUNITID,VERSIONNO,LASTWRITTEN) values (90934,1,80915,'RST1',80277,1,null);
			Insert into ORGUNITPOSITIONLINK (ORGUNITPOSITIONLINKID,ORGANISATIONSTRUCTUREID,POSITIONID,RECORDSTATUS,ORGANISATIONUNITID,VERSIONNO,LASTWRITTEN) values (90935,1,80916,'RST1',80277,1,null);
			Insert into ORGUNITPOSITIONLINK (ORGUNITPOSITIONLINKID,ORGANISATIONSTRUCTUREID,POSITIONID,RECORDSTATUS,ORGANISATIONUNITID,VERSIONNO,LASTWRITTEN) values (90936,1,80917,'RST1',80277,1,null);
			Insert into ORGUNITPOSITIONLINK (ORGUNITPOSITIONLINKID,ORGANISATIONSTRUCTUREID,POSITIONID,RECORDSTATUS,ORGANISATIONUNITID,VERSIONNO,LASTWRITTEN) values (90937,1,80918,'RST1',80277,1,null);
			Insert into ORGUNITPOSITIONLINK (ORGUNITPOSITIONLINKID,ORGANISATIONSTRUCTUREID,POSITIONID,RECORDSTATUS,ORGANISATIONUNITID,VERSIONNO,LASTWRITTEN) values (90938,1,80919,'RST1',80277,1,null);

			Insert into ORGUNITPOSITIONLINK (ORGUNITPOSITIONLINKID,ORGANISATIONSTRUCTUREID,POSITIONID,RECORDSTATUS,ORGANISATIONUNITID,VERSIONNO,LASTWRITTEN) values (90939,1,80920,'RST1',80280,1,null);
			Insert into ORGUNITPOSITIONLINK (ORGUNITPOSITIONLINKID,ORGANISATIONSTRUCTUREID,POSITIONID,RECORDSTATUS,ORGANISATIONUNITID,VERSIONNO,LASTWRITTEN) values (90940,1,80921,'RST1',80280,1,null);
			Insert into ORGUNITPOSITIONLINK (ORGUNITPOSITIONLINKID,ORGANISATIONSTRUCTUREID,POSITIONID,RECORDSTATUS,ORGANISATIONUNITID,VERSIONNO,LASTWRITTEN) values (90941,1,80922,'RST1',80280,1,null);
			Insert into ORGUNITPOSITIONLINK (ORGUNITPOSITIONLINKID,ORGANISATIONSTRUCTUREID,POSITIONID,RECORDSTATUS,ORGANISATIONUNITID,VERSIONNO,LASTWRITTEN) values (90942,1,80923,'RST1',80280,1,null);
			Insert into ORGUNITPOSITIONLINK (ORGUNITPOSITIONLINKID,ORGANISATIONSTRUCTUREID,POSITIONID,RECORDSTATUS,ORGANISATIONUNITID,VERSIONNO,LASTWRITTEN) values (90943,1,80924,'RST1',80280,1,null);

			Insert into ORGUNITPOSITIONLINK (ORGUNITPOSITIONLINKID,ORGANISATIONSTRUCTUREID,POSITIONID,RECORDSTATUS,ORGANISATIONUNITID,VERSIONNO,LASTWRITTEN) values (90944,1,80524,'RST1',80034,1,null);
			Insert into ORGUNITPOSITIONLINK (ORGUNITPOSITIONLINKID,ORGANISATIONSTRUCTUREID,POSITIONID,RECORDSTATUS,ORGANISATIONUNITID,VERSIONNO,LASTWRITTEN) values (90945,1,80525,'RST1',80034,1,null);

			Insert into ORGUNITPOSITIONLINK (ORGUNITPOSITIONLINKID,ORGANISATIONSTRUCTUREID,POSITIONID,RECORDSTATUS,ORGANISATIONUNITID,VERSIONNO,LASTWRITTEN) values (90946,1,80638,'RST1',80118,1,null);
			Insert into ORGUNITPOSITIONLINK (ORGUNITPOSITIONLINKID,ORGANISATIONSTRUCTUREID,POSITIONID,RECORDSTATUS,ORGANISATIONUNITID,VERSIONNO,LASTWRITTEN) values (90947,1,80639,'RST1',80118,1,null);

			Insert into ORGUNITPOSITIONLINK (ORGUNITPOSITIONLINKID,ORGANISATIONSTRUCTUREID,POSITIONID,RECORDSTATUS,ORGANISATIONUNITID,VERSIONNO,LASTWRITTEN) values (90948,1,80640,'RST1',80119,1,null);
			Insert into ORGUNITPOSITIONLINK (ORGUNITPOSITIONLINKID,ORGANISATIONSTRUCTUREID,POSITIONID,RECORDSTATUS,ORGANISATIONUNITID,VERSIONNO,LASTWRITTEN) values (90949,1,80641,'RST1',80119,1,null);

			Insert into ORGUNITPOSITIONLINK (ORGUNITPOSITIONLINKID,ORGANISATIONSTRUCTUREID,POSITIONID,RECORDSTATUS,ORGANISATIONUNITID,VERSIONNO,LASTWRITTEN) values (90950,1,80642,'RST1',80340,1,null);
			Insert into ORGUNITPOSITIONLINK (ORGUNITPOSITIONLINKID,ORGANISATIONSTRUCTUREID,POSITIONID,RECORDSTATUS,ORGANISATIONUNITID,VERSIONNO,LASTWRITTEN) values (90951,1,80643,'RST1',80340,1,null);
			Insert into ORGUNITPOSITIONLINK (ORGUNITPOSITIONLINKID,ORGANISATIONSTRUCTUREID,POSITIONID,RECORDSTATUS,ORGANISATIONUNITID,VERSIONNO,LASTWRITTEN) values (90952,1,80644,'RST1',80340,1,null);

			Insert into ORGUNITPOSITIONLINK (ORGUNITPOSITIONLINKID,ORGANISATIONSTRUCTUREID,POSITIONID,RECORDSTATUS,ORGANISATIONUNITID,VERSIONNO,LASTWRITTEN) values (90953,1,80657,'RST1',80121,1,null);
			Insert into ORGUNITPOSITIONLINK (ORGUNITPOSITIONLINKID,ORGANISATIONSTRUCTUREID,POSITIONID,RECORDSTATUS,ORGANISATIONUNITID,VERSIONNO,LASTWRITTEN) values (90954,1,80658,'RST1',80121,1,null);

			Insert into ORGUNITPOSITIONLINK (ORGUNITPOSITIONLINKID,ORGANISATIONSTRUCTUREID,POSITIONID,RECORDSTATUS,ORGANISATIONUNITID,VERSIONNO,LASTWRITTEN) values (90955,1,80659,'RST1',80122,1,null);
			Insert into ORGUNITPOSITIONLINK (ORGUNITPOSITIONLINKID,ORGANISATIONSTRUCTUREID,POSITIONID,RECORDSTATUS,ORGANISATIONUNITID,VERSIONNO,LASTWRITTEN) values (90956,1,80660,'RST1',80122,1,null);

			Insert into ORGUNITPOSITIONLINK (ORGUNITPOSITIONLINKID,ORGANISATIONSTRUCTUREID,POSITIONID,RECORDSTATUS,ORGANISATIONUNITID,VERSIONNO,LASTWRITTEN) values (90957,1,80835,'RST1',80029,1,null);
			Insert into ORGUNITPOSITIONLINK (ORGUNITPOSITIONLINKID,ORGANISATIONSTRUCTUREID,POSITIONID,RECORDSTATUS,ORGANISATIONUNITID,VERSIONNO,LASTWRITTEN) values (90958,1,80836,'RST1',80029,1,null);
			update ORGUNITPOSITIONLINK set ORGANISATIONUNITID = 80037 where ORGUNITPOSITIONLINKID = 90755;

			update ORGANISATIONUNIT set creationdate = to_date('1899-01-01','YYYY-MM-DD') where organisationunitid = 80004;

			delete from ORGUNITPARENTLINK where ORGUNITPARENTLINKID = 90374;
			delete from ORGUNITPARENTLINK where ORGANISATIONUNITID = 80374;
			delete from ORGUNITPOSITIONLINK where ORGANISATIONUNITID = 80374;
			delete from ORGANISATIONUNIT where ORGANISATIONUNITID = 80374;
			update ORGANISATIONUNIT set LOCATIONID = 1 where ORGANISATIONUNITID > 80003;

			update POSITION set NAME = 'NHQ Workload Processing Management I Lead Position 01', COMMENTS = 'NHQ Workload Processing Management I Lead Position 01' where POSITIONID = 80654;

		</sql>
	</changeSet>


     <changeSet id="BDM_OAS_V1_UAT01_116938_01"  author="farooq.shaik" >
    <sql dbms="oracle"
     splitStatements="true"
     stripComments="true">

  		UPDATE CODETABLEITEM SET DESCRIPTION='Échec de la vérification du NAS' WHERE TABLENAME='BDMSIRCheckSummaryResult' AND CODE='BDMSCR04' AND LOCALEIDENTIFIER='fr';

	 </sql>
     </changeSet>

	<changeSet  id="BDM_OAS_V1_UAT01_114873_02"  author="Nabil.Hamade" >
	<sql dbms="oracle"
		 splitStatements="true"
		 stripComments="true">
		delete from ORGUNITPARENTLINK where ORGUNITPARENTLINKID = 90355;
		delete from ORGUNITPARENTLINK where ORGUNITPARENTLINKID = 90356;
		delete from ORGUNITPARENTLINK where ORGUNITPARENTLINKID = 90357;

		delete from ORGUNITPARENTLINK where ORGUNITPARENTLINKID = 90359;
		delete from ORGUNITPARENTLINK where ORGUNITPARENTLINKID = 90360;
		delete from ORGUNITPARENTLINK where ORGUNITPARENTLINKID = 90361;

		delete from ORGUNITPARENTLINK where ORGUNITPARENTLINKID = 90362;
		delete from ORGUNITPARENTLINK where ORGUNITPARENTLINKID = 90363;
		delete from ORGUNITPARENTLINK where ORGUNITPARENTLINKID = 90364;

		delete from ORGUNITPARENTLINK where ORGUNITPARENTLINKID = 90365;
		delete from ORGUNITPARENTLINK where ORGUNITPARENTLINKID = 90366;

		delete from ORGUNITPARENTLINK where ORGUNITPARENTLINKID = 90367;
		delete from ORGUNITPARENTLINK where ORGUNITPARENTLINKID = 90368;
		delete from ORGUNITPARENTLINK where ORGUNITPARENTLINKID = 90369;

		delete from ORGUNITPARENTLINK where ORGUNITPARENTLINKID = 90117;

		delete from ORGUNITPARENTLINK where ORGUNITPARENTLINKID = 90372;

		delete from ORGUNITPARENTLINK where ORGUNITPARENTLINKID = 90158;
		delete from ORGUNITPARENTLINK where ORGUNITPARENTLINKID = 90159;
		delete from ORGUNITPARENTLINK where ORGUNITPARENTLINKID = 90161;
		delete from ORGUNITPARENTLINK where ORGUNITPARENTLINKID = 90162;
		delete from ORGUNITPARENTLINK where ORGUNITPARENTLINKID = 90164;
		delete from ORGUNITPARENTLINK where ORGUNITPARENTLINKID = 90165;
		delete from ORGUNITPARENTLINK where ORGUNITPARENTLINKID = 90373;

		update ORGUNITPARENTLINK set PARENTORGANISATIONUNITID = 80033 where ORGUNITPARENTLINKID = 90117;
	</sql>
	</changeSet>

     <changeSet id="BDM_OAS_V1_UAT01_108016_01"  author="farooq.shaik" >
    <sql dbms="oracle"
     splitStatements="true"
     stripComments="true">

  		UPDATE CODETABLEITEM SET DESCRIPTION='Invalidité – Demandes de PE' WHERE TABLENAME='BDMTaskCategory' AND CODE='BTSKTYP001' AND LOCALEIDENTIFIER='fr';

	 </sql>
     </changeSet>

    <changeSet id="BDM_OAS_V1_UAT01_115456_v1"  author="Manohar.Raulji" >
    <sql dbms="oracle"
     splitStatements="true"
     stripComments="true">

		UPDATE CODETABLEITEM
		SET DESCRIPTION='Fournisseur de produits', lastwritten = systimestamp, versionno = (versionno + 1)
		WHERE TABLENAME='CorrespondentType' AND CODE='RL4' AND LOCALEIDENTIFIER='fr';

	 </sql>

     </changeSet>


     <!-- Bug 115229: Taxonomy - Register External Party: Incorrect french labels in Frequency Pattern, Preferred Language, Preferred Communication and Telephone Type drop-downs -->
      <changeSet id="BDM_OAS_V1_UAT01_115229_v1"  author="Jalpa.Patel" >
    <sql dbms="oracle"
     splitStatements="true"
     stripComments="true">
		UPDATE CODETABLEITEM SET DESCRIPTION='Portugais du Brésil',lastwritten = systimestamp, versionno = (versionno + 1)  WHERE TABLENAME='Language' AND CODE='LN18' AND LOCALEIDENTIFIER='fr';

	 </sql>
     </changeSet>

    <!--  END Bug 115229: Taxonomy - Register External Party: Incorrect french labels in Frequency Pattern, Preferred Language, Preferred Communication and Telephone Type drop-downs-->


	<changeSet id="BDM_OAS_V1_UAT01_109914_v1"
		author="Manohar.Raulji">
		<sql dbms="oracle" splitStatements="true" stripComments="true">

			UPDATE APPRESOURCE
			SET lastwritten = systimestamp, versionno = (versionno + 1)
			WHERE RESOURCEID=60261;

		</sql>
	</changeSet>

	<changeSet id="BDM_OAS_V1_UAT01_117846_118143"
		author="Manohar.Raulji">
		<sql dbms="oracle" splitStatements="true" stripComments="true">

			DELETE FROM SECURITYGROUPSID
			WHERE GROUPNAME='IOAdminReadGROUP' AND
			SIDNAME='WorkAllocation.searchOrSubscribeWorkQueue';

			DELETE FROM SECURITYGROUPSID
			WHERE GROUPNAME='IOCaseMaintainNonEvidenceGROUP' AND
			SIDNAME='VerificationApplication.validateBulkEvidenceVerificationAddProofPage';

			UPDATE SECURITYGROUPSID
			SET GROUPNAME='IOCaseMaintainGROUP', lastwritten = systimestamp
			WHERE GROUPNAME='IOCaseReadGROUP' AND
			SIDNAME='BDMVerificationApplication.newUserProvidedVerificationItem';

			DELETE FROM SECURITYGROUPSID
			WHERE GROUPNAME='IOCaseMaintainNonEvidenceGROUP' AND
			SIDNAME='BDMVerificationApplication.acceptAllDocumentsPendingReviewForVerification';

			DELETE FROM SECURITYGROUPSID
			WHERE GROUPNAME='IOCaseMaintainNonEvidenceGROUP' AND
			SIDNAME='BDMVerificationApplication.acceptAllDocumentsPendingReviewForVerification';

			DELETE FROM SECURITYGROUPSID
			WHERE GROUPNAME='IOCaseMaintainNonEvidenceGROUP' AND
			SIDNAME='BDMVerificationApplication.bdmValidateBulkEvidenceVerificationAddProofPage';

	 </sql>
     </changeSet>

	<changeSet  id="BDM_OAS_V1_UAT01_96864_004"  author="Nabil.Hamade" >
	<sql dbms="oracle"
		 splitStatements="true"
		 stripComments="true">
		update POSITION set LEADPOSITIONIND = 0 where POSITIONID = 80565;
		update POSITION set LEADPOSITIONIND = 0 where POSITIONID = 80566;
		update POSITION set LEADPOSITIONIND = 0 where POSITIONID = 80567;
		update POSITION set LEADPOSITIONIND = 0 where POSITIONID = 80568;
		update POSITION set LEADPOSITIONIND = 0 where POSITIONID = 80569;
		update POSITION set LEADPOSITIONIND = 0 where POSITIONID = 80570;
		update POSITION set LEADPOSITIONIND = 0 where POSITIONID = 80571;
		update POSITION set LEADPOSITIONIND = 0 where POSITIONID = 80572;
		update POSITION set LEADPOSITIONIND = 0 where POSITIONID = 80573;
		update POSITION set LEADPOSITIONIND = 0 where POSITIONID = 80574;
		update POSITION set LEADPOSITIONIND = 0 where POSITIONID = 80575;
		update POSITION set LEADPOSITIONIND = 0 where POSITIONID = 80576;
		update POSITION set LEADPOSITIONIND = 0 where POSITIONID = 80577;
		update POSITION set LEADPOSITIONIND = 0 where POSITIONID = 80578;
		update POSITION set LEADPOSITIONIND = 0 where POSITIONID = 80579;
		update POSITION set LEADPOSITIONIND = 0 where POSITIONID = 80580;
		update POSITION set LEADPOSITIONIND = 0 where POSITIONID = 80581;
		update POSITION set LEADPOSITIONIND = 0 where POSITIONID = 80582;
		update POSITION set LEADPOSITIONIND = 0 where POSITIONID = 80583;
		update POSITION set LEADPOSITIONIND = 0 where POSITIONID = 80584;
		update POSITION set LEADPOSITIONIND = 0 where POSITIONID = 80585;
		update POSITION set LEADPOSITIONIND = 0 where POSITIONID = 80586;
		update POSITION set LEADPOSITIONIND = 0 where POSITIONID = 80587;
		update POSITION set LEADPOSITIONIND = 0 where POSITIONID = 80588;
		update POSITION set LEADPOSITIONIND = 0 where POSITIONID = 80589;
		update POSITION set LEADPOSITIONIND = 0 where POSITIONID = 80590;
		update POSITION set LEADPOSITIONIND = 0 where POSITIONID = 80591;
		update POSITION set LEADPOSITIONIND = 0 where POSITIONID = 80592;
		update POSITION set LEADPOSITIONIND = 0 where POSITIONID = 80594;
		update POSITION set LEADPOSITIONIND = 0 where POSITIONID = 80595;
		update POSITION set LEADPOSITIONIND = 0 where POSITIONID = 80596;
		update POSITION set LEADPOSITIONIND = 0 where POSITIONID = 80597;
		update POSITION set LEADPOSITIONIND = 0 where POSITIONID = 80598;
		update POSITION set LEADPOSITIONIND = 0 where POSITIONID = 80599;
		update POSITION set LEADPOSITIONIND = 0 where POSITIONID = 80600;
		update POSITION set LEADPOSITIONIND = 0 where POSITIONID = 80601;
		update POSITION set LEADPOSITIONIND = 0 where POSITIONID = 80602;
		update POSITION set LEADPOSITIONIND = 0 where POSITIONID = 80603;
		update POSITION set LEADPOSITIONIND = 0 where POSITIONID = 80604;
		update POSITION set LEADPOSITIONIND = 0 where POSITIONID = 80605;
		update POSITION set LEADPOSITIONIND = 0 where POSITIONID = 80606;
		update POSITION set LEADPOSITIONIND = 0 where POSITIONID = 80607;
		update POSITION set LEADPOSITIONIND = 0 where POSITIONID = 80609;
		update POSITION set LEADPOSITIONIND = 0 where POSITIONID = 80610;
		update POSITION set LEADPOSITIONIND = 0 where POSITIONID = 80611;
		update POSITION set LEADPOSITIONIND = 0 where POSITIONID = 80612;
		update POSITION set LEADPOSITIONIND = 0 where POSITIONID = 80614;
		update POSITION set LEADPOSITIONIND = 0 where POSITIONID = 80616;
		update POSITION set LEADPOSITIONIND = 0 where POSITIONID = 80618;
		update POSITION set LEADPOSITIONIND = 0 where POSITIONID = 80619;
		update POSITION set LEADPOSITIONIND = 0 where POSITIONID = 80621;
		update POSITION set LEADPOSITIONIND = 0 where POSITIONID = 80622;
		update POSITION set LEADPOSITIONIND = 0 where POSITIONID = 80624;
		update POSITION set LEADPOSITIONIND = 0 where POSITIONID = 80626;
		update POSITION set LEADPOSITIONIND = 0 where POSITIONID = 80628;
		update POSITION set LEADPOSITIONIND = 0 where POSITIONID = 80629;
		update POSITION set LEADPOSITIONIND = 0 where POSITIONID = 80631;
		update POSITION set LEADPOSITIONIND = 0 where POSITIONID = 80632;
		update POSITION set LEADPOSITIONIND = 0 where POSITIONID = 80634;
		update POSITION set LEADPOSITIONIND = 0 where POSITIONID = 80636;
		update POSITION set LEADPOSITIONIND = 0 where POSITIONID = 80639;
		update POSITION set LEADPOSITIONIND = 0 where POSITIONID = 80641;
		update POSITION set LEADPOSITIONIND = 0 where POSITIONID = 80643;
		update POSITION set LEADPOSITIONIND = 0 where POSITIONID = 80644;
		update POSITION set LEADPOSITIONIND = 0 where POSITIONID = 80646;
		update POSITION set LEADPOSITIONIND = 0 where POSITIONID = 80649;
		update POSITION set LEADPOSITIONIND = 0 where POSITIONID = 80651;
		update POSITION set LEADPOSITIONIND = 0 where POSITIONID = 80653;
		update POSITION set LEADPOSITIONIND = 0 where POSITIONID = 80655;
		update POSITION set LEADPOSITIONIND = 0 where POSITIONID = 80658;
		update POSITION set LEADPOSITIONIND = 0 where POSITIONID = 80660;
		update POSITION set LEADPOSITIONIND = 0 where POSITIONID = 80661;
		update POSITION set LEADPOSITIONIND = 0 where POSITIONID = 80663;
		update POSITION set LEADPOSITIONIND = 0 where POSITIONID = 80664;
		update POSITION set LEADPOSITIONIND = 0 where POSITIONID = 80666;
		update POSITION set LEADPOSITIONIND = 0 where POSITIONID = 80667;
		update POSITION set LEADPOSITIONIND = 0 where POSITIONID = 80669;
		update POSITION set LEADPOSITIONIND = 0 where POSITIONID = 80670;
		update POSITION set LEADPOSITIONIND = 0 where POSITIONID = 80671;
		update POSITION set LEADPOSITIONIND = 0 where POSITIONID = 80672;
		update POSITION set LEADPOSITIONIND = 0 where POSITIONID = 80674;
		update POSITION set LEADPOSITIONIND = 0 where POSITIONID = 80675;
		update POSITION set LEADPOSITIONIND = 0 where POSITIONID = 80676;
		update POSITION set LEADPOSITIONIND = 0 where POSITIONID = 80677;
		update POSITION set LEADPOSITIONIND = 0 where POSITIONID = 80678;
		update POSITION set LEADPOSITIONIND = 0 where POSITIONID = 80679;
		update POSITION set LEADPOSITIONIND = 0 where POSITIONID = 80680;
		update POSITION set LEADPOSITIONIND = 0 where POSITIONID = 80681;
		update POSITION set LEADPOSITIONIND = 0 where POSITIONID = 80682;
		update POSITION set LEADPOSITIONIND = 0 where POSITIONID = 80684;
		update POSITION set LEADPOSITIONIND = 0 where POSITIONID = 80685;
		update POSITION set LEADPOSITIONIND = 0 where POSITIONID = 80686;
		update POSITION set LEADPOSITIONIND = 0 where POSITIONID = 80687;
		update POSITION set LEADPOSITIONIND = 0 where POSITIONID = 80688;
		update POSITION set LEADPOSITIONIND = 0 where POSITIONID = 80689;
		update POSITION set LEADPOSITIONIND = 0 where POSITIONID = 80690;
		update POSITION set LEADPOSITIONIND = 0 where POSITIONID = 80691;
		update POSITION set LEADPOSITIONIND = 0 where POSITIONID = 80692;
		update POSITION set LEADPOSITIONIND = 0 where POSITIONID = 80693;
		update POSITION set LEADPOSITIONIND = 0 where POSITIONID = 80694;
		update POSITION set LEADPOSITIONIND = 0 where POSITIONID = 80695;
		update POSITION set LEADPOSITIONIND = 0 where POSITIONID = 80696;
		update POSITION set LEADPOSITIONIND = 0 where POSITIONID = 80697;
		update POSITION set LEADPOSITIONIND = 0 where POSITIONID = 80698;
		update POSITION set LEADPOSITIONIND = 0 where POSITIONID = 80699;
		update POSITION set LEADPOSITIONIND = 0 where POSITIONID = 80700;
		update POSITION set LEADPOSITIONIND = 0 where POSITIONID = 80701;
		update POSITION set LEADPOSITIONIND = 0 where POSITIONID = 80702;
		update POSITION set LEADPOSITIONIND = 0 where POSITIONID = 80703;
		update POSITION set LEADPOSITIONIND = 0 where POSITIONID = 80704;
		update POSITION set LEADPOSITIONIND = 0 where POSITIONID = 80705;
		update POSITION set LEADPOSITIONIND = 0 where POSITIONID = 80706;
		update POSITION set LEADPOSITIONIND = 0 where POSITIONID = 80707;
		update POSITION set LEADPOSITIONIND = 0 where POSITIONID = 80709;
		update POSITION set LEADPOSITIONIND = 0 where POSITIONID = 80710;
		update POSITION set LEADPOSITIONIND = 0 where POSITIONID = 80712;
		update POSITION set LEADPOSITIONIND = 0 where POSITIONID = 80713;
		update POSITION set LEADPOSITIONIND = 0 where POSITIONID = 80714;
		update POSITION set LEADPOSITIONIND = 0 where POSITIONID = 80715;
		update POSITION set LEADPOSITIONIND = 0 where POSITIONID = 80716;
		update POSITION set LEADPOSITIONIND = 0 where POSITIONID = 80717;
		update POSITION set LEADPOSITIONIND = 0 where POSITIONID = 80718;
		update POSITION set LEADPOSITIONIND = 0 where POSITIONID = 80719;
		update POSITION set LEADPOSITIONIND = 0 where POSITIONID = 80720;
		update POSITION set LEADPOSITIONIND = 0 where POSITIONID = 80721;
		update POSITION set LEADPOSITIONIND = 0 where POSITIONID = 80722;
		update POSITION set LEADPOSITIONIND = 0 where POSITIONID = 80724;
		update POSITION set LEADPOSITIONIND = 0 where POSITIONID = 80725;
		update POSITION set LEADPOSITIONIND = 0 where POSITIONID = 80726;
		update POSITION set LEADPOSITIONIND = 0 where POSITIONID = 80727;
		update POSITION set LEADPOSITIONIND = 0 where POSITIONID = 80728;
		update POSITION set LEADPOSITIONIND = 0 where POSITIONID = 80729;
		update POSITION set LEADPOSITIONIND = 0 where POSITIONID = 80731;
		update POSITION set LEADPOSITIONIND = 0 where POSITIONID = 80732;
		update POSITION set LEADPOSITIONIND = 0 where POSITIONID = 80733;
		update POSITION set LEADPOSITIONIND = 0 where POSITIONID = 80734;
		update POSITION set LEADPOSITIONIND = 0 where POSITIONID = 80735;
		update POSITION set LEADPOSITIONIND = 0 where POSITIONID = 80736;
		update POSITION set LEADPOSITIONIND = 0 where POSITIONID = 80737;
		update POSITION set LEADPOSITIONIND = 0 where POSITIONID = 80738;
		update POSITION set LEADPOSITIONIND = 0 where POSITIONID = 80739;
		update POSITION set LEADPOSITIONIND = 0 where POSITIONID = 80740;
		update POSITION set LEADPOSITIONIND = 0 where POSITIONID = 80741;
		update POSITION set LEADPOSITIONIND = 0 where POSITIONID = 80742;
		update POSITION set LEADPOSITIONIND = 0 where POSITIONID = 80743;
		update POSITION set LEADPOSITIONIND = 0 where POSITIONID = 80744;
		update POSITION set LEADPOSITIONIND = 0 where POSITIONID = 80746;
		update POSITION set LEADPOSITIONIND = 0 where POSITIONID = 80747;
		update POSITION set LEADPOSITIONIND = 0 where POSITIONID = 80748;
		update POSITION set LEADPOSITIONIND = 0 where POSITIONID = 80749;
		update POSITION set LEADPOSITIONIND = 0 where POSITIONID = 80751;
		update POSITION set LEADPOSITIONIND = 0 where POSITIONID = 80753;
		update POSITION set LEADPOSITIONIND = 0 where POSITIONID = 80754;
		update POSITION set LEADPOSITIONIND = 0 where POSITIONID = 80755;
		update POSITION set LEADPOSITIONIND = 0 where POSITIONID = 80756;
		update POSITION set LEADPOSITIONIND = 0 where POSITIONID = 80758;
		update POSITION set LEADPOSITIONIND = 0 where POSITIONID = 80759;
		update POSITION set LEADPOSITIONIND = 0 where POSITIONID = 80760;
		update POSITION set LEADPOSITIONIND = 0 where POSITIONID = 80761;
		update POSITION set LEADPOSITIONIND = 0 where POSITIONID = 80763;
		update POSITION set LEADPOSITIONIND = 0 where POSITIONID = 80763;
		update POSITION set LEADPOSITIONIND = 0 where POSITIONID = 80764;
		update POSITION set LEADPOSITIONIND = 0 where POSITIONID = 80765;
		update POSITION set LEADPOSITIONIND = 0 where POSITIONID = 80765;
		update POSITION set LEADPOSITIONIND = 0 where POSITIONID = 80766;
		update POSITION set LEADPOSITIONIND = 0 where POSITIONID = 80768;
		update POSITION set LEADPOSITIONIND = 0 where POSITIONID = 80770;
		update POSITION set LEADPOSITIONIND = 0 where POSITIONID = 80771;
		update POSITION set LEADPOSITIONIND = 0 where POSITIONID = 80772;
		update POSITION set LEADPOSITIONIND = 0 where POSITIONID = 80773;
		update POSITION set LEADPOSITIONIND = 0 where POSITIONID = 80775;
		update POSITION set LEADPOSITIONIND = 0 where POSITIONID = 80776;
		update POSITION set LEADPOSITIONIND = 0 where POSITIONID = 80777;
		update POSITION set LEADPOSITIONIND = 0 where POSITIONID = 80778;
		update POSITION set LEADPOSITIONIND = 0 where POSITIONID = 80780;
		update POSITION set LEADPOSITIONIND = 0 where POSITIONID = 80781;
		update POSITION set LEADPOSITIONIND = 0 where POSITIONID = 80782;
		update POSITION set LEADPOSITIONIND = 0 where POSITIONID = 80783;
		update POSITION set LEADPOSITIONIND = 0 where POSITIONID = 80785;
		update POSITION set LEADPOSITIONIND = 0 where POSITIONID = 80787;
		update POSITION set LEADPOSITIONIND = 0 where POSITIONID = 80788;
		update POSITION set LEADPOSITIONIND = 0 where POSITIONID = 80789;
		update POSITION set LEADPOSITIONIND = 0 where POSITIONID = 80790;
		update POSITION set LEADPOSITIONIND = 0 where POSITIONID = 80792;
		update POSITION set LEADPOSITIONIND = 0 where POSITIONID = 80793;
		update POSITION set LEADPOSITIONIND = 0 where POSITIONID = 80794;
		update POSITION set LEADPOSITIONIND = 0 where POSITIONID = 80795;
		update POSITION set LEADPOSITIONIND = 0 where POSITIONID = 80797;
		update POSITION set LEADPOSITIONIND = 0 where POSITIONID = 80798;
		update POSITION set LEADPOSITIONIND = 0 where POSITIONID = 80799;
		update POSITION set LEADPOSITIONIND = 0 where POSITIONID = 80800;
		update POSITION set LEADPOSITIONIND = 0 where POSITIONID = 80802;
		update POSITION set LEADPOSITIONIND = 0 where POSITIONID = 80804;
		update POSITION set LEADPOSITIONIND = 0 where POSITIONID = 80805;
		update POSITION set LEADPOSITIONIND = 0 where POSITIONID = 80806;
		update POSITION set LEADPOSITIONIND = 0 where POSITIONID = 80807;
		update POSITION set LEADPOSITIONIND = 0 where POSITIONID = 80809;
		update POSITION set LEADPOSITIONIND = 0 where POSITIONID = 80810;
		update POSITION set LEADPOSITIONIND = 0 where POSITIONID = 80811;
		update POSITION set LEADPOSITIONIND = 0 where POSITIONID = 80812;
		update POSITION set LEADPOSITIONIND = 0 where POSITIONID = 80814;
		update POSITION set LEADPOSITIONIND = 0 where POSITIONID = 80815;
		update POSITION set LEADPOSITIONIND = 0 where POSITIONID = 80816;
		update POSITION set LEADPOSITIONIND = 0 where POSITIONID = 80817;
		update POSITION set LEADPOSITIONIND = 0 where POSITIONID = 80819;
		update POSITION set LEADPOSITIONIND = 0 where POSITIONID = 80821;
		update POSITION set LEADPOSITIONIND = 0 where POSITIONID = 80822;
		update POSITION set LEADPOSITIONIND = 0 where POSITIONID = 80823;
		update POSITION set LEADPOSITIONIND = 0 where POSITIONID = 80824;
		update POSITION set LEADPOSITIONIND = 0 where POSITIONID = 80826;
		update POSITION set LEADPOSITIONIND = 0 where POSITIONID = 80827;
		update POSITION set LEADPOSITIONIND = 0 where POSITIONID = 80828;
		update POSITION set LEADPOSITIONIND = 0 where POSITIONID = 80829;
		update POSITION set LEADPOSITIONIND = 0 where POSITIONID = 80831;
		update POSITION set LEADPOSITIONIND = 0 where POSITIONID = 80832;
		update POSITION set LEADPOSITIONIND = 0 where POSITIONID = 80833;
		update POSITION set LEADPOSITIONIND = 0 where POSITIONID = 80834;
		update POSITION set LEADPOSITIONIND = 0 where POSITIONID = 80836;
		update POSITION set LEADPOSITIONIND = 0 where POSITIONID = 80838;
		update POSITION set LEADPOSITIONIND = 0 where POSITIONID = 80839;
		update POSITION set LEADPOSITIONIND = 0 where POSITIONID = 80840;
		update POSITION set LEADPOSITIONIND = 0 where POSITIONID = 80841;
		update POSITION set LEADPOSITIONIND = 0 where POSITIONID = 80843;
		update POSITION set LEADPOSITIONIND = 0 where POSITIONID = 80844;
		update POSITION set LEADPOSITIONIND = 0 where POSITIONID = 80845;
		update POSITION set LEADPOSITIONIND = 0 where POSITIONID = 80846;
		update POSITION set LEADPOSITIONIND = 0 where POSITIONID = 80848;
		update POSITION set LEADPOSITIONIND = 0 where POSITIONID = 80849;
		update POSITION set LEADPOSITIONIND = 0 where POSITIONID = 80850;
		update POSITION set LEADPOSITIONIND = 0 where POSITIONID = 80851;
		update POSITION set LEADPOSITIONIND = 0 where POSITIONID = 80853;
		update POSITION set LEADPOSITIONIND = 0 where POSITIONID = 80855;
		update POSITION set LEADPOSITIONIND = 0 where POSITIONID = 80856;
		update POSITION set LEADPOSITIONIND = 0 where POSITIONID = 80857;
		update POSITION set LEADPOSITIONIND = 0 where POSITIONID = 80858;
		update POSITION set LEADPOSITIONIND = 0 where POSITIONID = 80860;
		update POSITION set LEADPOSITIONIND = 0 where POSITIONID = 80861;
		update POSITION set LEADPOSITIONIND = 0 where POSITIONID = 80862;
		update POSITION set LEADPOSITIONIND = 0 where POSITIONID = 80863;
		update POSITION set LEADPOSITIONIND = 0 where POSITIONID = 80865;
		update POSITION set LEADPOSITIONIND = 0 where POSITIONID = 80866;
		update POSITION set LEADPOSITIONIND = 0 where POSITIONID = 80867;
		update POSITION set LEADPOSITIONIND = 0 where POSITIONID = 80868;
		update POSITION set LEADPOSITIONIND = 0 where POSITIONID = 80870;
		update POSITION set LEADPOSITIONIND = 0 where POSITIONID = 80872;
		update POSITION set LEADPOSITIONIND = 0 where POSITIONID = 80873;
		update POSITION set LEADPOSITIONIND = 0 where POSITIONID = 80874;
		update POSITION set LEADPOSITIONIND = 0 where POSITIONID = 80875;
		update POSITION set LEADPOSITIONIND = 0 where POSITIONID = 80877;
		update POSITION set LEADPOSITIONIND = 0 where POSITIONID = 80878;
		update POSITION set LEADPOSITIONIND = 0 where POSITIONID = 80879;
		update POSITION set LEADPOSITIONIND = 0 where POSITIONID = 80880;
		update POSITION set LEADPOSITIONIND = 0 where POSITIONID = 80882;
		update POSITION set LEADPOSITIONIND = 0 where POSITIONID = 80883;
		update POSITION set LEADPOSITIONIND = 0 where POSITIONID = 80884;
		update POSITION set LEADPOSITIONIND = 0 where POSITIONID = 80885;
		update POSITION set LEADPOSITIONIND = 0 where POSITIONID = 80887;
		update POSITION set LEADPOSITIONIND = 0 where POSITIONID = 80888;
		update POSITION set LEADPOSITIONIND = 0 where POSITIONID = 80889;
		update POSITION set LEADPOSITIONIND = 0 where POSITIONID = 80891;
		update POSITION set LEADPOSITIONIND = 0 where POSITIONID = 80892;
		update POSITION set LEADPOSITIONIND = 0 where POSITIONID = 80893;
		update POSITION set LEADPOSITIONIND = 0 where POSITIONID = 80894;
		update POSITION set LEADPOSITIONIND = 0 where POSITIONID = 80896;
		update POSITION set LEADPOSITIONIND = 0 where POSITIONID = 80897;
		update POSITION set LEADPOSITIONIND = 0 where POSITIONID = 80898;
		update POSITION set LEADPOSITIONIND = 0 where POSITIONID = 80899;
		update POSITION set LEADPOSITIONIND = 0 where POSITIONID = 80901;
		update POSITION set LEADPOSITIONIND = 0 where POSITIONID = 80902;
		update POSITION set LEADPOSITIONIND = 0 where POSITIONID = 80903;
		update POSITION set LEADPOSITIONIND = 0 where POSITIONID = 80904;
		update POSITION set LEADPOSITIONIND = 0 where POSITIONID = 80906;
		update POSITION set LEADPOSITIONIND = 0 where POSITIONID = 80907;
		update POSITION set LEADPOSITIONIND = 0 where POSITIONID = 80908;
		update POSITION set LEADPOSITIONIND = 0 where POSITIONID = 80909;
		update POSITION set LEADPOSITIONIND = 0 where POSITIONID = 80910;
		update POSITION set LEADPOSITIONIND = 0 where POSITIONID = 80911;
		update POSITION set LEADPOSITIONIND = 0 where POSITIONID = 80912;
		update POSITION set LEADPOSITIONIND = 0 where POSITIONID = 80913;
		update POSITION set LEADPOSITIONIND = 0 where POSITIONID = 80914;
		update POSITION set LEADPOSITIONIND = 0 where POSITIONID = 80915;
		update POSITION set LEADPOSITIONIND = 0 where POSITIONID = 80916;
		update POSITION set LEADPOSITIONIND = 0 where POSITIONID = 80917;
		update POSITION set LEADPOSITIONIND = 0 where POSITIONID = 80918;
		update POSITION set LEADPOSITIONIND = 0 where POSITIONID = 80919;
		update POSITION set LEADPOSITIONIND = 0 where POSITIONID = 80921;
		update POSITION set LEADPOSITIONIND = 0 where POSITIONID = 80922;
		update POSITION set LEADPOSITIONIND = 0 where POSITIONID = 80923;
		update POSITION set LEADPOSITIONIND = 0 where POSITIONID = 80923;
		update POSITION set LEADPOSITIONIND = 0 where POSITIONID = 80930;
		update POSITION set LEADPOSITIONIND = 0 where POSITIONID = 80931;
		update POSITION set LEADPOSITIONIND = 0 where POSITIONID = 80933;
		update POSITION set LEADPOSITIONIND = 0 where POSITIONID = 80935;
		update POSITION set LEADPOSITIONIND = 0 where POSITIONID = 80937;
		update POSITION set LEADPOSITIONIND = 0 where POSITIONID = 80939;
		update POSITION set LEADPOSITIONIND = 0 where POSITIONID = 80939;
		update POSITION set LEADPOSITIONIND = 0 where POSITIONID = 80941;
		update POSITION set LEADPOSITIONIND = 0 where POSITIONID = 80943;
	</sql>
	</changeSet>
	<changeSet  id="BDM_OAS_V1_UAT01_117643_001"  author="Nabil.Hamade" >
	<sql dbms="oracle"
		 splitStatements="true"
		 stripComments="true">
		delete from BDMSSACountryAgreement where countryname = 'Israel' and ssaCntryAgrmntID = 1043;
	</sql>
	</changeSet>

	<changeSet  id="BDM_OAS_V1_UAT01_115851_01"  author="Nabil.Hamade" >
	<sql dbms="oracle"
		 splitStatements="true"
		 stripComments="true">

		UPDATE CODETABLEITEM SET DESCRIPTION='Période de résidence au Canada', LASTWRITTEN=SYSTIMESTAMP WHERE TABLENAME='EvidenceType' AND CODE='BDMDET0005' AND LOCALEIDENTIFIER='fr';

	</sql>
	</changeSet>

	<changeSet  id="BDM_OAS_V1_UAT01_118353_01"  author="Nabil.Hamade" >
		<sql dbms="oracle"
			 splitStatements="true"
			 stripComments="true">

			delete from ORGUNITPOSITIONLINK where organisationUnitID = 80355;
			delete from ORGUNITPOSITIONLINK where organisationUnitID = 80356;
			delete from ORGUNITPOSITIONLINK where organisationUnitID = 80357;
			delete from ORGUNITPOSITIONLINK where organisationUnitID = 80373;
			delete from ORGUNITPOSITIONLINK where organisationUnitID = 80362;
			delete from ORGUNITPOSITIONLINK where organisationUnitID = 80363;
			delete from ORGUNITPOSITIONLINK where organisationUnitID = 80364;
			delete from ORGUNITPOSITIONLINK where organisationUnitID = 80359;
			delete from ORGUNITPOSITIONLINK where organisationUnitID = 80360;
			delete from ORGUNITPOSITIONLINK where organisationUnitID = 80361;
			delete from ORGUNITPOSITIONLINK where organisationUnitID = 80358;
			delete from ORGUNITPOSITIONLINK where organisationUnitID = 80365;
			delete from ORGUNITPOSITIONLINK where organisationUnitID = 80366;
			delete from ORGUNITPOSITIONLINK where organisationUnitID = 80367;
			delete from ORGUNITPOSITIONLINK where organisationUnitID = 80368;
			delete from ORGUNITPOSITIONLINK where organisationUnitID = 80369;
			update ORGUNITPOSITIONLINK set organisationUnitID = 80328 where organisationUnitID = 80372;

		</sql>
	</changeSet>
	
	
	
	<!-- START :Bug 118200: Document Type and task changes -->
		<changeSet  id="BDM_OAS_V1_UAT01_118200_01"  author="Jalpa.Patel" >
	<sql dbms="oracle"
		 splitStatements="true"
		 stripComments="true">

		
UPDATE CODETABLEITEM SET DESCRIPTION='Incoming Foreign Liaison-Medical', LASTWRITTEN=SYSTIMESTAMP WHERE TABLENAME='DocumentType' AND CODE='BDMADT8024' AND LOCALEIDENTIFIER='en';
UPDATE CODETABLEITEM SET DESCRIPTION='Incoming Foreign Liaison Non-Medical', LASTWRITTEN=SYSTIMESTAMP WHERE TABLENAME='DocumentType' AND CODE='BDMADT8025' AND LOCALEIDENTIFIER='en';
UPDATE CODETABLEITEM SET DESCRIPTION='Outgoing Foreign Liaison',  LASTWRITTEN=SYSTIMESTAMP WHERE TABLENAME='DocumentType' AND CODE='BDMADT8020' AND LOCALEIDENTIFIER='en';


UPDATE CODETABLEITEM SET ISENABLED='0',  LASTWRITTEN=SYSTIMESTAMP WHERE TABLENAME='DocumentType' AND CODE='BDMADT8001' AND LOCALEIDENTIFIER='en';
UPDATE CODETABLEITEM SET ISENABLED='0',  LASTWRITTEN=SYSTIMESTAMP WHERE TABLENAME='DocumentType' AND CODE='BDMADT8001' AND LOCALEIDENTIFIER='fr';
UPDATE CODETABLEITEM SET ISENABLED='0',  LASTWRITTEN=SYSTIMESTAMP WHERE TABLENAME='DocumentType' AND CODE='BDMADT8002' AND LOCALEIDENTIFIER='en';
UPDATE CODETABLEITEM SET  ISENABLED='0', LASTWRITTEN=SYSTIMESTAMP WHERE TABLENAME='DocumentType' AND CODE='BDMADT8002' AND LOCALEIDENTIFIER='fr';
UPDATE CODETABLEITEM SET  ISENABLED='0',  LASTWRITTEN=SYSTIMESTAMP WHERE TABLENAME='DocumentType' AND CODE='BDMADT8003' AND LOCALEIDENTIFIER='en';
UPDATE CODETABLEITEM SET  ISENABLED='0', LASTWRITTEN=SYSTIMESTAMP WHERE TABLENAME='DocumentType' AND CODE='BDMADT8003' AND LOCALEIDENTIFIER='fr';
UPDATE CODETABLEITEM SET  ISENABLED='0', LASTWRITTEN=SYSTIMESTAMP WHERE TABLENAME='DocumentType' AND CODE='BDMADT8004' AND LOCALEIDENTIFIER='en';
UPDATE CODETABLEITEM SET ISENABLED='0',   LASTWRITTEN=SYSTIMESTAMP WHERE TABLENAME='DocumentType' AND CODE='BDMADT8004' AND LOCALEIDENTIFIER='fr';
UPDATE CODETABLEITEM SET  ISENABLED='0',  LASTWRITTEN=SYSTIMESTAMP WHERE TABLENAME='DocumentType' AND CODE='BDMADT8007' AND LOCALEIDENTIFIER='en';
UPDATE CODETABLEITEM SET  ISENABLED='0', LASTWRITTEN=SYSTIMESTAMP WHERE TABLENAME='DocumentType' AND CODE='BDMADT8007' AND LOCALEIDENTIFIER='fr';

UPDATE CODETABLEITEM SET  ISENABLED='0',   LASTWRITTEN=SYSTIMESTAMP WHERE TABLENAME='DocumentType' AND CODE='BDMADT8027' AND LOCALEIDENTIFIER='en';
UPDATE CODETABLEITEM SET  ISENABLED='0',   LASTWRITTEN=SYSTIMESTAMP WHERE TABLENAME='DocumentType' AND CODE='BDMADT8027' AND LOCALEIDENTIFIER='fr';



	</sql>
	</changeSet>

	<changeSet  id="BDM_OAS_V1_UAT01_114371_01"  author="Nabil.Hamade" >
		<sql dbms="oracle"
			 splitStatements="true"
			 stripComments="true">

			UPDATE CODETABLEITEM SET DESCRIPTION='Réussite de la vérification du NAS', LASTWRITTEN=SYSTIMESTAMP WHERE TABLENAME='BDMSIRCheckSummaryResult' AND CODE='BDMSCR05' AND LOCALEIDENTIFIER='fr';

		</sql>
	</changeSet>
    <changeSet id="BDM_OAS_V1_UAT01_118658"  author="Manohar.Raulji" >
    <sql dbms="oracle"
     splitStatements="true"
     stripComments="true">	
			 
		DELETE FROM APPRESOURCE
		WHERE RESOURCEID=900013;

		DELETE FROM APPRESOURCE
		WHERE RESOURCEID=900060;

		DELETE FROM APPRESOURCE
		WHERE RESOURCEID=900061;

		DELETE FROM APPRESOURCE
		WHERE RESOURCEID=909009;

		DELETE FROM APPRESOURCE
		WHERE RESOURCEID=909045;

		DELETE FROM APPRESOURCE
		WHERE RESOURCEID=909046;
	 
	 </sql>
    </changeSet>    	
	
	<changeSet  id="BDM_OAS_V1_UAT01_118209_01"  author="Jalpa.Patel" >
		<sql dbms="oracle"
			 splitStatements="true"
			 stripComments="true">

			INSERT INTO SECURITYGROUPSID (GROUPNAME, SIDNAME, LASTWRITTEN) VALUES('IOInboxManagementGROUP', 'BDMTaskManagement.forward', NULL);
		</sql>
     </changeSet> 
     <changeSet  id="BDM_OAS_V1_UAT01_110803_01"  author="farooq.shaik" >
     <sql dbms="oracle"
     splitStatements="true"
     stripComments="true">	

		UPDATE APPRESOURCE
		SET lastwritten = systimestamp, versionno = (versionno + 1)
		WHERE RESOURCEID=60261;

	 </sql>
     </changeSet>   
     
     <changeSet  id="BDM_OAS_V1_UAT01_116244_02"  author="Jalpa.Patel" >
		<sql dbms="oracle"
			 splitStatements="true"
			 stripComments="true">
			 UPDATE CODETABLEITEM SET DESCRIPTION='Détails sur la naissance et le décès', LASTWRITTEN=SYSTIMESTAMP WHERE TABLENAME='TemporalEvTypeApproval' AND CODE='PDC0000264' AND LOCALEIDENTIFIER='fr';
			 
UPDATE CODETABLEITEM SET DESCRIPTION='Détails sur la naissance et le décès', LASTWRITTEN=SYSTIMESTAMP WHERE TABLENAME='EvidenceType' AND CODE='PDC0000264' AND LOCALEIDENTIFIER='fr';

				UPDATE APPRESOURCE SET LASTWRITTEN=SYSTIMESTAMP WHERE RESOURCEID=60359;
		</sql> 
		</changeSet>
    
	
	<changeSet id="BDM_OAS_V1_UAT01_115244_01"  author="farooq.shaik" >
    <sql dbms="oracle"
     splitStatements="true"
     stripComments="true">

  		UPDATE CODETABLEITEM SET DESCRIPTION='Numéro de téléphone' WHERE TABLENAME='EvidenceType' AND CODE='PDC0000256' AND LOCALEIDENTIFIER='fr';
  		UPDATE CODETABLEITEM SET DESCRIPTION='Numéro de téléphone' WHERE TABLENAME='TemporalEvTypeApproval' AND CODE='PDC0000256' AND LOCALEIDENTIFIER='fr';

	 </sql>
     </changeSet>
     
     
      <changeSet  id="BDM_OAS_V1_UAT01_116244_03"  author="Jalpa.Patel" >
		<sql dbms="oracle"
			 splitStatements="true"
			 stripComments="true">
					
				UPDATE APPRESOURCE SET lastwritten = systimestamp, versionno = (versionno + 1) WHERE RESOURCEID=60359;
				UPDATE APPRESOURCE SET lastwritten = systimestamp, versionno = (versionno + 1) WHERE RESOURCEID=80676;
				UPDATE APPRESOURCE SET lastwritten = systimestamp, versionno = (versionno + 1), LOCALEIDENTIFIER='en'  WHERE RESOURCEID=80023;
				
				
				
		</sql> 
		</changeSet>

	<changeSet  id="BDM_OAS_V1_UAT01_118883_01"  author="Nabil.Hamade" >
		<sql dbms="oracle"
			 splitStatements="true"
			 stripComments="true">
			update location set PARENTLOCATIONID = 1 where LOCATIONID > 80056;
		</sql>
	</changeSet>


     <changeSet id="BDM_OAS_V1_UAT01_110803_03"
		author="farooq.shaik">
		<sql dbms="oracle" splitStatements="true" stripComments="true">

			UPDATE APPRESOURCE
			SET lastwritten = systimestamp, versionno = (versionno + 1)
			WHERE RESOURCEID=60261;

			UPDATE APPRESOURCE
			SET lastwritten = systimestamp, versionno = (versionno + 1)
			WHERE RESOURCEID=909002;

			UPDATE APPRESOURCE
			SET lastwritten = systimestamp, versionno = (versionno + 1)
			WHERE RESOURCEID=909006;

			UPDATE APPRESOURCE
			SET lastwritten = systimestamp, versionno = (versionno + 1)
			WHERE RESOURCEID=60359;

			UPDATE APPRESOURCE
			SET lastwritten = systimestamp, versionno = (versionno + 1)
			WHERE RESOURCEID=60388;

			UPDATE APPRESOURCE
			SET lastwritten = systimestamp, versionno = (versionno + 1)
			WHERE RESOURCEID=80676;

			UPDATE APPRESOURCE
			SET lastwritten = systimestamp, versionno = (versionno + 1)
			WHERE RESOURCEID=900001;

			UPDATE APPRESOURCE
			SET lastwritten = systimestamp, versionno = (versionno + 1)
			WHERE RESOURCEID=900008;

			UPDATE APPRESOURCE
			SET lastwritten = systimestamp, versionno = (versionno + 1)
			WHERE RESOURCEID=29019;

			UPDATE APPRESOURCE
			SET lastwritten = systimestamp, versionno = (versionno + 1)
			WHERE RESOURCEID=29084;

			UPDATE APPRESOURCE
			SET lastwritten = systimestamp, versionno = (versionno + 1)
			WHERE RESOURCEID=80023;

		</sql>
	</changeSet>

	<changeSet  id="BDM_OAS_V1_UAT01_114928_01"  author="Nabil.Hamade" >
		<sql dbms="oracle"
			 splitStatements="true"
			 stripComments="true">
			INSERT WHEN NOT EXISTS (SELECT orgunitparentlinkid FROM ORGUNITPARENTLINK where orgunitparentlinkid = 90117) THEN into ORGUNITPARENTLINK (ORGUNITPARENTLINKID,ORGANISATIONSTRUCTUREID,ORGANISATIONUNITID,PARENTORGANISATIONUNITID,RECORDSTATUS,VERSIONNO) values (90117,1,80117,80033,'RST1',1) SELECT 'orgunitparentlinkid' FROM DUAL;
			delete from ORGUNITPARENTLINK where ORGANISATIONUNITID = 80358;
		</sql>
	</changeSet>
	
	<changeSet id="BDM_OAS_V1_UAT01_116405_Apr19"  author="Manohar.Raulji" >
    	<sql dbms="oracle" splitStatements="true" stripComments="true">	
					 
			UPDATE CODETABLEITEM
			SET DESCRIPTION='Administration centrale', lastwritten = systimestamp, versionno = (versionno + 1)
			WHERE TABLENAME='LocationType' AND CODE='BDMLT5009' AND LOCALEIDENTIFIER='fr';
	
			UPDATE CODETABLEITEM
			SET DESCRIPTION='Bureau non classé', lastwritten = systimestamp, versionno = (versionno + 1)
			WHERE TABLENAME='LocationType' AND CODE='BDMLT5008' AND LOCALEIDENTIFIER='fr';
	
			UPDATE CODETABLEITEM
			SET DESCRIPTION='Centre Service Canada', lastwritten = systimestamp, versionno = (versionno + 1)
			WHERE TABLENAME='LocationType' AND CODE='BDMLT5004' AND LOCALEIDENTIFIER='fr';
	
			UPDATE CODETABLEITEM
			SET DESCRIPTION='Traitement spécialisé', lastwritten = systimestamp, versionno = (versionno + 1)
			WHERE TABLENAME='LocationType' AND CODE='BDMLT5003' AND LOCALEIDENTIFIER='fr';
	
			UPDATE CODETABLEITEM
			SET DESCRIPTION='Centre d''appel', lastwritten = systimestamp, versionno = (versionno + 1)
			WHERE TABLENAME='LocationType' AND CODE='BDMLT5007' AND LOCALEIDENTIFIER='fr';
	
			UPDATE CODETABLEITEM
			SET DESCRIPTION='Opérations internationales', lastwritten = systimestamp, versionno = (versionno + 1)
			WHERE TABLENAME='LocationType' AND CODE='BDMLT5006' AND LOCALEIDENTIFIER='fr';
	
			UPDATE CODETABLEITEM
			SET DESCRIPTION='Centre de traitement', lastwritten = systimestamp, versionno = (versionno + 1)
			WHERE TABLENAME='LocationType' AND CODE='BDMLT5005' AND LOCALEIDENTIFIER='fr';

	 
		</sql>
	</changeSet>	


	
	 <changeSet  id="BDM_OAS_V1_UAT01_116244_04"  author="Jalpa.Patel" >
		<sql dbms="oracle"
			 splitStatements="true"
			 stripComments="true">
	
	UPDATE CODETABLEITEM SET DESCRIPTION='Liaison étrangère sortante', VERSIONNO=(VERSIONNO+1), LASTWRITTEN=SYSTIMESTAMP WHERE TABLENAME='DocumentType' AND CODE='BDMADT8020' AND LOCALEIDENTIFIER='fr';
UPDATE CODETABLEITEM SET DESCRIPTION='Liaison étrangère entrante (médicale)',VERSIONNO=(VERSIONNO+1), LASTWRITTEN=SYSTIMESTAMP WHERE TABLENAME='DocumentType' AND CODE='BDMADT8024' AND LOCALEIDENTIFIER='fr';
UPDATE CODETABLEITEM SET DESCRIPTION='Incoming Foreign Liaison',VERSIONNO=(VERSIONNO+1), LASTWRITTEN=SYSTIMESTAMP WHERE TABLENAME='DocumentType' AND CODE='BDMADT8025' AND LOCALEIDENTIFIER='en';
UPDATE CODETABLEITEM SET DESCRIPTION='Liaison étrangère entrante', VERSIONNO=(VERSIONNO+1), LASTWRITTEN=SYSTIMESTAMP WHERE TABLENAME='DocumentType' AND CODE='BDMADT8025' AND LOCALEIDENTIFIER='fr';

	
	</sql>
	</changeSet>

	<changeSet id="BDM_OAS_V1_UAT01_SYSUSERDISABLE"  author="Manohar.Raulji" >
    	<sql dbms="oracle" splitStatements="true" stripComments="true">		 
					 
			UPDATE USERS
			SET ACCOUNTENABLED='0', lastwritten = systimestamp, versionno = (versionno + 1)
			WHERE USERNAME='admin';

			UPDATE USERS
			SET ACCOUNTENABLED='0', lastwritten = systimestamp, versionno = (versionno + 1)
			WHERE USERNAME='superuser';

			UPDATE USERS
			SET ACCOUNTENABLED='0', lastwritten = systimestamp, versionno = (versionno + 1)
			WHERE USERNAME='sysadmin';

			UPDATE USERS
			SET ACCOUNTENABLED='0', lastwritten = systimestamp, versionno = (versionno + 1)
			WHERE USERNAME='unauthenticated';

		</sql>
	</changeSet>

</databaseChangeLog>

