<EvidenceTypeVersion correctionOnly="true"
	modifiable="false" readOnly="true" relatedParticipant="participant">
	<Model>
		<Attributes>
			<Attribute>
				<RelatedCPAttribute cpRoleType="MEM"
					name="participant" participantType="Person">
					<CPSearchType code="PRI" />
					<CPSearchType code="MEM" />
				</RelatedCPAttribute>
			</Attribute>
			<Attribute>
				<DataAttribute name="flagReviewResult">
					<DomainType dataType="Codetable">
						<CodetableOptions codetableName="BDMSIRCheckResult" />
					</DomainType>
				</DataAttribute>
			</Attribute>
			<Attribute>
				<DataAttribute name="valiadtionResult">
					<DomainType dataType="Codetable">
						<CodetableOptions
							codetableName="BDMSIRCheckResult" />
					</DomainType>
				</DataAttribute>
			</Attribute>
			<Attribute>
				<DataAttribute name="mismatchResult">
					<DomainType dataType="Codetable">
						<CodetableOptions
							codetableName="BDMSIRCheckResult" />
					</DomainType>
				</DataAttribute>
			</Attribute>
            <Attribute>
				<DataAttribute name="resFlag">
					<DomainType dataType="Codetable">
						<CodetableOptions codetableName="BDMSIRFlag" />
					</DomainType>
				</DataAttribute>
			</Attribute>
            <Attribute>
				<DataAttribute name="resID">
					<DomainType dataType="Integer" />
				</DataAttribute>
			</Attribute>
			<Attribute>
				<DataAttribute name="reqNameEvidenceID">
					<DomainType dataType="Integer" />
				</DataAttribute>
			</Attribute>
			<Attribute>
				<DataAttribute name="reqDOBEvidenceID">
					<DomainType dataType="Integer" />
				</DataAttribute>
			</Attribute>
			<Attribute>
				<DataAttribute name="reqSINEvidenceID">
					<DomainType dataType="Integer" />
				</DataAttribute>
			</Attribute>
			<Attribute>
				<DataAttribute name="reqSIN">
					<DomainType dataType="String" />
				</DataAttribute>
			</Attribute>
			<Attribute>
				<DataAttribute name="identityVerificationResult">
					<DomainType dataType="String" />
				</DataAttribute>
			</Attribute>
			<Attribute>
				<DataAttribute name="identityMatchResult">
					<DomainType dataType="Codetable">
						<CodetableOptions
							codetableName="BDMSIRMatchResult" />
					</DomainType>
				</DataAttribute>
			</Attribute>
			<Attribute>
				<DataAttribute name="integrityReviewFlags">
					<DomainType dataType="Codetable">
						<CodetableOptions
							codetableName="BDMSIRCheckResult" />
					</DomainType>
				</DataAttribute>
			</Attribute>
			<Attribute>
				<DataAttribute name="identityReviewFlag">
					<DomainType dataType="Codetable">
						<CodetableOptions
							codetableName="BDMSIRCheckResult" />
					</DomainType>
				</DataAttribute>
			</Attribute>
			<Attribute>
				<DataAttribute name="addressReviewFlag">
					<DomainType dataType="Codetable">
						<CodetableOptions
							codetableName="BDMSIRCheckResult" />
					</DomainType>
				</DataAttribute>
			</Attribute>
			<Attribute>
				<DataAttribute name="appDateCheckResult">
					<DomainType dataType="Boolean" />
				</DataAttribute>
			</Attribute>
			<Attribute>
				<DataAttribute name="reactivationDateCheckResult">
					<DomainType dataType="Boolean" />
				</DataAttribute>
			</Attribute>
			<Attribute>
				<DataAttribute name="dobDateCheckResult">
					<DomainType dataType="Boolean" />
				</DataAttribute>
			</Attribute>
            <!-- New Attributes -->
			<Attribute>
				<DataAttribute name="reqFirstName">
					<DomainType dataType="String" />
				</DataAttribute>
			</Attribute>
			<Attribute>
				<DataAttribute name="reqMiddleName">
					<DomainType dataType="String" />
				</DataAttribute>
			</Attribute>
			<Attribute>
				<DataAttribute name="reqLastName">
					<DomainType dataType="String" />
				</DataAttribute>
			</Attribute>
			<Attribute>
				<DataAttribute name="reqParentsLastNameAtBirth">
					<DomainType dataType="String" />
				</DataAttribute>
			</Attribute>
			<Attribute>
				<DataAttribute name="reqDateOfBirth">
					<DomainType dataType="String" />
				</DataAttribute>
			</Attribute>
            <Attribute>
				<DataAttribute name="resMatchCheck">
					<DomainType dataType="String" />
				</DataAttribute>
			</Attribute>
            
            <!--  BDMSINSIRValidation  -->
            <Attribute>
				<DataAttribute name="resMatchFlag">
					<DomainType dataType="Boolean" />
				</DataAttribute>
			</Attribute>
            <Attribute>
				<DataAttribute name="resDormantUpdateDate">
					<DomainType dataType="String" />
				</DataAttribute>
			</Attribute>
            
            <!--  BDMSINSIRIndividual  -->            
            <Attribute>
				<DataAttribute name="resSexCode">
					<DomainType dataType="String" />
				</DataAttribute>
			</Attribute>
            <Attribute>
				<DataAttribute name="resTwinsInd">
					<DomainType dataType="Integer" />
				</DataAttribute>
			</Attribute>
            <Attribute>
				<DataAttribute name="resMultipleFlagInd">
					<DomainType dataType="Integer" />
				</DataAttribute>
			</Attribute>
            <Attribute>
				<DataAttribute name="resDuplicateFlagInd">
					<DomainType dataType="Integer" />
				</DataAttribute>
			</Attribute>
            
            <!--  BDMSINSIRSearchTable  -->
            <Attribute>
				<DataAttribute name="resGivenName">
					<DomainType dataType="String" />
				</DataAttribute>
			</Attribute>
			<Attribute>
				<DataAttribute name="resMiddleName">
					<DomainType dataType="String" />
				</DataAttribute>
			</Attribute>
			<Attribute>
				<DataAttribute name="resSurName">
					<DomainType dataType="String" />
				</DataAttribute>
			</Attribute>
			<Attribute>
				<DataAttribute name="resParentsMaidenName">
					<DomainType dataType="String" />
				</DataAttribute>
			</Attribute>
			<Attribute>
				<DataAttribute name="resDateOfBirth">
					<DomainType dataType="Date" />
				</DataAttribute>
			</Attribute>
            <Attribute>
				<DataAttribute name="resSINIdentification">
					<DomainType dataType="String" />
				</DataAttribute>
			</Attribute>
            
            <!--  BDMSINSIRSin  -->
            <Attribute>
				<DataAttribute name="resSINIdentificationStatus">
					<DomainType dataType="Integer" />
				</DataAttribute>
			</Attribute>
            <Attribute>
				<DataAttribute name="resSINIssueDate">
					<DomainType dataType="String" />
				</DataAttribute>
			</Attribute>
			<Attribute>
				<DataAttribute name="resSINRestrictions">
					<DomainType dataType="String" />
				</DataAttribute>
			</Attribute>
            <Attribute>
				<DataAttribute name="resDormantFlag">
					<DomainType dataType="String" />
				</DataAttribute>
			</Attribute>
			<Attribute>
				<DataAttribute name="resDormantEffectiveDate">
					<DomainType dataType="String" />
				</DataAttribute>
			</Attribute>
            
            <Attribute>
				<DataAttribute name="resSINNewlyAcquired">
					<DomainType dataType="String" />
				</DataAttribute>
			</Attribute>
			<Attribute>
				<DataAttribute name="resSINAcquiredLaterInLife">
					<DomainType dataType="String" />
				</DataAttribute>
			</Attribute>
			<Attribute>
				<DataAttribute name="resSINRecentlyDormant">
					<DomainType dataType="String" />
				</DataAttribute>
			</Attribute>
			<Attribute>
				<DataAttribute name="resSINReactivationDate">
					<DomainType dataType="Date" />
				</DataAttribute>
			</Attribute>
            
			<!--  BDMSINSIRCertifications  -->
            <Attribute>
				<DataAttribute name="resCitizenshipCertifiedInd">
					<DomainType dataType="Integer" />
				</DataAttribute>
			</Attribute>
			<Attribute>
				<DataAttribute name="resCPPCertifiedInd">
					<DomainType dataType="Integer" />
				</DataAttribute>
			</Attribute>
			<Attribute>
				<DataAttribute name="resFossCertifiedInd">
					<DomainType dataType="Integer" />
				</DataAttribute>
			</Attribute>
			<Attribute>
				<DataAttribute name="resBDMCertifiedInd">
					<DomainType dataType="Integer" />
				</DataAttribute>
			</Attribute>
			<Attribute>
				<DataAttribute name="resOtherCertifiedInd">
					<DomainType dataType="Integer" />
				</DataAttribute>
			</Attribute>
			<Attribute>
				<DataAttribute name="resProvincialCertifiedInd">
					<DomainType dataType="Integer" />
				</DataAttribute>
			</Attribute>
			<Attribute>
				<DataAttribute name="resRRQCertifiedInd">
					<DomainType dataType="Integer" />
				</DataAttribute>
			</Attribute>
			<Attribute>
				<DataAttribute name="resSINCertifiedInd">
					<DomainType dataType="Integer" />
				</DataAttribute>
			</Attribute>
			
            <!--  BDMSINSIRNonMatch  - Use this for results?? -->
            <Attribute>
				<DataAttribute name="resSINIdentificationMatch">
					<DomainType dataType="Codetable">
						<CodetableOptions
							codetableName="BDMSIRCheckResult" />
					</DomainType>
				</DataAttribute>
			</Attribute>
            <Attribute>
				<DataAttribute name="resGivenNameMatch">
					<DomainType dataType="Codetable">
						<CodetableOptions
							codetableName="BDMSIRCheckResult" />
					</DomainType>
				</DataAttribute>
			</Attribute>
            <Attribute>
				<DataAttribute name="resSurnameMatch">
					<DomainType dataType="Codetable">
						<CodetableOptions
							codetableName="BDMSIRCheckResult" />
					</DomainType>
				</DataAttribute>
			</Attribute>
            <Attribute>
				<DataAttribute name="resDateOfBirthMatch">
					<DomainType dataType="Codetable">
						<CodetableOptions
							codetableName="BDMSIRCheckResult" />
					</DomainType>
				</DataAttribute>
			</Attribute>
            <Attribute>
				<DataAttribute name="resParentsMatch">
					<DomainType dataType="Codetable">
						<CodetableOptions
							codetableName="BDMSIRCheckResult" />
					</DomainType>
				</DataAttribute>
			</Attribute>
            
            <!--  BDMSINSIRMiscellaneous  -->
            <Attribute>
				<DataAttribute name="resMiscType">
					<DomainType dataType="String" />
				</DataAttribute>
			</Attribute>
			<Attribute>
				<DataAttribute name="resMiscEffectiveDate">
					<DomainType dataType="String" />
				</DataAttribute>
			</Attribute>
            
            <!--  BDMSINSIRSpecialAccounts  -->
            <Attribute>
				<DataAttribute name="resSpecialAccountCodeType">
					<DomainType dataType="String" />
				</DataAttribute>
			</Attribute>
			<Attribute>
				<DataAttribute name="resSpecialAccountEffectiveDate">
					<DomainType dataType="String" />
				</DataAttribute>
			</Attribute>
            
            <!-- BDMSINSIRExpiryDate   -->
            <Attribute>
				<DataAttribute name="resDrvdSINExpiryDate">
					<DomainType dataType="Date" />
				</DataAttribute>
			</Attribute>
            <Attribute>
				<DataAttribute name="resSINExpiryDate">
					<DomainType dataType="Date" />
				</DataAttribute>
			</Attribute>
			<Attribute>
				<DataAttribute name="resImmigrationExpiryDate">
					<DomainType dataType="Date" />
				</DataAttribute>
			</Attribute>
			<Attribute>
				<DataAttribute name="resDrvdImmigrationExpiryDate">
					<DomainType dataType="Date" />
				</DataAttribute>
			</Attribute>
            
            <!-- BDMSINSIRDeathIndividuals   -->
            <Attribute>
				<DataAttribute name="resPersonLivingInd">
					<DomainType dataType="Integer" />
				</DataAttribute>
			</Attribute>
            <Attribute>
				<DataAttribute name="resDeathDate">
					<DomainType dataType="String" />
				</DataAttribute>
			</Attribute>
			<Attribute>
				<DataAttribute name="resDrvdDeathDate">
					<DomainType dataType="String" />
				</DataAttribute>
			</Attribute>
			<Attribute>
				<DataAttribute name="resProvinceCode">
					<DomainType dataType="Integer" />
				</DataAttribute>
			</Attribute>
			<Attribute>
				<DataAttribute name="resDeathCertifiedInd">
					<DomainType dataType="Integer" />
				</DataAttribute>
			</Attribute>
			<Attribute>
				<DataAttribute name="resDrvdDeathCertifiedInd">
					<DomainType dataType="Integer" />
				</DataAttribute>
			</Attribute>
			<Attribute>
				<DataAttribute name="resDeathCertificateIdentification">
					<DomainType dataType="String" />
				</DataAttribute>
			</Attribute>
            
            <!-- BDMSINSIRProvincialValidation   -->
            <Attribute>
				<DataAttribute name="resProvValActionCode">
					<DomainType dataType="String" />
				</DataAttribute>
			</Attribute>
			<Attribute>
				<DataAttribute name="resProvValDocumentIdentification">
					<DomainType dataType="String" />
				</DataAttribute>
			</Attribute>
			<Attribute>
				<DataAttribute name="resProvValDocumentType">
					<DomainType dataType="String" />
				</DataAttribute>
			</Attribute>
			<Attribute>
				<DataAttribute name="resProvValDocumentCategoryCode">
					<DomainType dataType="String" />
				</DataAttribute>
			</Attribute>
            <Attribute>
				<DataAttribute name="resCanProvinceCode">
					<DomainType dataType="Integer" />
				</DataAttribute>
			</Attribute>
            
            <!-- BDMSINSIRFather   -->
            <Attribute>
				<DataAttribute name="resFatherGivenName">
					<DomainType dataType="String" />
				</DataAttribute>
			</Attribute>
			<Attribute>
				<DataAttribute name="resFatherSurName">
					<DomainType dataType="String" />
				</DataAttribute>
			</Attribute>
            <Attribute>
				<DataAttribute name="resMothersGivenName">
					<DomainType dataType="String" />
				</DataAttribute>
			</Attribute>
			<Attribute>
				<DataAttribute name="resMothersSurName">
					<DomainType dataType="String" />
				</DataAttribute>
			</Attribute>
			
            <!-- BDMSINSIRBirthCertificate   -->
            <Attribute>
				<DataAttribute name="resBirthCertificateIdentification">
					<DomainType dataType="String" />
				</DataAttribute>
			</Attribute>
			<Attribute>
				<DataAttribute name="resBirthCertificateEffectiveDate">
					<DomainType dataType="String" />
				</DataAttribute>
			</Attribute>
            
            <!-- SIR Flags   -->
			<Attribute>
				<DataAttribute name="resStopApplication">
					<DomainType dataType="String" />
				</DataAttribute>
			</Attribute>
			<Attribute>
				<DataAttribute name="resIntegrityReview">
					<DomainType dataType="String" />
				</DataAttribute>
			</Attribute>
			<Attribute>
				<DataAttribute name="resInvestigationReferral">
					<DomainType dataType="String" />
				</DataAttribute>
			</Attribute>
			<Attribute>
				<DataAttribute name="resConfirmIdentity">
					<DomainType dataType="String" />
				</DataAttribute>
			</Attribute>
			<Attribute>
				<DataAttribute name="resConfirmAddress">
					<DomainType dataType="String" />
				</DataAttribute>
			</Attribute>
			
            <!-- Other Attributes   -->
            <Attribute>
				<DataAttribute name="resGender">
					<DomainType dataType="Integer" />
				</DataAttribute>
			</Attribute>
			<Attribute>
				<DataAttribute name="resStatusType">
					<DomainType dataType="Integer" />
				</DataAttribute>
			</Attribute>
			
			<Attribute>
				<DataAttribute name="resNonSIRCertifiedInd">
					<DomainType dataType="Integer" />
				</DataAttribute>
			</Attribute>
			
			<Attribute>
				<DataAttribute name="resPlaceID">
					<DomainType dataType="Integer" />
				</DataAttribute>
			</Attribute>
			<Attribute>
				<DataAttribute name="resSourceType">
					<DomainType dataType="Integer" />
				</DataAttribute>
			</Attribute>
			
			<!-- Task 55325 Summary Result -->
			<Attribute>
				<DataAttribute name="summaryResult">
					<DomainType dataType="Codetable">
						<CodetableOptions
							codetableName="BDMSIRCheckSummaryResult" />
					</DomainType>
				</DataAttribute>
			</Attribute>
			
		</Attributes>
		<Relationships />
	</Model>
	<Validations />
	<SummaryInformation>
		<SummaryMapping>
			<Summary>
				<parameter name="summaryResult" />
				<SummaryResource id="SINSIRCheck.SummaryMessage" />
			</Summary>
		</SummaryMapping>
	</SummaryInformation>
	<UserInterface createDialogWidth="700"
		modifyDialogWidth="700">
		<Cluster>
			<RelCPCluster defaultToBlank="false"
				fullCreateParticipant="false" isOnCreatePage="true"
				modifyOption="no" useSingleName="false">
				<StandardField source="participant" />
				<ClusterName id="Cluster.Participant" />
				<LabelName id="Participant.Description.ID2" />
			</RelCPCluster>
		</Cluster>
		<Cluster>
			<StandardCluster isOnCreatePage="true"
				isOnModifyPage="true" isOnViewPage="true" numberOfColumns="1">
				<Title id="Cluster.Title.Details" />
				<StandardClusterField>
					<StandardField modifiable="false"
						source="identityVerificationResult">
						<Label id="Field.Label.EvidenceDescription" />
					</StandardField>
				</StandardClusterField>
			</StandardCluster>	
		</Cluster>
		<Cluster>
			<StandardCluster isOnCreatePage="true"
				isOnModifyPage="true" isOnViewPage="true" numberOfColumns="1">
				<Title id="Cluster.Title.RequestDetails" />
				<StandardClusterField>
					<StandardField modifiable="false"
						source="reqSIN">
						<Label id="Field.Label.requestSIN" />
					</StandardField>
				</StandardClusterField>
				<StandardClusterField>
					<StandardField modifiable="false"
						source="reqFirstName">
						<Label id="Field.Label.requestFirstName" />
					</StandardField>
				</StandardClusterField>
				<StandardClusterField>
					<StandardField modifiable="false"
						source="reqMiddleName">
						<Label id="Field.Label.requestMiddleName" />
					</StandardField>
				</StandardClusterField>
				<StandardClusterField>
					<StandardField modifiable="false"
						source="reqLastName">
						<Label id="Field.Label.requestLastName" />
					</StandardField>
				</StandardClusterField>
				<StandardClusterField>
					<StandardField modifiable="false"
						source="reqParentsLastNameAtBirth">
						<Label id="Field.Label.requestParentLastNameBirth" />
					</StandardField>
				</StandardClusterField>
				<StandardClusterField>
					<StandardField modifiable="false"
						source="reqDateOfBirth">
						<Label id="Field.Label.requestDateOfBirth" />
					</StandardField>
				</StandardClusterField>
			</StandardCluster>
		</Cluster>

		<Cluster>
			<StandardCluster isOnCreatePage="true"
				isOnModifyPage="true" isOnViewPage="true" numberOfColumns="2">
				<Title id="Cluster.Title.ResponseDetails" />
				<StandardClusterField>
					<StandardField modifiable="false"
						source="resSINIdentification">
						<Label id="Field.Label.responseSIN" />
					</StandardField>
				</StandardClusterField>
				<StandardClusterField>
					<StandardField modifiable="false"
						source="resSINIdentificationMatch">
						<Label id="Field.Label.responseResult" />
					</StandardField>
				</StandardClusterField>
				<StandardClusterField>
					<StandardField modifiable="false"
						source="resGivenName">
						<Label id="Field.Label.responseFirstGivenName" />
					</StandardField>
				</StandardClusterField>
				<StandardClusterField>
					<StandardField modifiable="false"
						source="resGivenNameMatch">
						<Label id="Field.Label.responseResult" />
					</StandardField>
				</StandardClusterField>
				<StandardClusterField>
					<StandardField modifiable="false"
						source="resMiddleName">
						<Label id="Field.Label.responseSecondGivenName" />
					</StandardField>
				</StandardClusterField>
				<StandardClusterField>
					<StandardField modifiable="false"
						source="">
						<Label id="Field.Label.responseResult" />
					</StandardField>
				</StandardClusterField>
				<StandardClusterField>
					<StandardField modifiable="false"
						source="resSurName">
						<Label id="Field.Label.responseLastName" />
					</StandardField>
				</StandardClusterField>
				<StandardClusterField>
					<StandardField modifiable="false"
						source="resSurnameMatch">
						<Label id="Field.Label.responseResult" />
					</StandardField>
				</StandardClusterField>
				<StandardClusterField>
					<StandardField modifiable="false"
						source="resParentsMaidenName">
						<Label id="Field.Label.responseParentLastNameBirth" />
					</StandardField>
				</StandardClusterField>
				<StandardClusterField>
					<StandardField modifiable="false"
						source="resParentsMatch">
						<Label id="Field.Label.responseResult" />
					</StandardField>
				</StandardClusterField>
				<StandardClusterField>
					<StandardField modifiable="false"
						source="resDateOfBirth">
						<Label id="Field.Label.responseDateOfBirth" />
					</StandardField>
				</StandardClusterField>
				<StandardClusterField>
					<StandardField modifiable="false"
						source="resDateOfBirthMatch">
						<Label id="Field.Label.responseResult" />
					</StandardField>
				</StandardClusterField>
				<StandardClusterField>
					<StandardField modifiable="false"
						source="identityMatchResult">
						<Label id="Field.Label.responseMatchCheck" />
					</StandardField>
				</StandardClusterField>
			</StandardCluster>
		</Cluster>
		<Cluster>
			<StandardCluster isOnCreateage="true"
				isOnModifyPage="true" isOnViewPage="true" numberOfColumns="1">
				<Title id="Cluster.Title.SINDate" />
				<StandardClusterField>
					<StandardField modifiable="false"
						source="resSINIssueDate">
						<Label id="Field.Label.sinIssuanceDate" />
					</StandardField>
				</StandardClusterField>
				<StandardClusterField>
					<StandardField modifiable="false"
						source="appDateCheckResult">
						<Label id="Field.Label.sinNewlyAcquired" />
					</StandardField>
				</StandardClusterField>
				<StandardClusterField>
					<StandardField modifiable="false"
						source="dobDateCheckResult">
						<Label id="Field.Label.sinAcquiredLaterInLife" />
					</StandardField>
				</StandardClusterField>
				<StandardClusterField>
					<StandardField modifiable="false"
						source="resSINExpiryDate">
						<Label id="Field.Label.sinExpiryDate" />
					</StandardField>
				</StandardClusterField>
				<StandardClusterField>
					<StandardField modifiable="false"
						source="resSINReactivationDate">
						<Label id="Field.Label.sinReactivationDate" />
					</StandardField>
				</StandardClusterField>
				<StandardClusterField>
					<StandardField modifiable="false"
						source="reactivationDateCheckResult">
						<Label id="Field.Label.sinRecentlyDormant" />
					</StandardField>
				</StandardClusterField>
			</StandardCluster>
		</Cluster>
		<Cluster>
			<StandardCluster isOnCreatePage="true"
				isOnModifyPage="true" isOnViewPage="true" numberOfColumns="1">
				<Title id="Cluster.Title.SIRFlags" />
				<StandardClusterField>
					<StandardField modifiable="false" source="resStopApplication">
						<Label id="Field.Label.stopApplication" />
					</StandardField>
				</StandardClusterField>
				<StandardClusterField>
					<StandardField modifiable="false" source="resIntegrityReview" >
						<Label id="Field.Label.integrityReview" />
					</StandardField>
				</StandardClusterField>
				<StandardClusterField>
					<StandardField modifiable="false" source="resInvestigationReferral">
						<Label id="Field.Label.investigationReferral" />
					</StandardField>
				</StandardClusterField>
				<StandardClusterField>
					<StandardField source="resConfirmIdentity">
						<Label id="Field.Label.confirmIdentity" />
					</StandardField>
				</StandardClusterField>
				<StandardClusterField>
					<StandardField modifiable="false" source="resConfirmAddress">
						<Label id="Field.Label.confirmAddress" />
					</StandardField>
				</StandardClusterField>
			</StandardCluster>
		</Cluster>
	</UserInterface>
</EvidenceTypeVersion>