<?xml version="1.0" encoding="UTF-8"?>

<RuleSet name="BDMPDCBankAccountVerificationRuleSet" xmlns:xsi="http://www.w3.org/2001/XMLSchema-instance" xsi:noNamespaceSchemaLocation="../../../../../../../catalog/RuleSet.xsd">
    <Class extends="VerificationDeterminator" extendsRuleSet="VerificationRuleSet" name="BDMPDCBankAccountVerificationDeterminator">

		<Annotations>
		  <Label label-id="BDMPDCBankAccountVerificationDeterminator.label.1" name="BDM Bank Account Integrity Rules Conditional Verification Rules Class"/>
		</Annotations>
        <Attribute name="displayName">
            <type>
                <javaclass name="curam.creole.value.Message"/>
            </type>
            <derivation>
                <ResourceMessage key="BDMVerification.BankAccount.DisplayName"	resourceBundle="curam.bdm.verification.BDMVerification"/>
            </derivation>
        </Attribute> 
        
        <Attribute name="reasonSkipped">
            <type>
                <codetableentry table="VerificationSkippedReason"/>
            </type>
            <derivation>
        		<choose>
          			<type>
            			<codetableentry table="VerificationSkippedReason"/>
          			</type>
          			<when>
            			<condition>
              				<not>
                				<reference attribute="bankAccountNumberUseCountAboveThreshold"/>
              				</not>
            			</condition>
            			<value>
              				<Code table="VerificationSkippedReason">
                				<String value="VSR2001"/>
              				</Code>
            			</value>
          			</when>
          			<otherwise>
            			<value>
              				<Code table="VerificationSkippedReason">
                				<String value="VSR2001"/>
              				</Code>
            			</value>
          			</otherwise>
        		</choose>
            </derivation>
        </Attribute>
        
        <Attribute name="determine">
            <type>
                <ruleclass	name="VerificationDeterminatorResult"	ruleset="VerificationRuleSet"/>
            </type>
            <derivation>
                <create	ruleclass="VerificationDeterminatorResult"	ruleset="VerificationRuleSet">
                    <specify attribute="result">
                        <reference attribute="bankAccountNumberUseCountAboveThreshold"/>
                    </specify>
                    <specify attribute="reason">
                        <reference attribute="reasonSkipped"/>
                    </specify>
                </create>
            </derivation>
        </Attribute> 
        
        <Attribute name="bankAccountNumberUseCountAboveThreshold">
			<Annotations>
			  <Label label-id="BDMPDCBankAccountVerificationDeterminator.label.2" name="BDM Bank Account Integrity Rules IntegrityRule0001 - Banking"/>
			</Annotations>
            <type>
				<javaclass name="Boolean" />
			</type>
			<derivation>
	
				<all>
					<fixedlist>
						<listof>
							<javaclass name="Boolean" />
						</listof>
						<members>
							<!-- TASK BEGIN 21500 - Null Check -->
							<not>
								<equals>
									<reference attribute="bankAccountEvidenceRecord" />
									<null />
								</equals>
							</not>
							<!-- TASK END 21500 -->
							<compare comparison="&gt;=">
								<reference attribute="bankAccountNumberUseCount" />
								<reference attribute="bankAccountCountThresholdLimit" />
							</compare>
						</members>
					</fixedlist>
				</all>
            </derivation>
        </Attribute>
		
        <Attribute name="bankAccountNumberUseCount">
            <type>
                <javaclass name="Number"/>        
            </type>
            <derivation>
				<call class="curam.ca.gc.bdm.creole.impl.BDMVerificationStatics" method="getBankAccountNumberUseCount">
				<type>
					<javaclass name="Number"/>  
				</type>
					<arguments>
						<reference attribute="accountNumber">
							<reference attribute="bankAccountEvidenceRecord"/>
						</reference>
						<reference attribute="sortCode">
							<reference attribute="bankAccountEvidenceRecord"/>
						</reference>
					</arguments>
				</call>
            </derivation>
        </Attribute>
		
        <Attribute name="bankAccountEvidenceRecord">
            <type>
                <ruleclass name="PDCBankAccount" ruleset="BDMPDCBankAccountVerDataRuleSet"/>        
            </type>
            <derivation>
                <singleitem onMultiple="returnFirst" onEmpty="returnNull">
                    <readall ruleclass="PDCBankAccount" ruleset="BDMPDCBankAccountVerDataRuleSet">
                        <match retrievedattribute="evidenceDescriptorID">
                            <reference attribute="evidenceDescriptorID">
                                <reference attribute="verificationDeterminatorParams"/>
                            </reference>
                        </match>
                    </readall>
                </singleitem>
            </derivation>
        </Attribute>
		
		<Attribute name="bankAccountCountThresholdLimit">
            <type>
                <javaclass name="Number"/>        
            </type>
            <derivation>
				<call class="curam.ca.gc.bdm.creole.impl.BDMVerificationStatics" method="getBankAccountCountLimit">
				<type>
					<javaclass name="Number"/>  
				</type>
				<arguments/>
				</call>
            </derivation>
        </Attribute>
        
    </Class>
</RuleSet>