<?xml version="1.0" encoding="UTF-8"?>
<RuleSet name="BDMSINIdentificationStatusDataRuleSet">
	<Class extends="ActiveSuccessionSet"
		extendsRuleSet="PropagatorRuleSet" name="BDMSINIdentificationStatus">
		<Annotations>
			<SuccessionSetPopulation />
		</Annotations>

		<Attribute name="flagReviewResult">
			<Annotations />
			<type>
				<codetableentry table="BDMSIRCheckResult" />
			</type>
			<derivation>
				<specified />
			</derivation>
		</Attribute>

		<Attribute name="valiadtionResult">
			<Annotations />
			<type>
				<codetableentry table="BDMSIRCheckResult" />
			</type>
			<derivation>
				<specified />
			</derivation>
		</Attribute>

		<Attribute name="mismatchResult">
			<Annotations />
			<type>
				<codetableentry table="BDMSIRCheckResult" />
			</type>
			<derivation>
				<specified />
			</derivation>
		</Attribute>

		<Attribute name="resFlag">
			<Annotations />
			<type>

				<codetableentry table="BDMSIRFlag" />

			</type>
			<derivation>
				<specified />
			</derivation>
		</Attribute>

		<Attribute name="resID">
			<Annotations />
			<type>
				<javaclass name="java.lang.Number" />
			</type>
			<derivation>
				<specified />
			</derivation>
		</Attribute>

        <Attribute name="reqNameEvidenceID">
			<Annotations />
			<type>
				<javaclass name="java.lang.Number" />
			</type>
			<derivation>
				<specified />
			</derivation>
		</Attribute>

		<Attribute name="reqDOBEvidenceID">
			<Annotations />
			<type>
				<javaclass name="java.lang.Number" />
			</type>
			<derivation>
				<specified />
			</derivation>
		</Attribute>

		<Attribute name="reqSINEvidenceID">
			<Annotations />
			<type>
				<javaclass name="java.lang.Number" />
			</type>
			<derivation>
				<specified />
			</derivation>
		</Attribute>

        <Attribute name="reqSIN">
			<Annotations />
			<type>

				<javaclass name="java.lang.String" />

			</type>
			<derivation>
				<specified />
			</derivation>
		</Attribute>    

        <Attribute name="identityMatchResult">
			<Annotations />
			<type>
				<codetableentry table="BDMSIRMatchResult" />
			</type>
			<derivation>
				<specified />
			</derivation>
		</Attribute>
		<Attribute name="integrityReviewFlags">
			<Annotations />
			<type>
				<codetableentry table="BDMSIRCheckResult" />
			</type>
			<derivation>
				<specified />
			</derivation>
		</Attribute>
		<Attribute name="identityReviewFlag">
			<Annotations />
			<type>
				<codetableentry table="BDMSIRCheckResult" />
			</type>
			<derivation>
				<specified />
			</derivation>
		</Attribute>
		<Attribute name="addressReviewFlag">
			<Annotations />
			<type>
				<codetableentry table="BDMSIRCheckResult" />
			</type>
			<derivation>
				<specified />
			</derivation>
		</Attribute>
		<Attribute name="appDateCheckResult">
			<Annotations />
			<type>
				<javaclass name="java.lang.Boolean"/>
			</type>
			<derivation>
				<specified />
			</derivation>
		</Attribute>
		<Attribute name="reactivationDateCheckResult">
			<Annotations />
			<type>
				<javaclass name="java.lang.Boolean"/>
			</type>
			<derivation>
				<specified />
			</derivation>
		</Attribute>
		<Attribute name="dobDateCheckResult">
			<Annotations />
			<type>
				<javaclass name="java.lang.Boolean"/>
			</type>
			<derivation>
				<specified />
			</derivation>
		</Attribute>

        <!-- New Attributes -->
        <Attribute name="reqFirstName">
			<Annotations />
			<type>
				<javaclass name="java.lang.String" />
			</type>
			<derivation>
				<specified />
			</derivation>
		</Attribute>

		<Attribute name="reqMiddleName">
			<Annotations />
			<type>
				<javaclass name="java.lang.String" />
			</type>
			<derivation>
				<specified />
			</derivation>
		</Attribute>

		<Attribute name="resLastName">
			<Annotations />
			<type>
				<javaclass name="java.lang.String" />
			</type>
			<derivation>
				<specified />
			</derivation>
		</Attribute>

		<Attribute name="reqParentsLastNameAtBirth">
			<Annotations />
			<type>
				<javaclass name="java.lang.String" />
			</type>
			<derivation>
				<specified />
			</derivation>
		</Attribute>

		<Attribute name="reqDateOfBirth">
			<Annotations />
			<type>
				<javaclass name="java.lang.String" />
			</type>
			<derivation>
				<specified />
			</derivation>
		</Attribute>
		
		<Attribute name="resMatchCheck">
			<Annotations />
			<type>
				<javaclass name="java.lang.String" />
			</type>
			<derivation>
				<specified />
			</derivation>
		</Attribute>

        <!--  BDMSINSIRValidation  -->
        <Attribute name="resMatchFlag">
			<Annotations />
			<type>
				<javaclass name="java.lang.Boolean" />
			</type>
			<derivation>
				<specified />
			</derivation>
		</Attribute>

		<Attribute name="resDormantUpdateDate">
			<Annotations />
			<type>
				<javaclass name="java.lang.String" />
			</type>
			<derivation>
				<specified />
			</derivation>
		</Attribute>



        <!--  BDMSINSIRIndividual  -->
        <Attribute name="resSexCode">
            <Annotations/>
            <type>
                <javaclass name="java.lang.String"/>
            </type>
            <derivation>
                <specified/>
            </derivation>
        </Attribute>
        <Attribute name="resTwinsInd">
            <Annotations/>
            <type>
                <javaclass name="java.lang.Number"/>
            </type>
            <derivation>
                <specified/>
            </derivation>
        </Attribute>
        <Attribute name="resMultipleFlagInd">
            <Annotations/>
            <type>
                <javaclass name="java.lang.Number"/>
            </type>
            <derivation>
                <specified/>
            </derivation>
        </Attribute>
        <Attribute name="resDuplicateFlagInd">
            <Annotations/>
            <type>
                <javaclass name="java.lang.Number"/>
            </type>
            <derivation>
                <specified/>
            </derivation>
        </Attribute>
        <!--  BDMSINSIRSearchTable  -->
        <Attribute name="resGivenName">
            <Annotations/>
            <type>
                <javaclass name="java.lang.String"/>
            </type>
            <derivation>
                <specified/>
            </derivation>
        </Attribute>
        <Attribute name="resMiddleName">
            <Annotations/>
            <type>
                <javaclass name="java.lang.String"/>
            </type>
            <derivation>
                <specified/>
            </derivation>
        </Attribute>
        <Attribute name="resSurName">
            <Annotations/>
            <type>
                <javaclass name="java.lang.String"/>
            </type>
            <derivation>
                <specified/>
            </derivation>
        </Attribute>
        <Attribute name="resParentsMaidenName">
            <Annotations/>
            <type>
                <javaclass name="java.lang.String"/>
            </type>
            <derivation>
                <specified/>
            </derivation>
        </Attribute>
        <Attribute name="resDateOfBirth">
            <Annotations/>
            <type>
                <javaclass name="curam.util.type.Date"/>
            </type>
            <derivation>
                <specified/>
            </derivation>
        </Attribute>
        <Attribute name="resSINIdentification">
            <Annotations/>
            <type>
                <javaclass name="java.lang.String"/>
            </type>
            <derivation>
                <specified/>
            </derivation>
        </Attribute>
        <Attribute name="resSINIdentificationMatch">
            <Annotations/>
            <type>
                <codetableentry table="BDMSIRCheckResult" />
            </type>
            <derivation>
                <specified/>
            </derivation>
        </Attribute>
       
        <!--  BDMSINSIRSin  -->
        <Attribute name="resSINIdentificationStatus">
            <Annotations/>
            <type>
                <javaclass name="java.lang.Number"/>
            </type>
            <derivation>
                <specified/>
            </derivation>
        </Attribute>
        <Attribute name="resSINIssueDate">
            <Annotations/>
            <type>
                <javaclass name="java.lang.String"/>
            </type>
            <derivation>
                <specified/>
            </derivation>
        </Attribute>
        <Attribute name="resSINRestrictions">
            <Annotations/>
            <type>
                <javaclass name="java.lang.String"/>
            </type>
            <derivation>
                <specified/>
            </derivation>
        </Attribute>
        <Attribute name="resDormantFlag">
            <Annotations/>
            <type>
                <javaclass name="java.lang.String"/>
            </type>
            <derivation>
                <specified/>
            </derivation>
        </Attribute>
        <Attribute name="resDormantEffectiveDate">
            <Annotations/>
            <type>
                <javaclass name="java.lang.String"/>
            </type>
            <derivation>
                <specified/>
            </derivation>
        </Attribute>
        <Attribute name="resSINNewlyAcquired">
            <Annotations/>
            <type>
                <javaclass name="java.lang.String"/>
            </type>
            <derivation>
                <specified/>
            </derivation>
        </Attribute>
        <Attribute name="resSINAcquiredLaterInLife">
            <Annotations/>
            <type>
                <javaclass name="java.lang.String"/>
            </type>
            <derivation>
                <specified/>
            </derivation>
        </Attribute>
        <Attribute name="resSINRecentlyDormant">
            <Annotations/>
            <type>
                <javaclass name="java.lang.String"/>
            </type>
            <derivation>
                <specified/>
            </derivation>
        </Attribute>
        <Attribute name="resSINReactivationDate">
            <Annotations/>
            <type>
                <javaclass name="curam.util.type.Date"/>
            </type>
            <derivation>
                <specified/>
            </derivation>
        </Attribute>
        <!--  BDMSINSIRCertifications  -->
        <Attribute name="resCitizenshipCertifiedInd">
            <Annotations/>
            <type>
                <javaclass name="java.lang.Number"/>
            </type>
            <derivation>
                <specified/>
            </derivation>
        </Attribute>
        <Attribute name="resCPPCertifiedInd">
            <Annotations/>
            <type>
                <javaclass name="java.lang.Number"/>
            </type>
            <derivation>
                <specified/>
            </derivation>
        </Attribute>
        <Attribute name="resFossCertifiedInd">
            <Annotations/>
            <type>
                <javaclass name="java.lang.Number"/>
            </type>
            <derivation>
                <specified/>
            </derivation>
        </Attribute>
        <Attribute name="resBDMCertifiedInd">
            <Annotations/>
            <type>
                <javaclass name="java.lang.Number"/>
            </type>
            <derivation>
                <specified/>
            </derivation>
        </Attribute>
        <Attribute name="resOtherCertifiedInd">
            <Annotations/>
            <type>
                <javaclass name="java.lang.Number"/>
            </type>
            <derivation>
                <specified/>
            </derivation>
        </Attribute>
        <Attribute name="resProvincialCertifiedInd">
            <Annotations/>
            <type>
                <javaclass name="java.lang.Number"/>
            </type>
            <derivation>
                <specified/>
            </derivation>
        </Attribute>
        <Attribute name="resRRQCertifiedInd">
            <Annotations/>
            <type>
                <javaclass name="java.lang.Number"/>
            </type>
            <derivation>
                <specified/>
            </derivation>
        </Attribute>
        <Attribute name="resSINCertifiedInd">
            <Annotations/>
            <type>
                <javaclass name="java.lang.Number"/>
            </type>
            <derivation>
                <specified/>
            </derivation>
        </Attribute>
        <!--  BDMSINSIRNonMatch  - Use this for results?? -->
        <Attribute name="resGivenNameMatch">
            <Annotations/>
            <type>
                <codetableentry table="BDMSIRCheckResult" />
            </type>
            <derivation>
                <specified/>
            </derivation>
        </Attribute>
        <Attribute name="resSurnameMatch">
            <Annotations/>
            <type>
                <codetableentry table="BDMSIRCheckResult" />
            </type>
            <derivation>
                <specified/>
            </derivation>
        </Attribute>
        <Attribute name="resDateOfBirthMatch">
            <Annotations/>
            <type>
                <codetableentry table="BDMSIRCheckResult" />
            </type>
            <derivation>
                <specified/>
            </derivation>
        </Attribute>
        <Attribute name="resParentsMatch">
            <Annotations/>
            <type>
                <codetableentry table="BDMSIRCheckResult" />
            </type>
            <derivation>
                <specified/>
            </derivation>
        </Attribute>
        <!--  BDMSINSIRMiscellaneous  -->
        <Attribute name="resMiscType">
            <Annotations/>
            <type>
                <javaclass name="java.lang.String"/>
            </type>
            <derivation>
                <specified/>
            </derivation>
        </Attribute>
        <Attribute name="resMiscEffectiveDate">
            <Annotations/>
            <type>
                <javaclass name="java.lang.String"/>
            </type>
            <derivation>
                <specified/>
            </derivation>
        </Attribute>
        <!--  BDMSINSIRSpecialAccounts  -->
        <Attribute name="resSpecialAccountCodeType">
            <Annotations/>
            <type>
                <javaclass name="java.lang.String"/>
            </type>
            <derivation>
                <specified/>
            </derivation>
        </Attribute>
        <Attribute name="resSpecialAccountEffectiveDate">
            <Annotations/>
            <type>
                <javaclass name="java.lang.String"/>
            </type>
            <derivation>
                <specified/>
            </derivation>
        </Attribute>
        <!-- BDMSINSIRExpiryDate   -->
        <Attribute name="resDrvdSINExpiryDate">
            <Annotations/>
            <type>
                <javaclass name="curam.util.type.Date"/>
            </type>
            <derivation>
                <specified/>
            </derivation>
        </Attribute>
        <Attribute name="resSINExpiryDate">
            <Annotations/>
            <type>
                <javaclass name="curam.util.type.Date"/>
            </type>
            <derivation>
                <specified/>
            </derivation>
        </Attribute>
        <Attribute name="resImmigrationExpiryDate">
            <Annotations/>
            <type>
                <javaclass name="curam.util.type.Date"/>
            </type>
            <derivation>
                <specified/>
            </derivation>
        </Attribute>
        <Attribute name="resDrvdImmigrationExpiryDate">
            <Annotations/>
            <type>
                <javaclass name="curam.util.type.Date"/>
            </type>
            <derivation>
                <specified/>
            </derivation>
        </Attribute>
        <!-- BDMSINSIRDeathIndividuals   -->
        <Attribute name="resPersonLivingInd">
            <Annotations/>
            <type>
                <javaclass name="java.lang.Number"/>
            </type>
            <derivation>
                <specified/>
            </derivation>
        </Attribute>
        <Attribute name="resDeathDate">
            <Annotations/>
            <type>
                <javaclass name="java.lang.String"/>
            </type>
            <derivation>
                <specified/>
            </derivation>
        </Attribute>
        <Attribute name="resDrvdDeathDate">
            <Annotations/>
            <type>
                <javaclass name="java.lang.String"/>
            </type>
            <derivation>
                <specified/>
            </derivation>
        </Attribute>
        <Attribute name="resProvinceCode">
            <Annotations/>
            <type>
                <javaclass name="java.lang.Number"/>
            </type>
            <derivation>
                <specified/>
            </derivation>
        </Attribute>
        <Attribute name="resDeathCertifiedInd">
            <Annotations/>
            <type>
                <javaclass name="java.lang.Number"/>
            </type>
            <derivation>
                <specified/>
            </derivation>
        </Attribute>
        <Attribute name="resDrvdDeathCertifiedInd">
            <Annotations/>
            <type>
                <javaclass name="java.lang.Number"/>
            </type>
            <derivation>
                <specified/>
            </derivation>
        </Attribute>
        <Attribute name="resDeathCertificateIdentification">
            <Annotations/>
            <type>
                <javaclass name="java.lang.String"/>
            </type>
            <derivation>
                <specified/>
            </derivation>
        </Attribute>
        <!-- BDMSINSIRProvincialValidation   -->
        <Attribute name="resProvValActionCode">
            <Annotations/>
            <type>
                <javaclass name="java.lang.String"/>
            </type>
            <derivation>
                <specified/>
            </derivation>
        </Attribute>
        <Attribute name="resProvValDocumentIdentification">
            <Annotations/>
            <type>
                <javaclass name="java.lang.String"/>
            </type>
            <derivation>
                <specified/>
            </derivation>
        </Attribute>
        <Attribute name="resProvValDocumentType">
            <Annotations/>
            <type>
                <javaclass name="java.lang.String"/>
            </type>
            <derivation>
                <specified/>
            </derivation>
        </Attribute>
        <Attribute name="resProvValDocumentCategoryCode">
            <Annotations/>
            <type>
                <javaclass name="java.lang.String"/>
            </type>
            <derivation>
                <specified/>
            </derivation>
        </Attribute>
        <Attribute name="resCanProvinceCode">
            <Annotations/>
            <type>
                <javaclass name="java.lang.Number"/>
            </type>
            <derivation>
                <specified/>
            </derivation>
        </Attribute>
        <!-- BDMSINSIRFather   -->
        <Attribute name="resFatherGivenName">
            <Annotations/>
            <type>
                <javaclass name="java.lang.String"/>
            </type>
            <derivation>
                <specified/>
            </derivation>
        </Attribute>
        <Attribute name="resFatherSurName">
            <Annotations/>
            <type>
                <javaclass name="java.lang.String"/>
            </type>
            <derivation>
                <specified/>
            </derivation>
        </Attribute>
        <Attribute name="resMothersGivenName">
            <Annotations/>
            <type>
                <javaclass name="java.lang.String"/>
            </type>
            <derivation>
                <specified/>
            </derivation>
        </Attribute>
        <Attribute name="resMothersSurName">
            <Annotations/>
            <type>
                <javaclass name="java.lang.String"/>
            </type>
            <derivation>
                <specified/>
            </derivation>
        </Attribute>
        <!-- BDMSINSIRBirthCertificate   -->
        <Attribute name="resBirthCertificateIdentification">
            <Annotations/>
            <type>
                <javaclass name="java.lang.String"/>
            </type>
            <derivation>
                <specified/>
            </derivation>
        </Attribute>
        <Attribute name="resBirthCertificateEffectiveDate">
            <Annotations/>
            <type>
                <javaclass name="java.lang.String"/>
            </type>
            <derivation>
                <specified/>
            </derivation>
        </Attribute>
        <!-- SIR Flags   -->
        <Attribute name="resStopApplication">
            <Annotations/>
            <type>
                <javaclass name="java.lang.String"/>
            </type>
            <derivation>
                <specified/>
            </derivation>
        </Attribute>
        <Attribute name="resIntegrityReview">
            <Annotations/>
            <type>
                <javaclass name="java.lang.String"/>
            </type>
            <derivation>
                <specified/>
            </derivation>
        </Attribute>
        <Attribute name="resInvestigationReferral">
            <Annotations/>
            <type>
                <javaclass name="java.lang.String"/>
            </type>
            <derivation>
                <specified/>
            </derivation>
        </Attribute>
        <Attribute name="resConfirmIdentity">
            <Annotations/>
            <type>
                <javaclass name="java.lang.String"/>
            </type>
            <derivation>
                <specified/>
            </derivation>
        </Attribute>
        <Attribute name="resConfirmAddress">
            <Annotations/>
            <type>
                <javaclass name="java.lang.String"/>
            </type>
            <derivation>
                <specified/>
            </derivation>
        </Attribute>
        <!-- Other Attributes   -->
        <Attribute name="resGender">
            <Annotations/>
            <type>
                <javaclass name="java.lang.Number"/>
            </type>
            <derivation>
                <specified/>
            </derivation>
        </Attribute>
        <Attribute name="resStatusType">
            <Annotations/>
            <type>
                <javaclass name="java.lang.Number"/>
            </type>
            <derivation>
                <specified/>
            </derivation>
        </Attribute>
        <Attribute name="resNonSIRCertifiedInd">
            <Annotations/>
            <type>
                <javaclass name="java.lang.Number"/>
            </type>
            <derivation>
                <specified/>
            </derivation>
        </Attribute>
        <Attribute name="resPlaceID">
            <Annotations/>
            <type>
                <javaclass name="java.lang.Number"/>
            </type>
            <derivation>
                <specified/>
            </derivation>
        </Attribute>
        <Attribute name="resSourceType">
            <Annotations/>
            <type>
                <javaclass name="java.lang.Number"/>
            </type>
            <derivation>
                <specified/>
            </derivation>
        </Attribute>

		<Attribute name="description">
			<type>
				<javaclass name="curam.creole.value.Message" />
			</type>
			<derivation>
				<ResourceMessage
					key="DynamicEvidenceSuccessionSet.description"
					resourceBundle="curam.dynamicevidence.cer.rules.InfrastructureRules">
					<reference attribute="successionID" />
				</ResourceMessage>
			</derivation>
		</Attribute>

		<Attribute name="participant">
			<Annotations />
			<type>
				<javaclass name="java.lang.Number" />
			</type>
			<derivation>
				<specified />
			</derivation>
		</Attribute>

		<Attribute name="related_participant">
			<Annotations />
			<type>
				<ruleclass name="CaseParticipantRole"
					ruleset="CaseEntitiesRuleSet" />
			</type>
			<derivation>
				<reference attribute="caseParticipantRoleRecord">
					<create ruleclass="CaseParticipantRoleCalculator"
						ruleset="DynamicEvidenceRuleSet">
						<reference attribute="participant" />
					</create>
				</reference>
			</derivation>
		</Attribute>

	</Class>
</RuleSet>
