<?xml version="1.0" encoding="UTF-8"?>
<RuleSet
  internalID="id1354376947317"
  name="PDCAddressValidationRuleSet"
>
  <Annotations internalID="id1355216363324">
    <EditorMetadata internalID="id1355216363418">
      <folders internalID="PDCAddressValidationRuleSet1355216370180">
        <diagram
          id="ValidationResult.effectiveDateAfterDOBValidation"
          internalID="PDCAddressValidationRuleSet1355216370684"
        >
          <Annotations internalID="PDCAddressValidationRuleSet1355216370683">
            <Label
              internalID="PDCAddressValidationRuleSet1355216370682"
              label-id="PDCAddressValidationRuleSetlabelID_1355216370681"
              name=""
            />
          </Annotations>
          <Attributes internalID="PDCAddressValidationRuleSet1355216370903">
            <Attribute
              id="ValidationResult.effectiveDateAfterDOBValidation"
              internalID="PDCAddressValidationRuleSet1355216371602"
            />
          </Attributes>
        </diagram>
        <diagram
          id="ValidationResult.preModifyValidations"
          internalID="PDCAddressValidationRuleSet1355226447080"
        >
          <Annotations internalID="PDCAddressValidationRuleSet1355226447064">
            <Label
              internalID="PDCAddressValidationRuleSet1355226447063"
              label-id="PDCAddressValidationRuleSetlabelID_1355226447062"
              name=""
            />
          </Annotations>
          <Attributes internalID="PDCAddressValidationRuleSet1355226447133">
            <Attribute
              id="ValidationResult.preModifyValidations"
              internalID="PDCAddressValidationRuleSet1355226447134"
            />
          </Attributes>
        </diagram>
        <diagram
          id="ValidationResult.postModifyValidations"
          internalID="PDCAddressValidationRuleSet1355226448981"
        >
          <Annotations internalID="PDCAddressValidationRuleSet1355226448980">
            <Label
              internalID="PDCAddressValidationRuleSet1355226448979"
              label-id="PDCAddressValidationRuleSetlabelID_1355226448978"
              name=""
            />
          </Annotations>
          <Attributes internalID="PDCAddressValidationRuleSet1355226449018">
            <Attribute
              id="ValidationResult.postModifyValidations"
              internalID="PDCAddressValidationRuleSet1355226449255"
            />
          </Attributes>
        </diagram>
        <diagram
          id="ValidationResult.standardValidations"
          internalID="PDCAddressValidationRuleSet1355754598647"
        >
          <Annotations internalID="PDCAddressValidationRuleSet1355754598630">
            <Label
              internalID="PDCAddressValidationRuleSet1355754598629"
              label-id="PDCAddressValidationRuleSetlabelID_1355754598628"
              name=""
            />
          </Annotations>
          <Attributes internalID="PDCAddressValidationRuleSet1355754598778">
            <Attribute
              id="ValidationResult.standardValidations"
              internalID="PDCAddressValidationRuleSet1355754598955"
            />
          </Attributes>
        </diagram>
        <diagram
          id="ValidationResult.detailsValidations"
          internalID="PDCAddressValidationRuleSet1355754603255"
        >
          <Annotations internalID="PDCAddressValidationRuleSet1355754603254">
            <Label
              internalID="PDCAddressValidationRuleSet1355754603253"
              label-id="PDCAddressValidationRuleSetlabelID_1355754603252"
              name=""
            />
          </Annotations>
          <Attributes internalID="PDCAddressValidationRuleSet1355754603288">
            <Attribute
              id="ValidationResult.detailsValidations"
              internalID="PDCAddressValidationRuleSet1355754603289"
            />
          </Attributes>
        </diagram>
        <diagram
          id="ValidationResult.preCreateValidations"
          internalID="PDCAddressValidationRuleSet1355754605699"
        >
          <Annotations internalID="PDCAddressValidationRuleSet1355754605698">
            <Label
              internalID="PDCAddressValidationRuleSet1355754605697"
              label-id="PDCAddressValidationRuleSetlabelID_1355754605696"
              name=""
            />
          </Annotations>
          <Attributes internalID="PDCAddressValidationRuleSet1355754605733">
            <Attribute
              id="ValidationResult.preCreateValidations"
              internalID="PDCAddressValidationRuleSet1355754605734"
            />
          </Attributes>
        </diagram>
        <diagram
          id="ValidationResult.postCreateValidations"
          internalID="PDCAddressValidationRuleSet1369053936867"
        >
          <Annotations internalID="PDCAddressValidationRuleSet1369053936863">
            <Label
              internalID="PDCAddressValidationRuleSet1369053936862"
              label-id="PDCAddressValidationRuleSetlabelID_1369053936861"
              name="postCreateValidations"
            />
          </Annotations>
          <Attributes internalID="PDCAddressValidationRuleSet1369053936916">
            <Attribute
              id="ValidationResult.postCreateValidations"
              internalID="PDCAddressValidationRuleSet1369053936917"
            />
          </Attributes>
        </diagram>
        <diagram
          id="ValidationResult.fromDateAfterDOBValidation"
          internalID="PDCAddressValidationRuleSet1369053955673"
        >
          <Annotations internalID="PDCAddressValidationRuleSet1369053955672">
            <Label
              internalID="PDCAddressValidationRuleSet1369053955671"
              label-id="PDCAddressValidationRuleSetlabelID_1369053955670"
              name="fromDateAfterDOBValidation"
            />
          </Annotations>
          <Attributes internalID="PDCAddressValidationRuleSet1369053955746">
            <Attribute
              id="ValidationResult.fromDateAfterDOBValidation"
              internalID="PDCAddressValidationRuleSet1369053956223"
            />
          </Attributes>
        </diagram>
        <diagram
          id="ValidationResult.preferredAddressValidation"
          internalID="PDCAddressValidationRuleSet1369054045770"
        >
          <Annotations internalID="PDCAddressValidationRuleSet1369054045765">
            <Label
              internalID="PDCAddressValidationRuleSet1369054045764"
              label-id="PDCAddressValidationRuleSetlabelID_1369054045763"
              name="preferredAddressValidation"
            />
          </Annotations>
          <Attributes internalID="PDCAddressValidationRuleSet1369054045851">
            <Attribute
              id="ValidationResult.preferredAddressValidation"
              internalID="PDCAddressValidationRuleSet1369054045852"
            />
          </Attributes>
        </diagram>
        <diagram
          id="ValidationResult.concernRoleRecord"
          internalID="PDCAddressValidationRuleSet1369054615023"
        >
          <Annotations internalID="PDCAddressValidationRuleSet1369054615021">
            <Label
              internalID="PDCAddressValidationRuleSet1369054615020"
              label-id="PDCAddressValidationRuleSetlabelID_1369054615019"
              name="concernRoleRecord"
            />
          </Annotations>
          <Attributes internalID="PDCAddressValidationRuleSet1369054615356">
            <Attribute
              id="ValidationResult.concernRoleRecord"
              internalID="PDCAddressValidationRuleSet1369054615357"
            />
          </Attributes>
        </diagram>
        <diagram
          id="ValidationResult.caseHeaderRecord"
          internalID="PDCAddressValidationRuleSet1369054642492"
        >
          <Annotations internalID="PDCAddressValidationRuleSet1369054642490">
            <Label
              internalID="PDCAddressValidationRuleSet1369054642489"
              label-id="PDCAddressValidationRuleSetlabelID_1369054642488"
              name="caseHeaderRecord"
            />
          </Annotations>
          <Attributes internalID="PDCAddressValidationRuleSet1369054642538">
            <Attribute
              id="ValidationResult.caseHeaderRecord"
              internalID="PDCAddressValidationRuleSet1369054642539"
            />
          </Attributes>
        </diagram>
        <diagram
          id="ValidationResult.caseID"
          internalID="PDCAddressValidationRuleSet1369054686191"
        >
          <Annotations internalID="PDCAddressValidationRuleSet1369054686190">
            <Label
              internalID="PDCAddressValidationRuleSet1369054686189"
              label-id="PDCAddressValidationRuleSetlabelID_1369054686188"
              name="caseID"
            />
          </Annotations>
          <Attributes internalID="PDCAddressValidationRuleSet1369054686258">
            <Attribute
              id="ValidationResult.caseID"
              internalID="PDCAddressValidationRuleSet1369054686259"
            />
          </Attributes>
        </diagram>
        <diagram
          id="ValidationResult.preferredAddressExists"
          internalID="PDCAddressValidationRuleSet1369054722042"
        >
          <Annotations internalID="PDCAddressValidationRuleSet1369054722041">
            <Label
              internalID="PDCAddressValidationRuleSet1369054722040"
              label-id="PDCAddressValidationRuleSetlabelID_1369054722039"
              name="preferredAddressExists"
            />
          </Annotations>
          <Attributes internalID="PDCAddressValidationRuleSet1369054722071">
            <Attribute
              id="ValidationResult.preferredAddressExists"
              internalID="PDCAddressValidationRuleSet1369054722072"
            />
          </Attributes>
        </diagram>
        <diagram
          id="ValidationResult.hasTypeBeenChanged"
          internalID="PDCAddressValidationRuleSet1369054746987"
        >
          <Annotations internalID="PDCAddressValidationRuleSet1369054746986">
            <Label
              internalID="PDCAddressValidationRuleSet1369054746985"
              label-id="PDCAddressValidationRuleSetlabelID_1369054746984"
              name="hasTypeBeenChanged"
            />
          </Annotations>
          <Attributes internalID="PDCAddressValidationRuleSet1369054747032">
            <Attribute
              id="ValidationResult.hasTypeBeenChanged"
              internalID="PDCAddressValidationRuleSet1369054747371"
            />
          </Attributes>
        </diagram>
        <diagram
          id="ValidationResult.validateTypeChanged"
          internalID="PDCAddressValidationRuleSet1369054798479"
        >
          <Annotations internalID="PDCAddressValidationRuleSet1369054798477">
            <Label
              internalID="PDCAddressValidationRuleSet1369054798476"
              label-id="PDCAddressValidationRuleSetlabelID_1369054798475"
              name="validateTypeChanged"
            />
          </Annotations>
          <Attributes internalID="PDCAddressValidationRuleSet1369054798720">
            <Attribute
              id="ValidationResult.validateTypeChanged"
              internalID="PDCAddressValidationRuleSet1369054798776"
            />
          </Attributes>
        </diagram>
        <diagram
          id="ValidationResult.addressEvidence"
          internalID="PDCAddressValidationRuleSet1369056090498"
        >
          <Annotations internalID="PDCAddressValidationRuleSet1369056090495">
            <Label
              internalID="PDCAddressValidationRuleSet1369056090494"
              label-id="PDCAddressValidationRuleSetlabelID_1369056090493"
              name="addressEvidence"
            />
          </Annotations>
          <Attributes internalID="PDCAddressValidationRuleSet1369056090568">
            <Attribute
              id="ValidationResult.addressEvidence"
              internalID="PDCAddressValidationRuleSet1369056090569"
            />
          </Attributes>
        </diagram>
        <diagram
          id="ValidationResult.addressEvidenceForClient"
          internalID="PDCAddressValidationRuleSet1369056368887"
        >
          <Annotations internalID="PDCAddressValidationRuleSet1369056368886">
            <Label
              internalID="PDCAddressValidationRuleSet1369056368885"
              label-id="PDCAddressValidationRuleSetlabelID_1369056368884"
              name="addressEvidenceForClient"
            />
          </Annotations>
          <Attributes internalID="PDCAddressValidationRuleSet1369056368919">
            <Attribute
              id="ValidationResult.addressEvidenceForClient"
              internalID="PDCAddressValidationRuleSet1369056368920"
            />
          </Attributes>
        </diagram>
      </folders>
      <codetables internalID="id1369127872532">
        <codetable
          internalID="id1369127872533"
          name="EvidenceDescriptorStatus"
          value="EDS1"
        />
        <codetable
          internalID="id1369127872534"
          name="CaseTypeCode"
          value="CT2001"
        />
      </codetables>
    </EditorMetadata>
  </Annotations>
  <Class
    extends="DefaultEvidenceValidationResult"
    extendsRuleSet="EvidenceValidationRuleSet"
    internalID="id1354376947318"
    name="ValidationResult"
  >
    <Attribute
      internalID="id1354376947319"
      name="evidence"
    >
      <type internalID="id1354376947320">
        <ruleclass
          internalID="id1354376947321"
          name="PDCAddress"
          ruleset="PDCAddressRuleSet"
        />
      </type>
      <derivation internalID="id1354376947322">
        <specified internalID="id1354376947323"/>
      </derivation>
    </Attribute>
    <Attribute
      internalID="id1355754566044"
      name="description"
    >
      <type internalID="id1355754566045">
        <javaclass
          internalID="id1355754566046"
          name="curam.creole.value.Message"
        />
      </type>
      <derivation internalID="id1355754566047">
        <ResourceMessage
          internalID="id1355754566048"
          key="PDCAddressValidationResult.description"
          resourceBundle="curam.pdc.rules.PDCAddressValidationRuleSet"
        >
          <reference
            attribute="concernRoleName"
            internalID="id1355754566049"
          >
            <reference
              attribute="concernRoleRecord"
              internalID="id1355754566050"
            />
          </reference>
        </ResourceMessage>
      </derivation>
    </Attribute>
    <Attribute
      internalID="id1354376947324"
      name="standardValidations"
    >
      <type internalID="id1354376947325">
        <javaclass
          internalID="id1354376947326"
          name="List"
        >
          <ruleclass
            internalID="id1354376947327"
            name="Validation"
            ruleset="EvidenceValidationRuleSet"
          />
        </javaclass>
      </type>
      <derivation internalID="id1354376947328">
        <fixedlist internalID="id1354376947329">
          <listof internalID="id1354376947330">
            <ruleclass
              internalID="id1354376947331"
              name="Validation"
              ruleset="EvidenceValidationRuleSet"
            />
          </listof>
          <members internalID="id1354376947332">
            <reference
              attribute="fromDateAfterDOBValidation"
              internalID="id1354376947333"
            />
            <reference
              attribute="toDateBeforeDODValidation"
              internalID="id1354381774244"
            />
            <reference
              attribute="preferredAddressValidation"
              internalID="PDCAddressValidationRuleSet1369054057789"
            />
            <!--***************** TASK 2415 JP ************************ -->
            
            <reference attribute="poBOXResidentialValidation"           
            />
            
            <!--***************** TASK 2415 JP ************************ -->
            
            <!--***************** TASK 5540 JP ************************ -->
          <!--    <reference attribute="preferredResidentialValidation" /> -->
           <reference attribute="addressDateOverlapValidation" />
            <!-- <reference attribute="endDatePrecedingExistingStartDateValidation" /> -->
            
            
            
          </members>
        </fixedlist>
      </derivation>
    </Attribute>
    <Attribute
      internalID="id1354376947336"
      name="detailsValidations"
    >
      <type internalID="id1354376947337">
        <javaclass
          internalID="id1354376947338"
          name="java.util.List"
        >
          <ruleclass
            internalID="id1354376947339"
            name="Validation"
            ruleset="EvidenceValidationRuleSet"
          />
        </javaclass>
      </type>
      <derivation internalID="id1354376947340">
        <null internalID="id1354376947341"/>
      </derivation>
    </Attribute>
    <Attribute
      internalID="id1354376947342"
      name="preCreateValidations"
    >
      <type internalID="id1354376947343">
        <javaclass
          internalID="id1354376947344"
          name="java.util.List"
        >
          <ruleclass
            internalID="id1354376947345"
            name="Validation"
            ruleset="EvidenceValidationRuleSet"
          />
        </javaclass>
      </type>
      <derivation internalID="id1354376947346">
        <null internalID="id1354376947347"/>
      </derivation>
    </Attribute>
    <Attribute
      internalID="id1355216363326"
      name="preModifyValidations"
    >
      <type internalID="id1355216363327">
        <javaclass
          internalID="id1355216363328"
          name="List"
        >
          <ruleclass
            internalID="id1355216363329"
            name="Validation"
            ruleset="EvidenceValidationRuleSet"
          />
        </javaclass>
      </type>
      <derivation internalID="id1355216363330">
        <fixedlist internalID="id1355216363331">
          <listof internalID="id1355216363332">
            <ruleclass
              internalID="id1355216363333"
              name="Validation"
              ruleset="EvidenceValidationRuleSet"
            />
          </listof>
          <members internalID="id1355216363334">
            <reference
              attribute="validateTypeChanged"
              internalID="id1355216363335"
            />

	<!-- <reference attribute="addressEndDateForSameTypeValidation" /> -->
            
          </members>
        </fixedlist>
      </derivation>
    </Attribute>
    
    <!-- ***************An end date cannot be specified, if there is only one address of the same type.******** -->
    <!--  BEGIN TASK 56005 for Defect 55998 not a part of requirement, removing validation -->
    <!-- Attribute name="addressEndDateForSameTypeValidation">
		<type>
			<ruleclass  name="Validation"
				ruleset="EvidenceValidationRuleSet" />
		</type>
		<derivation>
			<create ruleclass="Validation"
				ruleset="EvidenceValidationRuleSet">
				<choose>
					<type>
						<javaclass name="Boolean" />
					</type>
					<when>
						<condition>
							<any>
								<fixedlist>
									<listof>
										<javaclass name="Boolean" />
									</listof>
									<members>
									
										<equals>
											<reference attribute="addressType">
												<reference attribute="evidence" />
											</reference>
											<Code table="AddressType">
												<String value="AT1" />
											</Code>
										</equals>
										
										<equals>
											<reference attribute="addressType">
												<reference attribute="evidence" />
											</reference>
											<Code table="AddressType">
												<String value="AT4" />
											</Code>
										</equals>
										
									</members>
								</fixedlist>
							</any>
						</condition>
						<value>
							<reference attribute="validateEndate" />
						</value>
					</when>
					<otherwise>
						<value>
							 <false />
						</value>
					</otherwise>
				</choose>
				
				<ResourceMessage key="ERR_ENDDATE_CANNOTBE_SPECIFIED"
					resourceBundle="curam.bdm.pdc.rules.PDCAddressValidationRuleSet" />
					
			</create>
		</derivation>
	</Attribute>
	-->
	
	
	
	
	<Attribute name="validateEndate">
	<type>
		<javaclass name="Boolean" />
	</type>
	<derivation>
		<choose>
			<type>
				<javaclass name="Boolean" />
			</type>
			<when>
				<condition>
				<not>
					<reference attribute="isTodateNull" />
				</not>		
				</condition>
				<value>
				<not>
				<equals>
					<reference attribute="checkExistingEvidenceofSameType" />
					<null/>
					</equals>
					</not>
				</value>
			</when>
			<otherwise>
				<value>
					<true/>
				</value>
			</otherwise>
		</choose>
	</derivation>
</Attribute>

<!-- )  -->
 <Attribute name="checkExistingEvidenceofSameType">
      <type>
        <ruleclass name="AddressEvidence" ruleset="ParticipantEvidenceRuleSet"/>
      </type>
      <derivation>
        <singleitem onEmpty="returnNull" onMultiple="error">
          <filter>
            <list>
              <reference attribute="addressEvidenceForClientByType"/>
            </list>
            <listitemexpression>
            <all>
              <fixedlist>
                <listof>
                  <javaclass
                    name="Boolean"
                  />
                </listof>
                <members>
                  <equals>
                    <reference attribute="participantRoleID" >
                      <reference attribute="related_participant" >
                        <reference attribute="evidence" />
                      </reference>
                    </reference>
                    <reference attribute="participantRoleID" >
                      <reference attribute="related_participant" >
                        <current/>
                      </reference>
                    </reference>
                  </equals>
                  <not>
                    <equals>
                      <reference attribute="evidenceSuccessionID" />
                      <reference attribute="successionID" >
                        <current/>
                      </reference>
                    </equals>
                  </not>
                 
                </members>
              </fixedlist>
            </all>
          </listitemexpression>
          </filter>
        </singleitem>
      </derivation>
    </Attribute>

    
    
   <!-- ****TASK 5540 Edit***********An end date cannot be specified, if there is only one address of the same type.******** -->
   
    
    <Attribute
      internalID="id1354376947354"
      name="postCreateValidations"
    >
      <type internalID="id1354376947355">
        <javaclass
          internalID="id1354376947356"
          name="List"
        >
          <ruleclass
            internalID="id1354376947357"
            name="Validation"
            ruleset="EvidenceValidationRuleSet"
          />
        </javaclass>
      </type>
      <derivation internalID="id1354376947358">
        <fixedlist internalID="id1354376947359">
          <listof internalID="id1354376947360">
            <ruleclass
              internalID="id1354376947361"
              name="Validation"
              ruleset="EvidenceValidationRuleSet"
            />
          </listof>
          <members internalID="id1354376947362">
            <reference
              attribute="createDuplicateClientValidation"
              internalID="id1354376947363"
            />
          </members>
        </fixedlist>
      </derivation>
    </Attribute>
    <Attribute
      internalID="id1354376947364"
      name="postModifyValidations"
    >
      <type internalID="id1354376947365">
        <javaclass
          internalID="id1354376947366"
          name="List"
        >
          <ruleclass
            internalID="id1354376947367"
            name="Validation"
            ruleset="EvidenceValidationRuleSet"
          />
        </javaclass>
      </type>
      <derivation internalID="id1354376947368">
        <fixedlist internalID="id1354376947369">
          <listof internalID="id1354376947370">
            <ruleclass
              internalID="id1354376947371"
              name="Validation"
              ruleset="EvidenceValidationRuleSet"
            />
          </listof>
          <members internalID="id1354376947372">
            <reference
              attribute="modifyDuplicateClientValidation"
              internalID="id1354376947373"
            />
            <reference
              attribute="effectiveDateAfterDOBValidation"
              internalID="PDCAddressValidationRuleSet1355754630306"
            />
          </members>
        </fixedlist>
      </derivation>
    </Attribute>
    <Attribute
      internalID="id1354376947374"
      name="duplicateCheck"
    >
      <type internalID="id1354376947375">
        <ruleclass
          internalID="id1354376947376"
          name="DuplicateClientCheck"
          ruleset="PDCDuplicateClientValidationRuleSet"
        />
      </type>
      <derivation internalID="id1354376947377">
        <create
          internalID="id1354376947378"
          ruleclass="DuplicateClientCheck"
          ruleset="PDCDuplicateClientValidationRuleSet"
        >
          <specify
            attribute="concernRoleID"
            internalID="id1354376947379"
          >
            <reference
              attribute="participantRoleID"
              internalID="id1354376947380"
            >
              <reference
                attribute="related_participant"
                internalID="id1354376947381"
              >
                <reference
                  attribute="evidence"
                  internalID="id1354376947382"
                />
              </reference>
            </reference>
          </specify>
        </create>
      </derivation>
    </Attribute>
    <Attribute
      internalID="id1354376947383"
      name="fromDateAfterDOBValidation"
    >
      <type internalID="id1354376947384">
        <ruleclass
          internalID="id1354376947400"
          name="Validation"
          ruleset="EvidenceValidationRuleSet"
        />
      </type>
      <derivation internalID="id1354376947401">
        <create
          internalID="id1354376947402"
          ruleclass="Validation"
          ruleset="EvidenceValidationRuleSet"
        >
          <choose internalID="id1354376947403">
            <type internalID="id1354376947404">
              <javaclass
                internalID="id1354376947405"
                name="Boolean"
              />
            </type>
            <when internalID="id1354376947406">
              <condition internalID="id1354376947407">
                <not internalID="id1354376947408">
                  <equals internalID="id1354376947409">
                    <reference
                      attribute="dateOfBirth"
                      internalID="PDCAddressValidationRuleSet1354377926091"
                    />
                    <null internalID="id1355754566051"/>
                  </equals>
                </not>
              </condition>
              <value internalID="id1354376947412">
                <compare
                  comparison="&gt;"
                  internalID="id1354376947413"
                >
                  <reference
                    attribute="dateOfBirth"
                    internalID="PDCAddressValidationRuleSet1354377961831"
                  />
                  <reference
                    attribute="fromDate"
                    internalID="id1354376947415"
                  >
                    <reference
                      attribute="evidence"
                      internalID="id1354376947416"
                    />
                  </reference>
                </compare>
              </value>
            </when>
            <otherwise internalID="id1354376947417">
              <value internalID="id1354376947418">
                <false internalID="id1354376947419"/>
              </value>
            </otherwise>
          </choose>
          <ResourceMessage
            internalID="id1354376947420"
            key="ERR_ADDRESS_XRV_START_DATE"
            resourceBundle="curam.pdc.rules.PDCAddressValidationRuleSet"
          >
            <reference
              attribute="concernRoleName"
              internalID="id1354376947421"
            >
              <reference
                attribute="concernRoleRecord"
                internalID="id1354376947422"
              />
            </reference>
            <reference
              attribute="dateOfBirth"
              internalID="PDCAddressValidationRuleSet1354378000733"
            />
          </ResourceMessage>
        </create>
      </derivation>
    </Attribute>
    <Attribute
      internalID="id1354376947424"
      name="fromDateBeforeDODValidation"
    >
      <type internalID="id1354376947425">
        <ruleclass
          internalID="id1354376947426"
          name="Validation"
          ruleset="EvidenceValidationRuleSet"
        />
      </type>
      <derivation internalID="id1354376947427">
        <create
          internalID="id1354376947428"
          ruleclass="Validation"
          ruleset="EvidenceValidationRuleSet"
        >
          <choose internalID="id1354376947429">
            <type internalID="id1354376947430">
              <javaclass
                internalID="id1354376947431"
                name="Boolean"
              />
            </type>
            <when internalID="id1354376947432">
              <condition internalID="id1354376947433">
                <not internalID="id1354376947434">
                  <equals internalID="id1354376947435">
                    <reference
                      attribute="dateOfDeath"
                      internalID="id1354376947436"
                    />
                    <null internalID="id1355754566052"/>
                  </equals>
                </not>
              </condition>
              <value internalID="id1354376947438">
                <compare
                  comparison="&gt;"
                  internalID="id1354376947439"
                >
                  <reference
                    attribute="fromDate"
                    internalID="id1354376947440"
                  >
                    <reference
                      attribute="evidence"
                      internalID="id1354376947441"
                    />
                  </reference>
                  <reference
                    attribute="dateOfDeath"
                    internalID="id1354376947442"
                  />
                </compare>
              </value>
            </when>
            <otherwise internalID="id1354376947443">
              <value internalID="id1354376947444">
                <false internalID="id1354376947445"/>
              </value>
            </otherwise>
          </choose>
          <ResourceMessage
            internalID="id1354376947446"
            key="ERR_ADDRESS_XRV_START_DATE_END_DATE"
            resourceBundle="curam.pdc.rules.PDCAddressValidationRuleSet"
          >
            <reference
              attribute="concernRoleName"
              internalID="id1354376947447"
            >
              <reference
                attribute="concernRoleRecord"
                internalID="id1354376947448"
              />
            </reference>
            <reference
              attribute="dateOfDeath"
              internalID="id1354376947449"
            />
          </ResourceMessage>
        </create>
      </derivation>
    </Attribute>
    <Attribute
      internalID="id1354376947450"
      name="toDateBeforeDODValidation"
    >
      <type internalID="id1354376947451">
        <ruleclass
          internalID="id1354376947452"
          name="Validation"
          ruleset="EvidenceValidationRuleSet"
        />
      </type>
      <derivation internalID="id1354376947453">
        <create
          internalID="id1354376947454"
          ruleclass="Validation"
          ruleset="EvidenceValidationRuleSet"
        >
          <choose internalID="id1354376947455">
            <type internalID="id1354376947456">
              <javaclass
                internalID="id1354376947457"
                name="Boolean"
              />
            </type>
            <when internalID="id1354376947458">
              <condition internalID="id1354376947459">
                <not internalID="id1354376947460">
                  <equals internalID="id1354376947461">
                    <reference
                      attribute="dateOfDeath"
                      internalID="id1354376947462"
                    />
                    <null internalID="id1355754566053"/>
                  </equals>
                </not>
              </condition>
              <value internalID="id1369053919336">
                <reference
                  attribute="toDateAfterDateOfDeath"
                  internalID="id1369053919337"
                />
              </value>
            </when>
            <otherwise internalID="id1354376947469">
              <value internalID="id1354376947470">
                <false internalID="id1354376947471"/>
              </value>
            </otherwise>
          </choose>
          <ResourceMessage
            internalID="id1354376947472"
            key="ERR_ADDRESS_XRV_END_DATE"
            resourceBundle="curam.pdc.rules.PDCAddressValidationRuleSet"
          >
            <reference
              attribute="concernRoleName"
              internalID="id1354376947473"
            >
              <reference
                attribute="concernRoleRecord"
                internalID="id1354376947474"
              />
            </reference>
            <reference
              attribute="dateOfDeath"
              internalID="id1354376947475"
            />
          </ResourceMessage>
        </create>
      </derivation>
    </Attribute>
    <Attribute
      internalID="id1369053919338"
      name="toDateAfterDateOfDeath"
    >
      <type internalID="id1369053919339">
        <javaclass
          internalID="id1369053919340"
          name="Boolean"
        />
      </type>
      <derivation internalID="id1369053919341">
        <choose internalID="id1369053919342">
          <type internalID="id1369053919343">
            <javaclass
              internalID="id1369053919344"
              name="Boolean"
            />
          </type>
          <when internalID="id1369053919345">
            <condition internalID="id1369053919346">
              <reference
                attribute="isTodateNull"
                internalID="id1369053919347"
              />
            </condition>
            <value internalID="id1369053919348">
              <compare
                comparison="&gt;"
                internalID="id1369053919349"
              >
                <reference
                  attribute="toDate"
                  internalID="id1369053919350"
                >
                  <reference
                    attribute="evidence"
                    internalID="id1369053919351"
                  />
                </reference>
                <reference
                  attribute="dateOfDeath"
                  internalID="id1369053919352"
                />
              </compare>
            </value>
          </when>
          <otherwise internalID="id1369053919353">
            <value internalID="id1369053919354">
              <false internalID="id1369053919355"/>
            </value>
          </otherwise>
        </choose>
      </derivation>
    </Attribute>
    <Attribute
      internalID="id1369053919356"
      name="isTodateNull"
    >
      <type internalID="id1369053919357">
        <javaclass
          internalID="id1369053919358"
          name="Boolean"
        />
      </type>
      <derivation internalID="id1369053919359">
        <choose internalID="id1369053919360">
          <type internalID="id1369053919361">
            <javaclass
              internalID="id1369053919362"
              name="Boolean"
            />
          </type>
          <when internalID="id1369053919363">
            <condition internalID="id1369053919364">
              <not internalID="id1369053919365">
                <equals internalID="id1369053919366">
                  <reference
                    attribute="toDate"
                    internalID="id1369053919367"
                  >
                    <reference
                      attribute="evidence"
                      internalID="id1369053919368"
                    />
                  </reference>
                  <null internalID="id1369053919369"/>
                </equals>
              </not>
            </condition>
            <value internalID="id1369053919370">
              <true internalID="id1369053919371"/>
            </value>
          </when>
          <otherwise internalID="id1369053919372">
            <value internalID="id1369053919373">
              <false internalID="id1369053919374"/>
            </value>
          </otherwise>
        </choose>
      </derivation>
    </Attribute>
    <Attribute
      internalID="id1355216363337"
      name="effectiveDateAfterDOBValidation"
    >
      <type internalID="id1355216363338">
        <ruleclass
          internalID="id1355216363354"
          name="Validation"
          ruleset="EvidenceValidationRuleSet"
        />
      </type>
      <derivation internalID="id1355216363355">
        <create
          internalID="id1355216363356"
          ruleclass="Validation"
          ruleset="EvidenceValidationRuleSet"
        >
          <choose internalID="id1355216363357">
            <type internalID="id1355216363358">
              <javaclass
                internalID="id1355216363359"
                name="Boolean"
              />
            </type>
            <when internalID="id1355216363360">
              <condition internalID="id1355216363361">
                <all internalID="id1355216363362">
                  <fixedlist internalID="id1355216363363">
                    <listof internalID="id1355216363364">
                      <javaclass
                        internalID="id1355216363365"
                        name="Boolean"
                      />
                    </listof>
                    <members internalID="id1355216363366">
                      <not internalID="id1355216363367">
                        <equals internalID="id1355216363368">
                          <reference
                            attribute="dateOfBirth"
                            internalID="id1355216363369"
                          />
                          <null internalID="PDCAddressValidationRuleSet1355754662593"/>
                        </equals>
                      </not>
                      <not internalID="id1355216363371">
                        <equals internalID="id1355216363372">
                          <reference
                            attribute="effectiveDate"
                            internalID="id1355216363373"
                          />
                          <null internalID="id1369053919375"/>
                        </equals>
                      </not>
                    </members>
                  </fixedlist>
                </all>
              </condition>
              <value internalID="id1355216363375">
                <compare
                  comparison="&gt;"
                  internalID="id1355216363376"
                >
                  <reference
                    attribute="dateOfBirth"
                    internalID="id1355216363377"
                  />
                  <reference
                    attribute="effectiveDate"
                    internalID="id1355216363378"
                  />
                </compare>
              </value>
            </when>
            <otherwise internalID="id1355216363379">
              <value internalID="id1355216363380">
                <false internalID="id1355216363381"/>
              </value>
            </otherwise>
          </choose>
          <ResourceMessage
            internalID="id1355216363382"
            key="ERR_ADDRESS_XRV_EFFECTIVE_DATE_DOB"
            resourceBundle="curam.pdc.rules.PDCAddressValidationRuleSet"
          >
            <reference
              attribute="concernRoleName"
              internalID="id1355216363383"
            >
              <reference
                attribute="concernRoleRecord"
                internalID="id1355216363384"
              />
            </reference>
            <reference
              attribute="dateOfBirth"
              internalID="id1355216363385"
            />
          </ResourceMessage>
        </create>
      </derivation>
    </Attribute>
    <Attribute
      internalID="id1354376947476"
      name="concernRoleRecord"
    >
      <type internalID="id1354376947477">
        <ruleclass
          internalID="id1354376947478"
          name="ConcernRole"
          ruleset="ParticipantEntitiesRuleSet"
        />
      </type>
      <derivation internalID="id1354376947479">
        <singleitem
          internalID="id1354376947480"
          onEmpty="error"
          onMultiple="error"
        >
          <readall
            internalID="id1354376947481"
            ruleclass="ConcernRole"
            ruleset="ParticipantEntitiesRuleSet"
          >
            <match
              internalID="id1354376947482"
              retrievedattribute="concernRoleID"
            >
              <reference
                attribute="participantRoleID"
                internalID="id1354376947483"
              >
                <reference
                  attribute="related_participant"
                  internalID="id1354376947484"
                >
                  <reference
                    attribute="evidence"
                    internalID="id1354376947485"
                  />
                </reference>
              </reference>
            </match>
          </readall>
        </singleitem>
      </derivation>
    </Attribute>
    <Attribute
      internalID="id1354376947496"
      name="modifyDuplicateClientValidation"
    >
      <type internalID="id1354376947497">
        <ruleclass
          internalID="id1354376947498"
          name="Validation"
          ruleset="EvidenceValidationRuleSet"
        />
      </type>
      <derivation internalID="id1354376947499">
        <create
          internalID="id1354376947500"
          ruleclass="Validation"
          ruleset="EvidenceValidationRuleSet"
        >
          <reference
            attribute="isConcernRoleDuplicate"
            internalID="id1354376947501"
          >
            <reference
              attribute="duplicateCheck"
              internalID="id1354376947502"
            />
          </reference>
          <ResourceMessage
            internalID="id1354376947503"
            key="ERR_ADDRESS_XRV_DUPLICATE_CLIENT_PARTICIPANT_MODIFY"
            resourceBundle="curam.pdc.rules.PDCAddressValidationRuleSet"
          >


            <reference
              attribute="concernRoleName"
              internalID="id1355216363383"
            >
              <reference
                attribute="concernRoleRecord"
                internalID="id1355216363384"
              />
            </reference>


          </ResourceMessage>
        </create>
      </derivation>
    </Attribute>
    <Attribute
      internalID="id1354376947504"
      name="createDuplicateClientValidation"
    >
      <type internalID="id1354376947505">
        <ruleclass
          internalID="id1354376947506"
          name="Validation"
          ruleset="EvidenceValidationRuleSet"
        />
      </type>
      <derivation internalID="id1354376947507">
        <create
          internalID="id1354376947508"
          ruleclass="Validation"
          ruleset="EvidenceValidationRuleSet"
        >
          <reference
            attribute="isConcernRoleDuplicate"
            internalID="id1354376947509"
          >
            <reference
              attribute="duplicateCheck"
              internalID="id1354376947510"
            />
          </reference>
          <ResourceMessage
            internalID="id1354376947511"
            key="ERR_ADDRESS_XRV_DUPLICATE_CLIENT_PARTICIPANT_CREATE"
            resourceBundle="curam.pdc.rules.PDCAddressValidationRuleSet"
          >
            <reference
              attribute="concernRoleName"
              internalID="id1355216363383"
            >
              <reference
                attribute="concernRoleRecord"
                internalID="id1355216363384"
              />
            </reference>


          </ResourceMessage>


        </create>
      </derivation>
    </Attribute>
    <Attribute
      internalID="PDCAddressValidationRuleSet1354377060943"
      name="caseID"
    >
      <type internalID="PDCAddressValidationRuleSet1354377060944">
        <javaclass
          internalID="PDCAddressValidationRuleSet1354377069724"
          name="Number"
        />
      </type>
      <derivation internalID="PDCAddressValidationRuleSet1354377060946">
        <reference
          attribute="caseID"
          internalID="PDCAddressValidationRuleSet1354378844659"
        >
          <reference
            attribute="evidence"
            internalID="PDCAddressValidationRuleSet1354378844660"
          />
        </reference>
      </derivation>
    </Attribute>
    <Attribute
      internalID="id1369053919376"
      name="birthAndDeathEvidence"
    >
      <type internalID="id1369053919377">
        <javaclass
          internalID="id1369053919378"
          name="List"
        >
          <ruleclass
            internalID="id1369053919379"
            name="BirthAndDeathEvidence"
            ruleset="ParticipantEvidenceRuleSet"
          />
        </javaclass>
      </type>
      <derivation internalID="id1369053919380">
        <readall
          internalID="id1369053919381"
          ruleclass="BirthAndDeathEvidence"
          ruleset="ParticipantEvidenceRuleSet"
        >
          <match
            internalID="id1369053919382"
            retrievedattribute="caseID"
          >
            <reference
              attribute="caseID"
              internalID="id1369053919383"
            />
          </match>
        </readall>
      </derivation>
    </Attribute>
    <Attribute
      internalID="id1369053919384"
      name="birthAndDeathEvidenceForClient"
    >
      <type internalID="id1369053919385">
        <ruleclass
          internalID="id1369053919386"
          name="BirthAndDeathEvidence"
          ruleset="ParticipantEvidenceRuleSet"
        />
      </type>
      <derivation internalID="id1369053919387">
        <singleitem
          internalID="id1369053919388"
          onEmpty="returnNull"
          onMultiple="returnFirst"
        >
          <filter internalID="id1369053919389">
            <list internalID="id1369053919390">
              <reference
                attribute="birthAndDeathEvidence"
                internalID="id1369053919391"
              />
            </list>
            <listitemexpression internalID="id1369053919392">
              <all internalID="id1369053919393">
                <fixedlist internalID="id1369053919394">
                  <listof internalID="id1369053919395">
                    <javaclass
                      internalID="id1369053919396"
                      name="Boolean"
                    />
                  </listof>
                  <members internalID="id1369053919397">
                    <not internalID="id1369053919398">
                      <equals internalID="id1369053919399">
                        <reference
                          attribute="evidenceSuccessionID"
                          internalID="id1369053919400"
                        />
                        <reference
                          attribute="successionID"
                          internalID="id1369053919401"
                        >
                          <current internalID="id1369053919402"/>
                        </reference>
                      </equals>
                    </not>
                    <equals internalID="id1369053919403">
                      <reference
                        attribute="participantRoleID"
                        internalID="id1369053919404"
                      >
                        <reference
                          attribute="related_participant"
                          internalID="id1369053919406"
                        >
                          <reference
                            attribute="evidence"
                            internalID="id1369053919407"
                          />
                        </reference>
                      </reference>
                      <reference
                        attribute="participantRoleID"
                        internalID="id1369053919408"
                      >
                        <reference
                          attribute="related_person"
                          internalID="id1369053919409"
                        >
                          <current internalID="id1369053919410"/>
                        </reference>
                      </reference>
                    </equals>
                  </members>
                </fixedlist>
              </all>
            </listitemexpression>
          </filter>
        </singleitem>
      </derivation>
    </Attribute>
    <Attribute
      internalID="id1369053919411"
      name="evidenceSuccessionID"
    >
      <type internalID="id1369053919412">
        <javaclass
          internalID="id1369053919413"
          name="Number"
        />
      </type>
      <derivation internalID="id1369053919414">
        <reference
          attribute="successionID"
          internalID="id1369053919415"
        >
          <reference
            attribute="evidence"
            internalID="id1369053919416"
          />
        </reference>
      </derivation>
    </Attribute>


    <Attribute
      internalID="PDCAddressValidationRuleSet1354377828693"
      name="dateOfBirth"
    >
      <type>
        <javaclass name="curam.util.type.Date"/>
      </type>
      <derivation>
        <choose>
          <type>
            <javaclass name="curam.util.type.Date"/>
          </type>
          <when>
            <condition>
              <equals>
                <singleitem
                  onEmpty="returnNull"
                  onMultiple="returnFirst"
                >
                  <readall
                    ruleclass="Person"
                    ruleset="ParticipantEntitiesRuleSet"
                  >
                    <match retrievedattribute="concernRoleID">
                      <reference attribute="participantRoleID">
                        <reference attribute="related_participant">
                          <reference attribute="evidence"/>
                        </reference>
                      </reference>
                    </match>
                  </readall>
                </singleitem>
                <null/>
              </equals>
            </condition>
            <value>
              <reference attribute="dateOfBirth">
                <singleitem
                  onEmpty="returnNull"
                  onMultiple="returnFirst"
                >
                  <readall
                    ruleclass="ProspectPerson"
                    ruleset="ParticipantEntitiesRuleSet"
                  >
                    <match retrievedattribute="concernRoleID">
                      <reference attribute="participantRoleID">
                        <reference attribute="related_participant">
                          <reference attribute="evidence"/>
                        </reference>
                      </reference>
                    </match>
                  </readall>
                </singleitem>
              </reference>
            </value>
          </when>
          <otherwise>
            <value>
              <reference attribute="dateOfBirth">
                <singleitem
                  onEmpty="returnNull"
                  onMultiple="returnFirst"
                >
                  <readall
                    ruleclass="Person"
                    ruleset="ParticipantEntitiesRuleSet"
                  >
                    <match retrievedattribute="concernRoleID">
                      <reference attribute="participantRoleID">
                        <reference attribute="related_participant">
                          <reference attribute="evidence"/>
                        </reference>
                      </reference>
                    </match>
                  </readall>
                </singleitem>
              </reference>
            </value>
          </otherwise>
        </choose>
      </derivation>
    </Attribute>
    <Attribute
      internalID="id1354381774245"
      name="dateOfDeath"
    >
      <type>
        <javaclass name="curam.util.type.Date"/>
      </type>
      <derivation>
        <choose>
          <type>
            <javaclass name="curam.util.type.Date"/>
          </type>
          <when>
            <condition>
              <equals>
                <singleitem
                  onEmpty="returnNull"
                  onMultiple="returnFirst"
                >
                  <readall
                    ruleclass="Person"
                    ruleset="ParticipantEntitiesRuleSet"
                  >
                    <match retrievedattribute="concernRoleID">
                      <reference attribute="participantRoleID">
                        <reference attribute="related_participant">
                          <reference attribute="evidence"/>
                        </reference>
                      </reference>
                    </match>
                  </readall>
                </singleitem>
                <null/>
              </equals>
            </condition>
            <value>
              <reference attribute="dateOfDeath">
                <singleitem
                  onEmpty="returnNull"
                  onMultiple="returnFirst"
                >
                  <readall
                    ruleclass="ProspectPerson"
                    ruleset="ParticipantEntitiesRuleSet"
                  >
                    <match retrievedattribute="concernRoleID">
                      <reference attribute="participantRoleID">
                        <reference attribute="related_participant">
                          <reference attribute="evidence"/>
                        </reference>
                      </reference>
                    </match>
                  </readall>
                </singleitem>
              </reference>
            </value>
          </when>
          <otherwise>
            <value>
              <reference attribute="dateOfDeath">
                <singleitem
                  onEmpty="returnNull"
                  onMultiple="returnFirst"
                >
                  <readall
                    ruleclass="Person"
                    ruleset="ParticipantEntitiesRuleSet"
                  >
                    <match retrievedattribute="concernRoleID">
                      <reference attribute="participantRoleID">
                        <reference attribute="related_participant">
                          <reference attribute="evidence"/>
                        </reference>
                      </reference>
                    </match>
                  </readall>
                </singleitem>
              </reference>
            </value>
          </otherwise>
        </choose>
      </derivation>
    </Attribute>
    <Attribute
      internalID="id1355216363386"
      name="effectiveDate"
    >
      <type internalID="id1355216363387">
        <javaclass
          internalID="id1355216363388"
          name="curam.util.type.Date"
        />
      </type>
      <derivation internalID="id1355216363389">
        <reference
          attribute="effectiveFrom"
          internalID="id1355216363390"
        >
          <reference
            attribute="evidence"
            internalID="id1355216363391"
          />
        </reference>
      </derivation>
    </Attribute>
    <Attribute
      internalID="id1355216363392"
      name="validateTypeChanged"
    >
      <type internalID="id1355216363393">
        <ruleclass
          internalID="id1355216363394"
          name="Validation"
          ruleset="EvidenceValidationRuleSet"
        />
      </type>
      <derivation internalID="id1355216363395">
        <create
          internalID="id1355216363396"
          ruleclass="Validation"
          ruleset="EvidenceValidationRuleSet"
        >
          <reference
            attribute="hasTypeBeenChanged"
            internalID="id1355216363397"
          />
          <ResourceMessage
            internalID="id1355216363398"
            key="ERR_ADDRESS_FV_TYPE_CANNOT_BE_MODIFIED"
            resourceBundle="curam.pdc.rules.PDCAddressValidationRuleSet"
          />
        </create>
      </derivation>
    </Attribute>
    <Attribute
      internalID="id1369053919417"
      name="hasTypeBeenChanged"
    >
      <type internalID="id1369053919418">
        <javaclass
          internalID="id1369053919419"
          name="Boolean"
        />
      </type>
      <derivation internalID="id1369053919420">
        <choose internalID="id1369053919421">
          <type internalID="id1369053919422">
            <javaclass
              internalID="id1369053919423"
              name="Boolean"
            />
          </type>
          <when internalID="id1369053919424">
            <condition internalID="id1369053919425">
              <equals internalID="id1369053919426">
                <reference
                  attribute="status"
                  internalID="id1369053919427"
                >
                  <reference
                    attribute="evidence"
                    internalID="id1369053919428"
                  />
                </reference>
                <Code
                  internalID="id1369053919429"
                  table="EvidenceDescriptorStatus"
                >
                  <String
                    internalID="id1369053919430"
                    value="EDS1"
                  />
                </Code>
              </equals>
            </condition>
            <value internalID="id1369053919431">
              <not internalID="id1369053919432">
                <equals internalID="id1369053919433">
                  <reference
                    attribute="addressType"
                    internalID="id1369053919434"
                  >
                    <reference
                      attribute="activeAddressEvidenceRow"
                      internalID="id1369053919435"
                    />
                  </reference>
                  <reference
                    attribute="addressType"
                    internalID="id1369053919436"
                  >
                    <reference
                      attribute="evidence"
                      internalID="id1369053919437"
                    />
                  </reference>
                </equals>
              </not>
            </value>
          </when>
          <otherwise internalID="id1369053919438">
            <value internalID="id1369053919439">
              <false internalID="id1369053919440"/>
            </value>
          </otherwise>
        </choose>
      </derivation>
    </Attribute>
    <Attribute
      internalID="id1355216363409"
      name="activeAddressEvidenceRow"
    >
      <type internalID="id1355216363410">
        <ruleclass
          internalID="id1355216363411"
          name="ActiveAddressEvidenceRow"
          ruleset="ParticipantEvidenceRuleSet"
        />
      </type>
      <derivation internalID="id1355216363412">
        <singleitem
          internalID="id1355216363413"
          onEmpty="returnNull"
          onMultiple="returnFirst"
        >
          <readall
            internalID="id1355216363414"
            ruleclass="ActiveAddressEvidenceRow"
            ruleset="ParticipantEvidenceRuleSet"
          >
            <match
              internalID="id1355216363415"
              retrievedattribute="correctionSetID"
            >
              <reference
                attribute="correctionSetID"
                internalID="id1355216363416"
              >
                <reference
                  attribute="evidence"
                  internalID="id1355216363417"
                />
              </reference>
            </match>
          </readall>
        </singleitem>
      </derivation>
    </Attribute>
    <Attribute
      internalID="PDCAddressValidationRuleSet1369053976617"
      name="preferredAddressValidation"
    >
      <type internalID="PDCAddressValidationRuleSet1369053976618">
        <ruleclass
          internalID="PDCAddressValidationRuleSet1369053997203"
          name="Validation"
          ruleset="EvidenceValidationRuleSet"
        />
      </type>
      <derivation internalID="PDCAddressValidationRuleSet1369053976620">
        <create
          internalID="PDCAddressValidationRuleSet1369054370443"
          ruleclass="Validation"
          ruleset="EvidenceValidationRuleSet"
        >
          <choose internalID="PDCAddressValidationRuleSet1369054403597">
            <type internalID="PDCAddressValidationRuleSet1369054403598">
              <javaclass
                internalID="PDCAddressValidationRuleSet1369054403596"
                name="Boolean"
              />
            </type>
            <when internalID="PDCAddressValidationRuleSet1369054403599">
              <condition internalID="PDCAddressValidationRuleSet1369054403600">
                <not internalID="PDCAddressValidationRuleSet1369054489530">
                  <equals internalID="PDCAddressValidationRuleSet1369054503055">
                    <reference
                      attribute="caseTypeCode"
                      internalID="PDCAddressValidationRuleSet1369054703193"
                    >
                      <reference
                        attribute="caseHeaderRecord"
                        internalID="PDCAddressValidationRuleSet1369054703194"
                      />
                    </reference>
                    <Code
                      internalID="PDCAddressValidationRuleSet1369054506791"
                      table="CaseTypeCode"
                    >
                      <String
                        internalID="PDCAddressValidationRuleSet1369054506790"
                        value="CT2001"
                      />
                    </Code>
                    
                  </equals>
                </not>
              </condition>
              <value internalID="PDCAddressValidationRuleSet1369054403601">
                <reference
                  attribute="preferredAddressExists"
                  internalID="PDCAddressValidationRuleSet1369054438353"
                />
              </value>
            </when>
            <otherwise internalID="PDCAddressValidationRuleSet1369054403602">
              <value internalID="PDCAddressValidationRuleSet1369054403603">
                <false internalID="PDCAddressValidationRuleSet1369054444377"/>
              </value>
            </otherwise>
          </choose>
          <ResourceMessage
            internalID="PDCAddressValidationRuleSet1369054370445"
            key="ERR_ADDRESS_MULTIPLE_PREFERRED_ADDRESS_FOR_PARTICIPANT"
            resourceBundle="curam.pdc.rules.PDCAddressValidationRuleSet"
          >
            <reference
              attribute="concernRoleName"
              internalID="id1355216363383"
            >
              <reference
                attribute="concernRoleRecord"
                internalID="id1355216363384"
              />
            </reference>


          </ResourceMessage>
        </create>
      </derivation>
    </Attribute>
    <Attribute
      internalID="PDCAddressValidationRuleSet1369054165096"
      name="preferredAddressExists"
    >
      <type internalID="PDCAddressValidationRuleSet1369054165097">
        <javaclass
          internalID="PDCAddressValidationRuleSet1369054165098"
          name="Boolean"
        />
      </type>
      <derivation internalID="PDCAddressValidationRuleSet1369054165099">
        <any internalID="PDCAddressValidationRuleSet1369057924635">
          <dynamiclist internalID="PDCAddressValidationRuleSet1369056171460">
            <list internalID="PDCAddressValidationRuleSet1369056171461">
              <reference
                attribute="addressEvidenceForClient"
                internalID="PDCAddressValidationRuleSet1369057921734"
              />
            </list>
            <listitemexpression internalID="PDCAddressValidationRuleSet1369056171462">
              <all internalID="PDCAddressValidationRuleSet1369059878187">
                <fixedlist internalID="PDCAddressValidationRuleSet1369059878188">
                  <listof internalID="PDCAddressValidationRuleSet1369059878189">
                    <javaclass
                      internalID="PDCAddressValidationRuleSet1369059878190"
                      name="Boolean"
                    />
                  </listof>
                  <members internalID="PDCAddressValidationRuleSet1369059878191">
                    <equals internalID="PDCAddressValidationRuleSet1369059887324">
                      <reference
                        attribute="preferredInd"
                        internalID="PDCAddressValidationRuleSet1369059917006"
                      >
                        <current internalID="PDCAddressValidationRuleSet1369059917007"/>
                      </reference>
                      <true internalID="PDCAddressValidationRuleSet1369059920509"/>
                    </equals>
                    <equals internalID="PDCAddressValidationRuleSet1369059969591">
                      <reference
                        attribute="preferredInd"
                        internalID="PDCAddressValidationRuleSet1369060003269"
                      >
                        <reference
                          attribute="evidence"
                          internalID="PDCAddressValidationRuleSet1369060003270"
                        />
                      </reference>
                      <true internalID="PDCAddressValidationRuleSet1369060007159"/>
                    </equals>
                    <!-- BEGIN, 190211, ZV -->
                    <equals>
                       <reference attribute="status">
                         <reference attribute="evidence"/>
                       </reference>
                      <Code table="EvidenceDescriptorStatus">
                         <String value="EDS1"/>
                      </Code>
                    </equals>
                    <!-- END, 190211 -->
                  </members>
                </fixedlist>
              </all>
            </listitemexpression>
          </dynamiclist>
        </any>
      </derivation>
    </Attribute>
    <Attribute
      internalID="PDCAddressValidationRuleSet1369054626490"
      name="caseHeaderRecord"
    >
      <type internalID="PDCAddressValidationRuleSet1369054626491">
        <ruleclass
          internalID="PDCAddressValidationRuleSet1369054640043"
          name="CaseHeader"
          ruleset="CaseEntitiesRuleSet"
        />
      </type>
      <derivation internalID="PDCAddressValidationRuleSet1369054626493">
        <singleitem
          internalID="PDCAddressValidationRuleSet1369058032824"
          onEmpty="error"
          onMultiple="error"
        >
          <readall
            internalID="PDCAddressValidationRuleSet1369054649518"
            ruleclass="CaseHeader"
            ruleset="CaseEntitiesRuleSet"
          >
            <match
              internalID="PDCAddressValidationRuleSet1369054670673"
              retrievedattribute="caseID"
            >
              <reference
                attribute="caseID"
                internalID="PDCAddressValidationRuleSet1369054678215"
              />
            </match>
          </readall>
        </singleitem>
      </derivation>
    </Attribute>
    <Attribute
      internalID="PDCAddressValidationRuleSet1369055843105"
      name="addressEvidence"
    >
      <type internalID="PDCAddressValidationRuleSet1369055843106">
        <javaclass
          internalID="PDCAddressValidationRuleSet1369056332517"
          name="List"
        >
          <ruleclass
            internalID="PDCAddressValidationRuleSet1369056088320"
            name="AddressEvidence"
            ruleset="ParticipantEvidenceRuleSet"
          />
        </javaclass>
      </type>
      <derivation internalID="PDCAddressValidationRuleSet1369055843108">
        <readall
          internalID="PDCAddressValidationRuleSet1369056091809"
          ruleclass="AddressEvidence"
          ruleset="ParticipantEvidenceRuleSet"
        >
          <match
            internalID="PDCAddressValidationRuleSet1369056137953"
            retrievedattribute="caseID"
          >
            <reference
              attribute="caseID"
              internalID="PDCAddressValidationRuleSet1369056145925"
            />
          </match>
        </readall>
      </derivation>
    </Attribute>
    <Attribute
      internalID="PDCAddressValidationRuleSet1369056312228"
      name="addressEvidenceForClient"
    >
      <type internalID="PDCAddressValidationRuleSet1369056312229">
        <javaclass
          internalID="PDCAddressValidationRuleSet1369056358015"
          name="List"
        >
          <ruleclass
            internalID="PDCAddressValidationRuleSet1369056327270"
            name="AddressEvidence"
            ruleset="ParticipantEvidenceRuleSet"
          />
        </javaclass>
      </type>
      <derivation internalID="PDCAddressValidationRuleSet1369056312231">
        <filter internalID="PDCAddressValidationRuleSet1369056374998">
          <list internalID="PDCAddressValidationRuleSet1369056374999">
            <reference
              attribute="addressEvidence"
              internalID="PDCAddressValidationRuleSet1369056385335"
            />
          </list>
          <listitemexpression internalID="PDCAddressValidationRuleSet1369056375000">
            <all internalID="PDCAddressValidationRuleSet1369056398234">
              <fixedlist internalID="PDCAddressValidationRuleSet1369056398235">
                <listof internalID="PDCAddressValidationRuleSet1369056398236">
                  <javaclass
                    internalID="PDCAddressValidationRuleSet1369056398237"
                    name="Boolean"
                  />
                </listof>
                <members internalID="PDCAddressValidationRuleSet1369056398238">
                  <equals internalID="PDCAddressValidationRuleSet1369056405582">
                    <reference
                      attribute="participantRoleID"
                      internalID="PDCAddressValidationRuleSet1369056454752"
                    >
                      <reference
                        attribute="related_participant"
                        internalID="PDCAddressValidationRuleSet1369056454753"
                      >
                        <reference
                          attribute="evidence"
                          internalID="PDCAddressValidationRuleSet1369056454754"
                        />
                      </reference>
                    </reference>
                    <reference
                      attribute="participantRoleID"
                      internalID="PDCAddressValidationRuleSet1369057680812"
                    >
                      <reference
                        attribute="related_participant"
                        internalID="PDCAddressValidationRuleSet1369057680813"
                      >
                        <current internalID="PDCAddressValidationRuleSet1369057680814"/>
                      </reference>
                    </reference>
                  </equals>
                  <not internalID="PDCAddressValidationRuleSet1369057712629">
                    <equals internalID="PDCAddressValidationRuleSet1369057721872">
                      <reference
                        attribute="evidenceSuccessionID"
                        internalID="PDCAddressValidationRuleSet1369057744691"
                      />
                      <reference
                        attribute="successionID"
                        internalID="PDCAddressValidationRuleSet1369057872839"
                      >
                        <current internalID="PDCAddressValidationRuleSet1369057872840"/>
                      </reference>
                    </equals>
                  </not>
                </members>
              </fixedlist>
            </all>
          </listitemexpression>
        </filter>
      </derivation>
    </Attribute>

      <!-- **** TASK 2415 Address Evidence PO Box validation START -JP -->

	<Attribute name="isPOBOXNOForResidentialAddress">
		<type>
			<javaclass name="Boolean" />
		</type>
		<derivation>
			<call class="curam.ca.gc.bdm.creole.impl.Statics"
				method="validatePOBOXNOForResidentialAddress">
				<type>
					<javaclass name="Boolean" />
				</type>
				<arguments>
					<reference attribute="addressData">
						<reference attribute="related_address">
							<reference attribute="evidence" />
						</reference>
					</reference>
					<reference attribute="addressType">
						<reference attribute="evidence" />
					</reference>
				</arguments>
			</call>
		</derivation>
	</Attribute>

	<Attribute name="poBOXResidentialValidation">
		<type>
			<ruleclass name="Validation"
				ruleset="EvidenceValidationRuleSet" />
		</type>
		<derivation>
			<create ruleclass="Validation"
				ruleset="EvidenceValidationRuleSet">

				<reference attribute="isPOBOXNOForResidentialAddress" />

				<ResourceMessage key="ERR_ADDRESS_POBOX_RESIDENTIAL"
					resourceBundle="curam.bdm.pdc.rules.PDCAddressValidationRuleSet" />
			</create>
		</derivation>
	</Attribute>

	<!-- ****END TASK 2415 Address Evidence PO Box validation -JP -->
	
	<!-- START : TASK 5540  The preferred flag can be set for residential addresses only JP  -->
	
	<Attribute name="preferredResidentialValidation">
		<type>
			<ruleclass name="Validation"
				ruleset="EvidenceValidationRuleSet" />
		</type>
		<derivation>
			<create ruleclass="Validation"
				ruleset="EvidenceValidationRuleSet">

				<reference attribute="isNotAddressTypeResidentialAndPreferred" />

				<ResourceMessage key="ERR_PREFERRED_FOR_RESIDENTIAL"
					resourceBundle="curam.bdm.pdc.rules.PDCAddressValidationRuleSet" />
			</create>
		</derivation>
	</Attribute>
		
	<!-- Check id AddressType != Residential and marked preferred -->
	<Attribute name="isNotAddressTypeResidentialAndPreferred">
		<type>
			<javaclass name="Boolean" />
		</type>
		<derivation>
			<all>
				<fixedlist>
					<listof>
						<javaclass name="Boolean" />
					</listof>
					<members>
					<not>
						<equals>
							<reference attribute="addressType">
								<reference attribute="evidence" />
							</reference>
							<Code table="AddressType">
								<String value="AT1" />
							</Code>
						</equals>
					</not>
					<reference attribute="preferredInd">
						<reference attribute="evidence" />
					</reference>
						
					</members>
				</fixedlist>
			</all>
		</derivation>
	</Attribute>
	
	
	
	
	<!-- Multiple addresses of the same type, and overlapping time periods cannot exist -->
	
	<Attribute name="addressDateOverlapValidation">
		<type>
			<ruleclass  name="Validation"
				ruleset="EvidenceValidationRuleSet" />
		</type>
		<derivation>
			<create ruleclass="Validation"
				ruleset="EvidenceValidationRuleSet">
				<choose>
					<type>
						<javaclass name="Boolean" />
					</type>
					<when>
						<condition>
							<any>
								<fixedlist>
									<listof>
										<javaclass name="Boolean" />
									</listof>
									<members>
									
										<equals>
											<reference attribute="addressType">
												<reference attribute="evidence" />
											</reference>
											<Code table="AddressType">
												<String value="AT1" />
											</Code>
										</equals>
										
										<equals>
											<reference attribute="addressType">
												<reference attribute="evidence" />
											</reference>
											<Code table="AddressType">
												<String value="AT4" />
											</Code>
										</equals>
										
									</members>
								</fixedlist>
							</any>
						</condition>
						<value>
							<reference attribute="validateDateOverlap" />
						</value>
					</when>
					<otherwise>
						<value>
							 <false />
						</value>
					</otherwise>
				</choose>
				
				<ResourceMessage key="ERR_ADDRESSTYPE_WITH_OVERLAPPING_TIME_NOT_ALLOWED"
					resourceBundle="curam.bdm.pdc.rules.PDCAddressValidationRuleSet" />
					
			</create>
		</derivation>
	</Attribute>
	
	<Attribute name="validateDateOverlap">
	<type>
		<javaclass name="Boolean" />
	</type>
	<derivation>
		<choose>
			<type>
				<javaclass name="Boolean" />
			</type>
			<when>
				<condition>
					<not>
						<equals>
							<reference attribute="toDate">
								<reference attribute="evidence" />
							</reference>
							<null />
						</equals>
					</not>
				</condition>
				<value>
					<reference attribute="validateOverlapWithEndDate" />
				</value>
			</when>
			<otherwise>
				<value>
					<reference attribute="validateOverlapNoEndDate" />
				</value>
			</otherwise>
		</choose>
	</derivation>
</Attribute>
	
	
	<Attribute name="validateOverlapWithEndDate">
	<type>
		<javaclass name="Boolean" />
	</type>
	<derivation>
		<any>
			<dynamiclist>
				<list>
					<reference
						attribute="addressEvidenceForClientByType" />
				</list>
				<listitemexpression>
					<choose>
						<type>
							<javaclass name="Boolean" />
						</type>
						<when>
							<condition>
								<all>
									<fixedlist>
										<listof>
											<javaclass name="Boolean" />
										</listof>
										<members>
											<any>
												<fixedlist>
													<listof>
														<javaclass name="Boolean" />
													</listof>
													<members>
														<compare comparison="&lt;=">
															<reference attribute="fromDate">
																<reference attribute="evidence" />
															</reference>
															<reference attribute="toDate">
																<current />
															</reference>
														</compare>
														<equals>
															<reference attribute="toDate">
																<current />
															</reference>
															<null />
														</equals>
													</members>
												</fixedlist>
											</any>
											<compare comparison="&gt;=">
												<reference attribute="toDate">
													<reference attribute="evidence" />
												</reference>
												<reference attribute="fromDate">
													<current />
												</reference>
											</compare>
										</members>
									</fixedlist>
								</all>
							</condition>
							<value>
								<true />
							</value>
						</when>
						<otherwise>
							<value>
								<false />
							</value>
						</otherwise>
					</choose>
				</listitemexpression>
			</dynamiclist>
		</any>
	</derivation>
</Attribute>
	<Attribute name="validateOverlapNoEndDate">
		<type>
			<javaclass name="Boolean" />
		</type>
		<derivation>
			<any>
				<dynamiclist>
					<list>
						<reference
							attribute="addressEvidenceForClientByType" />
					</list>
					<listitemexpression>
						<choose>
							<type>
								<javaclass name="Boolean" />
							</type>
							<when>
								<condition>
									<any>
										<fixedlist>
											<listof>
												<javaclass name="Boolean" />
											</listof>
											<members>
												<equals>
													<reference attribute="toDate">
														<current />
													</reference>
													<null />
												</equals>
												<compare comparison="&lt;=">
													<reference attribute="fromDate">
														<reference attribute="evidence" />
													</reference>
													<reference attribute="toDate">
														<current />
													</reference>
												</compare>
											</members>
										</fixedlist>
									</any>
								</condition>
								<value>
									<true />
								</value>
							</when>
							<otherwise>
								<value>
									<false />
								</value>
							</otherwise>
						</choose>
					</listitemexpression>
				</dynamiclist>
			</any>
		</derivation>
	</Attribute>
	
	<Attribute name="addressEvidenceForClientByType">
	<type>
		<javaclass name="List">
			<ruleclass name="AddressEvidence"
				ruleset="ParticipantEvidenceRuleSet" />
		</javaclass>
	</type>
	<derivation>
		<filter>
			<list>
				<reference attribute="addressEvidence" />
			</list>
			<listitemexpression>
				<all>
					<fixedlist>
						<listof>
							<javaclass name="Boolean" />
						</listof>
						<members>
							<not>
								<equals>

									<reference attribute="evidenceSuccessionID" />
									<reference attribute="successionID">
										<current />
									</reference>
								</equals>
							</not>
							<equals>

								<reference attribute="addressType">
									<current />
								</reference>
								<reference attribute="addressType">
									<reference attribute="evidence" />
								</reference>
							</equals>
							<equals>

								<reference attribute="participantRoleID">
									<reference attribute="related_participant">
										<reference attribute="evidence" />
									</reference>
								</reference>
								<reference attribute="participantRoleID">
									<reference attribute="related_participant">
										<current />
									</reference>
								</reference>
							</equals>
						</members>
					</fixedlist>
				</all>
			</listitemexpression>
		</filter>
	</derivation>
</Attribute>
	
	
	

<!-- END : TASK 5540  The preferred flag can be set for residential addresses only JP  -->





<!--START 5540 : End date should be 1 day preceding the start date of the new address under the same address type  -->



<Attribute name="earliestStartDate">
      <type>
        <javaclass name="curam.util.type.Date"/>
      </type>
      <derivation>
        <min>
          <dynamiclist>
            <list>
              <reference attribute="addressEvidenceForClientByType"/>
            </list>
            <listitemexpression>
              <reference attribute="fromDate">
                <current/>
              </reference>
            </listitemexpression>
          </dynamiclist>
        </min>
      </derivation>
    </Attribute>
	
	<Attribute name="endDatePrecedingExistingStartDateValidation">
		<type>
			<ruleclass  name="Validation"
				ruleset="EvidenceValidationRuleSet" />
		</type>
		<derivation>
			<create ruleclass="Validation"
				ruleset="EvidenceValidationRuleSet">
				<choose>
					<type>
						<javaclass name="Boolean" />
					</type>
					<when>
						<condition>
							<any>
								<fixedlist>
									<listof>
										<javaclass name="Boolean" />
									</listof>
									<members>
									
										<equals>
											<reference attribute="addressType">
												<reference attribute="evidence" />
											</reference>
											<Code table="AddressType">
												<String value="AT1" />
											</Code>
										</equals>
										
										<equals>
											<reference attribute="addressType">
												<reference attribute="evidence" />
											</reference>
											<Code table="AddressType">
												<String value="AT4" />
											</Code>
										</equals>
										
									</members>
								</fixedlist>
							</any>
						</condition>
						<value>
							<reference attribute="validateCurrentEndDate" />
						</value>
					</when>
					<otherwise>
						<value>
							 <false />
						</value>
					</otherwise>
				</choose>
				
				<ResourceMessage key="ERR_ENDDATE_1DAY_PRECEDING_STARTDATE"
					resourceBundle="curam.bdm.pdc.rules.PDCAddressValidationRuleSet" />
					
			</create>
		</derivation>
	</Attribute>
	
	<Attribute name="validateCurrentEndDate">
	<type>
		<javaclass name="Boolean" />
	</type>
	<derivation>
		<choose>
			<type>
				<javaclass name="Boolean" />
			</type>
			<when>
			<!-- incoming evidence enddate is not null -->
				<condition>
				
					<reference attribute="isTodateNull" />
					
				</condition>
				<value>
				<!--compare incoming enddate with existing address of sametype startdate -->
				<not>
					<reference attribute="compareIncomingEndDatetoExistingStartDate" />
					</not>
				</value>
			</when>
			<otherwise>
				<value>
					<false />
				</value>
			</otherwise>
		</choose>
	</derivation>
</Attribute>


	<Attribute name="compareIncomingEndDatetoExistingStartDate">
		<type>
			<javaclass name="Boolean" />
		</type>
		<derivation>
			<all>
				<fixedlist>
					<listof>
						<javaclass name="Boolean" />
					</listof>
					<members>
						<not>
							<equals>
								<reference attribute="toDate">
									<reference attribute="evidence" />
								</reference>
								<null/>
							</equals>
						</not>
						<not>
							<equals>
								<reference attribute="earliestStartDate" />
								<null/>
							</equals>
						</not>
					
						<compare comparison="&lt;">
							<reference attribute="toDate">
								<reference attribute="evidence" />
							</reference>
							<reference attribute="earliestStartDate" />
						</compare>
					</members>
				</fixedlist>
			</all>
		</derivation>
	</Attribute>

<!--END 5540 : End date should be 1 day preceding the start date of the new address under the same address type  -->
	
	
	
	<!--START: End date should not be later than existing start date of the new address under the same address type -->

  </Class>
    
</RuleSet>
