<?xml version="1.0" encoding="UTF-8"?>
<RuleSet
  name="PDCAddressSummaryRuleSet"
  xmlns:xsi="http://www.w3.org/2001/XMLSchema-instance"
  xsi:noNamespaceSchemaLocation="http://www.curamsoftware.com/CreoleRulesSchema.xsd"
>
  <Class
    extends="DefaultEvidenceSummary"
    extendsRuleSet="EvidenceSummaryRuleSet"
    name="PDCAddressSummary"
  >
    <Attribute name="evidence">
      <type>
        <ruleclass
          name="PDCAddress"
          ruleset="PDCAddressRuleSet"
        />
      </type>
      <derivation>
        <specified/>
      </derivation>
    </Attribute>


    <Attribute name="addressForDisplay">
      <Annotations>
        <Display/>
      </Annotations>
      <type>
        <javaclass name="String"/>
      </type>
      <derivation>
        <call
          class="curam.pdc.impl.Statics"
          method="getAddress"
        >
          <type>
            <javaclass name="String"/>
          </type>
          <arguments>
            <reference attribute="address">
              <reference attribute="evidence"/>
            </reference>
          </arguments>
        </call>
      </derivation>
    </Attribute>


    <Attribute name="summary">
      <type>
        <javaclass name="curam.creole.value.Message"/>
      </type>
      <derivation>
        <ResourceMessage
          key="summaryMessage1"
          resourceBundle="curam.pdc.rules.DynEvd_PDCAddress_Summary"
        >
          <reference attribute="addressType">
            <reference attribute="evidence"/>
          </reference>
          <reference attribute="addressForDisplay"/>
        </ResourceMessage>


      </derivation>
    </Attribute>


  </Class>
</RuleSet>
