<?xml version="1.0" encoding="UTF-8"?>
<RuleSet name="PDCEmailAddressRuleSet">
  <Class
    extends="DynamicEvidence"
    extendsRuleSet="DynamicEvidenceRuleSet"
    name="PDCEmailAddress"
  >
    <Attribute name="fromDate">
      <Annotations/>
      <type>
        <javaclass name="curam.util.type.Date"/>
      </type>
      <derivation>
        <specified/>
      </derivation>
    </Attribute>
    <Attribute name="emailAddressType">
      <Annotations/>
      <type>
        <codetableentry table="EmailType"/>
      </type>
      <derivation>
        <specified/>
      </derivation>
    </Attribute>
    <Attribute name="emailAddress">
      <Annotations/>
      <type>
        <javaclass name="java.lang.String"/>
      </type>
      <derivation>
        <specified/>
      </derivation>
    </Attribute>
    <Attribute name="toDate">
      <Annotations/>
      <type>
        <javaclass name="curam.util.type.Date"/>
      </type>
      <derivation>
        <specified/>
      </derivation>
    </Attribute>
    <Attribute name="preferredInd">
      <Annotations/>
      <type>
        <javaclass name="java.lang.Boolean"/>
      </type>
      <derivation>
        <specified/>
      </derivation>
    </Attribute>
    
     <!-- START : TASK 7878  -->
    
    <Attribute name="useForAlertsInd">
	<Annotations />
	<type>
		<javaclass name="java.lang.Boolean" />
	</type>
	<derivation>
		<specified />
	</derivation>
</Attribute>
    <!-- END : TASK 7878 -->
    <!-- ADO-21002 Added alert Frequency  -->
  <Attribute name="alertFrequency">
      <Annotations/>
      <type>
        <codetableentry table="BDMAlertOccur"/>
      </type>
      <derivation>
        <null/>
      </derivation>
    </Attribute>
    <!-- ADO-21002 Added alert Frequency  -->
    <Attribute name="participant">
      <Annotations/>
      <type>
        <javaclass name="java.lang.Number"/>
      </type>
      <derivation>
        <specified/>
      </derivation>
    </Attribute>
    <Attribute name="related_participant">
      <Annotations/>
      <type>
        <ruleclass
          name="CaseParticipantRole"
          ruleset="CaseEntitiesRuleSet"
        />
      </type>
      <derivation>
        <reference attribute="caseParticipantRoleRecord">
          <create
            ruleclass="CaseParticipantRoleCalculator"
            ruleset="DynamicEvidenceRuleSet"
          >
            <reference attribute="participant"/>
          </create>
        </reference>
      </derivation>
    </Attribute>
  </Class>
</RuleSet>
