<?xml version="1.0" encoding="UTF-8"?>
<RuleSet name="PDCNameDataRuleSet">
  <Class
    extends="ActiveSuccessionSet"
    extendsRuleSet="PropagatorRuleSet"
    name="PDCName"
  >
    <Annotations>
      <SuccessionSetPopulation/>
    </Annotations>
    <Attribute name="middleName">
      <Annotations/>
      <type>
        <javaclass name="curam.creole.value.Timeline">
          <javaclass name="java.lang.String"/>
        </javaclass>
      </type>
      <derivation>
        <specified/>
      </derivation>
    </Attribute>
    <Attribute name="lastName">
      <Annotations/>
      <type>
        <javaclass name="curam.creole.value.Timeline">
          <javaclass name="java.lang.String"/>
        </javaclass>
      </type>
      <derivation>
        <specified/>
      </derivation>
    </Attribute>
    <Attribute name="title">
      <Annotations/>
      <type>
        <javaclass name="curam.creole.value.Timeline">
          <codetableentry table="PersonTitle"/>
        </javaclass>
      </type>
      <derivation>
        <specified/>
      </derivation>
    </Attribute>
    <Attribute name="initials">
      <Annotations/>
      <type>
        <javaclass name="curam.creole.value.Timeline">
          <javaclass name="java.lang.String"/>
        </javaclass>
      </type>
      <derivation>
        <specified/>
      </derivation>
    </Attribute>
    <Attribute name="firstName">
      <Annotations/>
      <type>
        <javaclass name="curam.creole.value.Timeline">
          <javaclass name="java.lang.String"/>
        </javaclass>
      </type>
      <derivation>
        <specified/>
      </derivation>
    </Attribute>
    <Attribute name="suffix">
      <Annotations/>
      <type>
        <javaclass name="curam.creole.value.Timeline">
          <codetableentry table="PersonSuffix"/>
        </javaclass>
      </type>
      <derivation>
        <specified/>
      </derivation>
    </Attribute>
    <Attribute name="nameType">
      <Annotations/>
      <type>
        <javaclass name="curam.creole.value.Timeline">
          <codetableentry table="AlternateNameType"/>
        </javaclass>
      </type>
      <derivation>
        <specified/>
      </derivation>
    </Attribute>
    <Attribute name="description">
      <type>
        <javaclass name="curam.creole.value.Message"/>
      </type>
      <derivation>
        <ResourceMessage
          key="DynamicEvidenceSuccessionSet.description"
          resourceBundle="curam.dynamicevidence.cer.rules.InfrastructureRules"
        >
          <reference attribute="successionID"/>
        </ResourceMessage>
      </derivation>
    </Attribute>
    <Attribute name="participant">
      <Annotations/>
      <type>
        <javaclass name="java.lang.Number"/>
      </type>
      <derivation>
        <specified/>
      </derivation>
    </Attribute>
    <Attribute name="related_participant">
      <Annotations/>
      <type>
        <ruleclass
          name="CaseParticipantRole"
          ruleset="CaseEntitiesRuleSet"
        />
      </type>
      <derivation>
        <reference attribute="caseParticipantRoleRecord">
          <create
            ruleclass="CaseParticipantRoleCalculator"
            ruleset="DynamicEvidenceRuleSet"
          >
            <reference attribute="participant"/>
          </create>
        </reference>
      </derivation>
    </Attribute>
  </Class>
</RuleSet>
