<?xml version="1.0" encoding="UTF-8"?>
<!-- 90018 DEV: Evidence- creditable residency period in Canada -->
<RuleSet name="BDMCanadianResidencePeriodSummaryRuleSet"
  xmlns:xsi="http://www.w3.org/2001/XMLSchema-instance"
  xsi:noNamespaceSchemaLocation="http://www.curamsoftware.com/CreoleRulesSchema.xsd">

  <Class extends="DefaultEvidenceSummary"
    extendsRuleSet="EvidenceSummaryRuleSet" name="SummaryInformation">

    <Attribute name="evidence">
      <type>
        <ruleclass name="BDMCanadianResidencePeriod"
          ruleset="BDMCanadianResidencePeriodRuleSet" />
      </type>
      <derivation>
        <specified />
      </derivation>
    </Attribute>

    <Attribute name="summary">
      <type>
        <javaclass name="curam.creole.value.Message" />
      </type>
      <derivation>
            <ResourceMessage key="SummaryMessage"
              resourceBundle="curam.ca.gc.bdm.evidence.BDMForeignResidencePeriodSummaryRuleSet">
              <reference attribute="startDate">
                <reference attribute="evidence" />
              </reference>
              <reference attribute="endDate">
                <reference attribute="evidence" />
              </reference>
              <reference attribute="residenceType">
                <reference attribute="evidence" />
              </reference>
            </ResourceMessage>
      </derivation>
    </Attribute>

  </Class>

</RuleSet>
