<?xml version="1.0" encoding="UTF-8"?>
<!-- 73158 DEV: Contribution details Evidence in Foreign Engagement Case -->
<RuleSet name="BDMForeignContributionPeriodSummaryRuleSet"
  xmlns:xsi="http://www.w3.org/2001/XMLSchema-instance"
  xsi:noNamespaceSchemaLocation="http://www.curamsoftware.com/CreoleRulesSchema.xsd">

  <Class extends="DefaultEvidenceSummary"
    extendsRuleSet="EvidenceSummaryRuleSet" name="SummaryInformation">

    <Attribute name="evidence">
      <type>
        <ruleclass name="BDMForeignContributionPeriod"
          ruleset="BDMForeignContributionPeriodRuleSet" />
      </type>
      <derivation>
        <specified />
      </derivation>
    </Attribute>

    <Attribute name="summary">
      <type>
        <javaclass name="curam.creole.value.Message" />
      </type>
      <derivation>
        <ResourceMessage key="SummaryMessage"
          resourceBundle="curam.ca.gc.bdm.evidence.BDMForeignContributionPeriodSummaryRuleSet">
          <reference attribute="startDate">
            <reference attribute="evidence" />
          </reference>
          <reference attribute="endDate">
            <reference attribute="evidence" />
          </reference>
          <reference attribute="country">
            <reference attribute="evidence" />
          </reference>
        </ResourceMessage>
      </derivation>
    </Attribute>

  </Class>

</RuleSet>
