<?xml version="1.0" encoding="UTF-8"?>

<RuleSet name="BDMPDCIdentificationVerificationRuleSet" xmlns:xsi="http://www.w3.org/2001/XMLSchema-instance" xsi:noNamespaceSchemaLocation="../../../../../../../catalog/RuleSet.xsd">
    <Class extends="VerificationDeterminator" extendsRuleSet="VerificationRuleSet" name="BDMPDCIdentificationVerificationDeterminator">
		<Annotations>
		  <Label label-id="BDMPDCIdentificationVerificationDeterminator.label.1" name="BDM SIN Integrity Rules Conditional Verification Rules Class"/>
		</Annotations>
        <Attribute name="displayName">
            <type>
                <javaclass name="curam.creole.value.Message"/>
            </type>
            <derivation>
                <ResourceMessage key="BDMVerification.Identification.DisplayName"	resourceBundle="curam.bdm.verification.BDMVerification"/>
            </derivation>
        </Attribute> 
        
        <Attribute name="reasonSkipped">
            <type>
                <codetableentry table="VerificationSkippedReason"/>
            </type>
            <derivation>
        		<choose>
          			<type>
            			<codetableentry table="VerificationSkippedReason"/>
          			</type>
          			<when>
            			<condition>
              				<not>
                				<reference attribute="isConditionalVerificationRequired"/>
              				</not>
            			</condition>
            			<value>
              				<Code table="VerificationSkippedReason">
                				<String value="VSR2001"/>
              				</Code>
            			</value>
          			</when>
          			<otherwise>
            			<value>
              				<Code table="VerificationSkippedReason">
                				<String value="VSR2001"/>
              				</Code>
            			</value>
          			</otherwise>
        		</choose>
            </derivation>
        </Attribute>
        
        <Attribute name="determine">
            <type>
                <ruleclass	name="VerificationDeterminatorResult"	ruleset="VerificationRuleSet"/>
            </type>
            <derivation>
                <create	ruleclass="VerificationDeterminatorResult"	ruleset="VerificationRuleSet">
                    <specify attribute="result">
                        <reference attribute="isConditionalVerificationRequired"/>
                    </specify>
                    <specify attribute="reason">
                        <reference attribute="reasonSkipped"/>
                    </specify>
                </create>
            </derivation>
        </Attribute> 
		<Attribute name="isConditionalVerificationRequired">
			<Annotations>
			  <Label label-id="BDMPDCIdentificationVerificationDeterminator.label.2" name="BDM SIN Integrity Rules - IntegrityRule0005 - SIN Rules"/>
			</Annotations>
			<type>
				<javaclass name="Boolean"/>
			</type>
			<derivation>
				<choose>
					<type>
						<javaclass name="Boolean"/>
					</type>
					<when>
            			<condition>
							<equals>
								<reference attribute="identificationEvidenceRecord"/>
								<null />									
							</equals>
            			</condition>
						<value>
              				<false/>
            			</value>
					</when>
					<when>
            			<condition>
							<not>
								<equals>
									<reference attribute="altIDType">
										<reference attribute="identificationEvidenceRecord"/>
									</reference>
									<Code table="ConcernRoleAlternateID">
										<String value="BDMCA80002"/>
									</Code>
								</equals>
							</not>
            			</condition>
						<value>
              				<false/>
            			</value>
					</when>
					<when>
            			<condition>
							<reference attribute ="isSINEnDatedInPast"/>
            			</condition>
						<value>
              				<false/>
            			</value>
					</when>
					
					<when>
						<condition>
							<not>
								<equals>
									<reference attribute="bdmSINIdentificationStatusRecord"/>									
									<null />
								</equals>
							</not>
            			</condition>
            			<value>
							<any>
								<fixedlist>
									<listof>
										<javaclass name="Boolean"/>
									</listof>
									<members>
										<equals>
											<reference attribute="identityMatchResult">
												<reference attribute="bdmSINIdentificationStatusRecord"/>
											</reference>
											<Code table="BDMSIRMatchResult">
												<String value="BDMSMR03"/>
											</Code>
										</equals>
										<equals>
											<reference attribute="identityReviewFlag">
												<reference attribute="bdmSINIdentificationStatusRecord"/>
											</reference>
											<Code table="BDMSIRCheckResult">
												<String value="BDMSCR02"/>
											</Code>
										</equals>
										<equals>
											<reference attribute="valiadtionResult">
												<reference attribute="bdmSINIdentificationStatusRecord"/>
											</reference>
											<Code table="BDMSIRCheckResult">
												<String value="BDMSCR02"/>
											</Code>
										</equals>
									</members>									
								</fixedlist>
							</any>              				
            			</value>
          			</when>
          			<otherwise>
            			<value>
              				<false/>
            			</value>
          			</otherwise>					
				</choose>				
			</derivation>
		</Attribute>
        
		<Attribute name="bdmSINIdentificationStatusRecord">
            <type>
                <ruleclass name="BDMSINIdentificationStatus" ruleset="BDMSINIdentificationStatusDataRuleSet"/>        
            </type>
            <derivation>
                <singleitem onMultiple="returnFirst" onEmpty="returnNull">
                    <readall ruleclass="BDMSINIdentificationStatus" ruleset="BDMSINIdentificationStatusDataRuleSet">
                        <match retrievedattribute="caseID">
                            <reference attribute="caseID">
                                <reference attribute="verificationDeterminatorParams"/>
                            </reference>
						</match>
                    </readall>
                </singleitem>
            </derivation>
        </Attribute>
        
		<Attribute name="identificationEvidenceRecord">
            <type>
                <ruleclass name="PDCIdentification" ruleset="PDCIdentificationVerDataRuleSet"/>        
            </type>
            <derivation>
                <singleitem onMultiple="returnFirst" onEmpty="returnNull">
                    <readall ruleclass="PDCIdentification" ruleset="PDCIdentificationVerDataRuleSet">
                        <match retrievedattribute="evidenceDescriptorID">
                            <reference attribute="evidenceDescriptorID">
                                <reference attribute="verificationDeterminatorParams"/>
                            </reference>
                        </match>
                    </readall>
                </singleitem>
            </derivation>
        </Attribute>
		
		<!-- Attrubute to check end date on SIN evidence. -->
		<Attribute name="isSINEnDatedInPast">
            <type>
                <javaclass name="Boolean"/>        
            </type>
            <derivation>
				<call class="curam.ca.gc.bdm.creole.impl.BDMVerificationStatics" method="isSINEnDatedInPast">
				<type>
					<javaclass name="Boolean"/>  
				</type>
					<arguments>
						<reference attribute="toDate">
							<reference attribute="identificationEvidenceRecord"/>
						</reference>						
					</arguments>
				</call>
            </derivation>
        </Attribute>
    </Class>
</RuleSet>