<?xml version="1.0" encoding="UTF-8"?>
<RuleSet name="BDMSINIdentificationStatusVerDataRuleSet">
	<Class extends="ActiveInEditEvidenceRow"
		extendsRuleSet="PropagatorRuleSet" name="BDMSINIdentificationStatus">
		
		<Attribute name="flagReviewResult">
			<Annotations />
			<type>
				<codetableentry table="BDMSIRCheckResult" />
			</type>
			<derivation>
				<specified />
			</derivation>
		</Attribute>
		
		<Attribute name="valiadtionResult">
			<Annotations />
			<type>
				<codetableentry table="BDMSIRCheckResult" />
			</type>
			<derivation>
				<specified />
			</derivation>
		</Attribute>
		
		<Attribute name="mismatchResult">
			<Annotations />
			<type>
				<codetableentry table="BDMSIRCheckResult" />
			</type>
			<derivation>
				<specified />
			</derivation>
		</Attribute>

		<Attribute name="resFlag">
			<Annotations />
			<type>

				<codetableentry table="BDMSIRFlag" />

			</type>
			<derivation>
				<specified />
			</derivation>
		</Attribute>

		<Attribute name="resLastName">
			<Annotations />
			<type>

				<javaclass name="java.lang.String" />

			</type>
			<derivation>
				<specified />
			</derivation>
		</Attribute>

		<Attribute name="resDateOfBirth">
			<Annotations />
			<type>
				<javaclass name="curam.util.type.Date" />
			</type>
			<derivation>
				<specified />
			</derivation>
		</Attribute>
		
		<Attribute name="resIssueDate">
			<Annotations />
			<type>
				<javaclass name="curam.util.type.Date" />
			</type>
			<derivation>
				<specified />
			</derivation>
		</Attribute>
		
		<Attribute name="resID">
			<Annotations />
			<type>
				<javaclass name="java.lang.Number" />
			</type>
			<derivation>
				<specified />
			</derivation>
		</Attribute>
		
		<Attribute name="reqNameEvidenceID">
			<Annotations />
			<type>
				<javaclass name="java.lang.Number" />
			</type>
			<derivation>
				<specified />
			</derivation>
		</Attribute>
		
		<Attribute name="reqDOBEvidenceID">
			<Annotations />
			<type>
				<javaclass name="java.lang.Number" />
			</type>
			<derivation>
				<specified />
			</derivation>
		</Attribute>
		
		<Attribute name="reqSINEvidenceID">
			<Annotations />
			<type>
				<javaclass name="java.lang.Number" />
			</type>
			<derivation>
				<specified />
			</derivation>
		</Attribute>
		
		<Attribute name="identityMatchResult">
			<Annotations />
			<type>
				<codetableentry table="BDMSIRMatchResult" />
			</type>
			<derivation>
				<specified />
			</derivation>
		</Attribute>
		<Attribute name="integrityReviewFlags">
			<Annotations />
			<type>
				<codetableentry table="BDMSIRCheckResult" />
			</type>
			<derivation>
				<specified />
			</derivation>
		</Attribute>		
		<Attribute name="identityReviewFlag">
			<Annotations />
			<type>
				<codetableentry table="BDMSIRCheckResult" />
			</type>
			<derivation>
				<specified />
			</derivation>
		</Attribute>
		<Attribute name="addressReviewFlag">
			<Annotations />
			<type>
				<codetableentry table="BDMSIRCheckResult" />
			</type>
			<derivation>
				<specified />
			</derivation>
		</Attribute>
		<Attribute name="appDateCheckResult">
			<Annotations />
			<type>
				<javaclass name="java.lang.Boolean"/>
			</type>
			<derivation>
				<specified />
			</derivation>
		</Attribute>
		<Attribute name="reactivationDateCheckResult">
			<Annotations />
			<type>
				<javaclass name="java.lang.Boolean"/>
			</type>
			<derivation>
				<specified />
			</derivation>
		</Attribute>
		<Attribute name="dobDateCheckResult">
			<Annotations />
			<type>
				<javaclass name="java.lang.Boolean"/>
			</type>
			<derivation>
				<specified />
			</derivation>
		</Attribute>
		


		<Attribute name="description">
			<type>
				<javaclass name="curam.creole.value.Message" />
			</type>
			<derivation>
				<ResourceMessage
					key="DynamicEvidenceSuccessionSet.description"
					resourceBundle="curam.dynamicevidence.cer.rules.InfrastructureRules">
					<reference attribute="successionID" />
				</ResourceMessage>
			</derivation>
		</Attribute>

		<Attribute name="participant">
			<Annotations />
			<type>
				<javaclass name="java.lang.Number" />
			</type>
			<derivation>
				<specified />
			</derivation>
		</Attribute>

		<Attribute name="related_participant">
			<Annotations />
			<type>
				<ruleclass name="CaseParticipantRole"
					ruleset="CaseEntitiesRuleSet" />
			</type>
			<derivation>
				<reference attribute="caseParticipantRoleRecord">
					<create ruleclass="CaseParticipantRoleCalculator"
						ruleset="DynamicEvidenceRuleSet">
						<reference attribute="participant" />
					</create>
				</reference>
			</derivation>
		</Attribute>

	</Class>
</RuleSet>
