<?xml version="1.0" encoding="UTF-8"?>
<RuleSet
  internalID="id1354635822149"
  name="PDCBirthAndDeathValidationRuleSet"
  xmlns:xsi="http://www.w3.org/2001/XMLSchema-instance"
  xsi:noNamespaceSchemaLocation="../../../build/svr/creole.gen/schema/RuleSet.xsd"
>
  <Annotations internalID="id1354635822147">
    <EditorMetadata internalID="id1354635822304">
      <folders internalID="PDCBirthAndDeathValidationRuleSet1354635827546">
        <diagram
          id="ValidationResult.evidenceSuccessionID"
          internalID="PDCBirthAndDeathValidationRuleSet1354635828080"
        >
          <Annotations internalID="PDCBirthAndDeathValidationRuleSet1354635828079">
            <Label
              internalID="PDCBirthAndDeathValidationRuleSet1354635828078"
              label-id="PDCBirthAndDeathValidationRuleSetlabelID_1354635828077"
              name=""
            />
          </Annotations>
          <Attributes internalID="PDCBirthAndDeathValidationRuleSet1354635828425">
            <Attribute
              id="ValidationResult.evidenceSuccessionID"
              internalID="PDCBirthAndDeathValidationRuleSet1354635828426"
            />
          </Attributes>
        </diagram>
        <diagram
          id="ValidationResult.birthAndDeathEvidence"
          internalID="PDCBirthAndDeathValidationRuleSet1354635839599"
        >
          <Annotations internalID="PDCBirthAndDeathValidationRuleSet1354635839598">
            <Label
              internalID="PDCBirthAndDeathValidationRuleSet1354635839597"
              label-id="PDCBirthAndDeathValidationRuleSetlabelID_1354635839596"
              name=""
            />
          </Annotations>
          <Attributes internalID="PDCBirthAndDeathValidationRuleSet1354635840339">
            <Attribute
              id="ValidationResult.birthAndDeathEvidence"
              internalID="PDCBirthAndDeathValidationRuleSet1354635840340"
            />
          </Attributes>
        </diagram>
        <diagram
          id="ValidationResult.participantBirthAndDeathEvidence"
          internalID="PDCBirthAndDeathValidationRuleSet1354635886708"
        >
          <Annotations internalID="PDCBirthAndDeathValidationRuleSet1354635886707">
            <Label
              internalID="PDCBirthAndDeathValidationRuleSet1354635886706"
              label-id="PDCBirthAndDeathValidationRuleSetlabelID_1354635886705"
              name=""
            />
          </Annotations>
          <Attributes internalID="PDCBirthAndDeathValidationRuleSet1354635886945">
            <Attribute
              id="ValidationResult.participantBirthAndDeathEvidence"
              internalID="PDCBirthAndDeathValidationRuleSet1354635886946"
            />
          </Attributes>
        </diagram>
        <diagram
          id="ValidationResult.doesBirthAndDeathEvidenceExist"
          internalID="PDCBirthAndDeathValidationRuleSet1354636226713"
        >
          <Annotations internalID="PDCBirthAndDeathValidationRuleSet1354636226712">
            <Label
              internalID="PDCBirthAndDeathValidationRuleSet1354636226711"
              label-id="PDCBirthAndDeathValidationRuleSetlabelID_1354636226710"
              name=""
            />
          </Annotations>
          <Attributes internalID="PDCBirthAndDeathValidationRuleSet1354636227661">
            <Attribute
              id="ValidationResult.doesBirthAndDeathEvidenceExist"
              internalID="PDCBirthAndDeathValidationRuleSet1354636229555"
            />
          </Attributes>
        </diagram>
        <diagram
          id="ValidationResult.singletonEvidenceCheck"
          internalID="PDCBirthAndDeathValidationRuleSet1354636517220"
        >
          <Annotations internalID="PDCBirthAndDeathValidationRuleSet1354636517219">
            <Label
              internalID="PDCBirthAndDeathValidationRuleSet1354636517218"
              label-id="PDCBirthAndDeathValidationRuleSetlabelID_1354636517217"
              name=""
            />
          </Annotations>
          <Attributes internalID="PDCBirthAndDeathValidationRuleSet1354636517808">
            <Attribute
              id="ValidationResult.singletonEvidenceCheck"
              internalID="PDCBirthAndDeathValidationRuleSet1354636519562"
            />
          </Attributes>
        </diagram>
        <diagram
          id="ValidationResult.postCreateValidations"
          internalID="PDCBirthAndDeathValidationRuleSet1354636897351"
        >
          <Annotations internalID="PDCBirthAndDeathValidationRuleSet1354636897350">
            <Label
              internalID="PDCBirthAndDeathValidationRuleSet1354636897349"
              label-id="PDCBirthAndDeathValidationRuleSetlabelID_1354636897348"
              name=""
            />
          </Annotations>
          <Attributes internalID="PDCBirthAndDeathValidationRuleSet1354636897840">
            <Attribute
              id="ValidationResult.postCreateValidations"
              internalID="PDCBirthAndDeathValidationRuleSet1354636898311"
            />
          </Attributes>
        </diagram>
        <diagram
          id="ValidationResult.preCreateValidations"
          internalID="PDCBirthAndDeathValidationRuleSet1354636909331"
        >
          <Annotations internalID="PDCBirthAndDeathValidationRuleSet1354636909330">
            <Label
              internalID="PDCBirthAndDeathValidationRuleSet1354636909329"
              label-id="PDCBirthAndDeathValidationRuleSetlabelID_1354636909328"
              name=""
            />
          </Annotations>
          <Attributes internalID="PDCBirthAndDeathValidationRuleSet1354636909583">
            <Attribute
              id="ValidationResult.preCreateValidations"
              internalID="PDCBirthAndDeathValidationRuleSet1354636909584"
            />
          </Attributes>
        </diagram>
        <diagram
          id="ValidationResult.standardValidations"
          internalID="PDCBirthAndDeathValidationRuleSet1354641076037"
        >
          <Annotations internalID="PDCBirthAndDeathValidationRuleSet1354641076036">
            <Label
              internalID="PDCBirthAndDeathValidationRuleSet1354641076035"
              label-id="PDCBirthAndDeathValidationRuleSetlabelID_1354641076034"
              name=""
            />
          </Annotations>
          <Attributes internalID="PDCBirthAndDeathValidationRuleSet1354641076345">
            <Attribute
              id="ValidationResult.standardValidations"
              internalID="PDCBirthAndDeathValidationRuleSet1354641076346"
            />
          </Attributes>
        </diagram>
        <diagram
          id="ValidationResult.detailsValidations"
          internalID="PDCBirthAndDeathValidationRuleSet1354641448530"
        >
          <Annotations internalID="PDCBirthAndDeathValidationRuleSet1354641448529">
            <Label
              internalID="PDCBirthAndDeathValidationRuleSet1354641448528"
              label-id="PDCBirthAndDeathValidationRuleSetlabelID_1354641448527"
              name=""
            />
          </Annotations>
          <Attributes internalID="PDCBirthAndDeathValidationRuleSet1354641448765">
            <Attribute
              id="ValidationResult.detailsValidations"
              internalID="PDCBirthAndDeathValidationRuleSet1354641448766"
            />
          </Attributes>
        </diagram>
        <diagram
          id="ValidationResult.preModifyValidations"
          internalID="PDCBirthAndDeathValidationRuleSet1354726163407"
        >
          <Annotations internalID="PDCBirthAndDeathValidationRuleSet1354726163390">
            <Label
              internalID="PDCBirthAndDeathValidationRuleSet1354726163389"
              label-id="PDCBirthAndDeathValidationRuleSetlabelID_1354726163388"
              name=""
            />
          </Annotations>
          <Attributes internalID="PDCBirthAndDeathValidationRuleSet1354726163737">
            <Attribute
              id="ValidationResult.preModifyValidations"
              internalID="PDCBirthAndDeathValidationRuleSet1354726163738"
            />
          </Attributes>
        </diagram>
        <diagram
          id="ValidationResult.postModifyValidations"
          internalID="PDCBirthAndDeathValidationRuleSet1354726172204"
        >
          <Annotations internalID="PDCBirthAndDeathValidationRuleSet1354726172203">
            <Label
              internalID="PDCBirthAndDeathValidationRuleSet1354726172202"
              label-id="PDCBirthAndDeathValidationRuleSetlabelID_1354726172201"
              name=""
            />
          </Annotations>
          <Attributes internalID="PDCBirthAndDeathValidationRuleSet1354726172725">
            <Attribute
              id="ValidationResult.postModifyValidations"
              internalID="PDCBirthAndDeathValidationRuleSet1354726173259"
            />
          </Attributes>
        </diagram>
        <diagram
          id="ValidationResult.effectiveDateValidation"
          internalID="PDCBirthAndDeathValidationRuleSet1354726185716"
        >
          <Annotations internalID="PDCBirthAndDeathValidationRuleSet1354726185715">
            <Label
              internalID="PDCBirthAndDeathValidationRuleSet1354726185714"
              label-id="PDCBirthAndDeathValidationRuleSetlabelID_1354726185713"
              name=""
            />
          </Annotations>
          <Attributes internalID="PDCBirthAndDeathValidationRuleSet1354726186772">
            <Attribute
              id="ValidationResult.effectiveDateValidation"
              internalID="PDCBirthAndDeathValidationRuleSet1354726189341"
            />
          </Attributes>
        </diagram>
        <diagram
          id="ValidationResult.modifyDuplicateClientValidation"
          internalID="PDCBirthAndDeathValidationRuleSet1354726676681"
        >
          <Annotations internalID="PDCBirthAndDeathValidationRuleSet1354726676664">
            <Label
              internalID="PDCBirthAndDeathValidationRuleSet1354726676663"
              label-id="PDCBirthAndDeathValidationRuleSetlabelID_1354726676662"
              name=""
            />
          </Annotations>
          <Attributes internalID="PDCBirthAndDeathValidationRuleSet1354726677404">
            <Attribute
              id="ValidationResult.modifyDuplicateClientValidation"
              internalID="PDCBirthAndDeathValidationRuleSet1354726678463"
            />
          </Attributes>
        </diagram>
        <diagram
          id="ValidationResult.effectiveDate"
          internalID="PDCBirthAndDeathValidationRuleSet1354726982232"
        >
          <Annotations internalID="PDCBirthAndDeathValidationRuleSet1354726982231">
            <Label
              internalID="PDCBirthAndDeathValidationRuleSet1354726982230"
              label-id="PDCBirthAndDeathValidationRuleSetlabelID_1354726982229"
              name=""
            />
          </Annotations>
          <Attributes internalID="PDCBirthAndDeathValidationRuleSet1354726982577">
            <Attribute
              id="ValidationResult.effectiveDate"
              internalID="PDCBirthAndDeathValidationRuleSet1354726982578"
            />
          </Attributes>
        </diagram>
        <diagram
          id="ValidationResult.hasDOBBeenEntered"
          internalID="PDCBirthAndDeathValidationRuleSet1355263978014"
        >
          <Annotations internalID="PDCBirthAndDeathValidationRuleSet1355263978013">
            <Label
              internalID="PDCBirthAndDeathValidationRuleSet1355263978012"
              label-id="PDCBirthAndDeathValidationRuleSetlabelID_1355263978011"
              name=""
            />
          </Annotations>
          <Attributes internalID="PDCBirthAndDeathValidationRuleSet1355263978063">
            <Attribute
              id="ValidationResult.hasDOBBeenEntered"
              internalID="PDCBirthAndDeathValidationRuleSet1355263978064"
            />
          </Attributes>
        </diagram>
        <diagram
          id="ValidationResult.isPerson"
          internalID="PDCBirthAndDeathValidationRuleSet1355264061114"
        >
          <Annotations internalID="PDCBirthAndDeathValidationRuleSet1355264061113">
            <Label
              internalID="PDCBirthAndDeathValidationRuleSet1355264061112"
              label-id="PDCBirthAndDeathValidationRuleSetlabelID_1355264061111"
              name=""
            />
          </Annotations>
          <Attributes internalID="PDCBirthAndDeathValidationRuleSet1355264061148">
            <Attribute
              id="ValidationResult.isPerson"
              internalID="PDCBirthAndDeathValidationRuleSet1355264061149"
            />
          </Attributes>
        </diagram>
        <diagram
          id="ValidationResult.validateDOBEntered"
          internalID="PDCBirthAndDeathValidationRuleSet1355264205036"
        >
          <Annotations internalID="PDCBirthAndDeathValidationRuleSet1355264205035">
            <Label
              internalID="PDCBirthAndDeathValidationRuleSet1355264205034"
              label-id="PDCBirthAndDeathValidationRuleSetlabelID_1355264205033"
              name=""
            />
          </Annotations>
          <Attributes internalID="PDCBirthAndDeathValidationRuleSet1355264205086">
            <Attribute
              id="ValidationResult.validateDOBEntered"
              internalID="PDCBirthAndDeathValidationRuleSet1355264205087"
            />
          </Attributes>
        </diagram>
        
        
        <!-- BEGIN, 122858, JAF -->
        <diagram id="ValidationResult.isDateOfBirthBeforeToday">
          <Annotations>
            <Label
              label-id="isDateOfBirthBeforeTodayLabel"
              name=""
            />
          </Annotations>
          <Attributes>
            <Attribute id="ValidationResult.isDateOfBirthBeforeToday"/>
          </Attributes>
        </diagram>
        
       <!-- END, 122858, JAF -->
        
        
      </folders>
    </EditorMetadata>
  </Annotations>
  <Class
    extends="DefaultEvidenceValidationResult"
    extendsRuleSet="EvidenceValidationRuleSet"
    internalID="id1354635822150"
    name="ValidationResult"
  >
    <Attribute
      internalID="id1354635822151"
      name="evidence"
    >
      <type internalID="id1354635822152">
        <ruleclass
          internalID="id1354635822153"
          name="PDCBirthAndDeath"
          ruleset="PDCBirthAndDeathRuleSet"
        />
      </type>
      <derivation internalID="id1354635822154">
        <specified internalID="id1354635822155"/>
      </derivation>
    </Attribute>
    <Attribute
      internalID="id1355758216154"
      name="description"
    >
      <type internalID="id1355758216155">
        <javaclass
          internalID="id1355758216156"
          name="curam.creole.value.Message"
        />
      </type>
      <derivation internalID="id1355758216157">
        <ResourceMessage
          internalID="id1355758216158"
          key="PDCBirthAndDeathValidationResult.description"
          resourceBundle="curam.pdc.rules.PDCBirthAndDeathValidationRuleSet"
        >
          <reference
            attribute="concernRoleName"
            internalID="id1355758216159"
          >
            <reference
              attribute="concernRoleRecord"
              internalID="id1355758216160"
            />
          </reference>
        </ResourceMessage>
      </derivation>
    </Attribute>
    <Attribute
      internalID="id1354635822156"
      name="standardValidations"
    >
      <type internalID="id1354635822157">
        <javaclass
          internalID="PDCBirthAndDeathValidationRuleSet1355264324965"
          name="List"
        >
          <ruleclass
            internalID="PDCBirthAndDeathValidationRuleSet1355264324964"
            name="Validation"
            ruleset="EvidenceValidationRuleSet"
          />
        </javaclass>
      </type>
      <derivation internalID="id1354635822160">
        <fixedlist internalID="PDCBirthAndDeathValidationRuleSet1355264348364">
          <listof internalID="PDCBirthAndDeathValidationRuleSet1355264348365">
            <ruleclass
              internalID="PDCBirthAndDeathValidationRuleSet1355264348367"
              name="Validation"
              ruleset="EvidenceValidationRuleSet"
            />
          </listof>
          <members internalID="PDCBirthAndDeathValidationRuleSet1355264348366">
            <reference
              attribute="validateDOBEntered"
              internalID="PDCBirthAndDeathValidationRuleSet1355264355462"
            />
            <!-- BEGIN, 122858, JAF -->
            <reference attribute="isDateOfBirthBeforeToday"/>
            <!-- END, 122858, JAF -->
            
            <reference attribute="mandatorySourceFieldValidation" />
            <reference attribute="disallowedSourceFieldValidation" />
            <reference attribute="restrictedCountryValidation" />
            
          </members>
        </fixedlist>
      </derivation>
    </Attribute>
    <Attribute
      internalID="id1354635822162"
      name="detailsValidations"
    >
      <type internalID="id1354635822163">
        <javaclass
          internalID="id1354635822164"
          name="java.util.List"
        >
          <ruleclass
            internalID="id1354635822165"
            name="Validation"
            ruleset="EvidenceValidationRuleSet"
          />
        </javaclass>
      </type>
      <derivation internalID="id1354635822166">
        <null internalID="id1354635822167"/>
      </derivation>
    </Attribute>
    <Attribute
      internalID="id1354635822168"
      name="preCreateValidations"
    >
      <type internalID="id1354635822169">
        <javaclass
          internalID="id1354635822170"
          name="java.util.List"
        >
          <ruleclass
            internalID="id1354635822171"
            name="Validation"
            ruleset="EvidenceValidationRuleSet"
          />
        </javaclass>
      </type>
      <derivation internalID="id1354635822172">
        <fixedlist internalID="PDCBirthAndDeathValidationRuleSet1354641491116">
          <listof internalID="PDCBirthAndDeathValidationRuleSet1354641491117">
            <ruleclass
              internalID="PDCBirthAndDeathValidationRuleSet1354641491119"
              name="Validation"
              ruleset="EvidenceValidationRuleSet"
            />
          </listof>
          <members internalID="PDCBirthAndDeathValidationRuleSet1354641491118">
            <reference
              attribute="singletonEvidenceCheck"
              internalID="PDCBirthAndDeathValidationRuleSet1354641505894"
            />
          </members>
        </fixedlist>
      </derivation>
    </Attribute>
    <Attribute
      internalID="id1354635822174"
      name="preModifyValidations"
    >
      <type internalID="id1354635822175">
        <javaclass
          internalID="id1354635822176"
          name="java.util.List"
        >
          <ruleclass
            internalID="id1354635822177"
            name="Validation"
            ruleset="EvidenceValidationRuleSet"
          />
        </javaclass>
      </type>
      <derivation internalID="id1354635822178">
        <!--********************** TASK 2421 : START ********************** -->
        <fixedlist>
          <listof>
            <ruleclass           
              name="Validation"
              ruleset="EvidenceValidationRuleSet"
            />
          </listof>
          <members>
           
             <!-- <reference attribute="birthLastNameValidation"/> 
             <reference attribute="parentLastNameValidation"/>-->
           
          </members>
        </fixedlist>
          <!-- *****************TASK 2421 : END ************************** -->
            
      </derivation>
    </Attribute>
    <Attribute
      internalID="id1354635822180"
      name="postCreateValidations"
    >
      <type internalID="id1354635822181">
        <javaclass
          internalID="id1354635822182"
          name="List"
        >
          <ruleclass
            internalID="id1354635822183"
            name="Validation"
            ruleset="EvidenceValidationRuleSet"
          />
        </javaclass>
      </type>
      <derivation internalID="id1354635822184">
        <fixedlist internalID="id1354635822185">
          <listof internalID="id1354635822186">
            <ruleclass
              internalID="id1354635822187"
              name="Validation"
              ruleset="EvidenceValidationRuleSet"
            />
          </listof>
          <members internalID="id1354635822188">
            <reference
              attribute="createDuplicateClientValidation"
              internalID="id1354635822189"
            />
          </members>
        </fixedlist>
      </derivation>
    </Attribute>
    <Attribute
      internalID="id1354635822191"
      name="postModifyValidations"
    >
      <type internalID="id1354635822192">
        <javaclass
          internalID="id1354635822193"
          name="List"
        >
          <ruleclass
            internalID="id1354635822194"
            name="Validation"
            ruleset="EvidenceValidationRuleSet"
          />
        </javaclass>
      </type>
      <derivation internalID="id1354635822195">
        <fixedlist internalID="id1354635822196">
          <listof internalID="id1354635822197">
            <ruleclass
              internalID="id1354635822198"
              name="Validation"
              ruleset="EvidenceValidationRuleSet"
            />
          </listof>
          <members internalID="id1354635822199">
            <reference
              attribute="modifyDuplicateClientValidation"
              internalID="id1354635822200"
            />
            <reference
              attribute="effectiveDateValidation"
              internalID="PDCBirthAndDeathValidationRuleSet1355758255453"
            />
          </members>
        </fixedlist>
      </derivation>
    </Attribute>
    <Attribute
      internalID="id1354635822202"
      name="duplicateCheck"
    >
      <type internalID="id1354635822203">
        <ruleclass
          internalID="id1354635822204"
          name="DuplicateClientCheck"
          ruleset="PDCDuplicateClientValidationRuleSet"
        />
      </type>
      <derivation internalID="id1354635822205">
        <create
          internalID="id1354635822206"
          ruleclass="DuplicateClientCheck"
          ruleset="PDCDuplicateClientValidationRuleSet"
        >
          <specify
            attribute="concernRoleID"
            internalID="id1354635822207"
          >
            <reference
              attribute="participantRoleID"
              internalID="id1354635822208"
            >
              <reference
                attribute="related_person"
                internalID="id1354635822209"
              >
                <reference
                  attribute="evidence"
                  internalID="id1354635822210"
                />
              </reference>
            </reference>
          </specify>
        </create>
      </derivation>
    </Attribute>
    <Attribute
      internalID="id1354635822211"
      name="modifyDuplicateClientValidation"
    >
      <type internalID="id1354635822212">
        <ruleclass
          internalID="id1354635822213"
          name="Validation"
          ruleset="EvidenceValidationRuleSet"
        />
      </type>
      <derivation internalID="id1354635822214">
        <create
          internalID="id1354635822215"
          ruleclass="Validation"
          ruleset="EvidenceValidationRuleSet"
        >
          <reference
            attribute="isConcernRoleDuplicate"
            internalID="id1354635822216"
          >
            <reference
              attribute="duplicateCheck"
              internalID="id1354635822217"
            />
          </reference>
          <ResourceMessage
            internalID="id1354635822218"
            key="ERR_BIRTH_AND_DEATH_XRV_DUPLICATE_CLIENT_MODIFY"
            resourceBundle="curam.pdc.rules.PDCBirthAndDeathValidationRuleSet"
          />
        </create>
      </derivation>
    </Attribute>
    <Attribute
      internalID="id1354635822219"
      name="createDuplicateClientValidation"
    >
      <type internalID="id1354635822220">
        <ruleclass
          internalID="id1354635822221"
          name="Validation"
          ruleset="EvidenceValidationRuleSet"
        />
      </type>
      <derivation internalID="id1354635822222">
        <create
          internalID="id1354635822223"
          ruleclass="Validation"
          ruleset="EvidenceValidationRuleSet"
        >
          <reference
            attribute="isConcernRoleDuplicate"
            internalID="id1354635822224"
          >
            <reference
              attribute="duplicateCheck"
              internalID="id1354635822225"
            />
          </reference>
          <ResourceMessage
            internalID="id1354635822226"
            key="ERR_BIRTH_AND_DEATH_XRV_DUPLICATE_CLIENT_CREATE"
            resourceBundle="curam.pdc.rules.PDCBirthAndDeathValidationRuleSet"
          />
        </create>
      </derivation>
    </Attribute>
    <Attribute
      internalID="id1354635822227"
      name="effectiveDateValidation"
    >
      <type internalID="id1354635822228">
        <ruleclass
          internalID="id1354635822229"
          name="Validation"
          ruleset="EvidenceValidationRuleSet"
        />
      </type>
      <derivation internalID="id1354635822230">
        <create
          internalID="id1354635822231"
          ruleclass="Validation"
          ruleset="EvidenceValidationRuleSet"
        >
          <not internalID="id1354635822232">
            <equals internalID="id1354635822233">
              <reference
                attribute="effectiveDate"
                internalID="id1354635822234"
              />
              <null/>
            </equals>
          </not>
          <ResourceMessage
            internalID="id1354635822236"
            key="ERR_BIRTH_AND_DEATH_SINGLETON_VIOLATION"
            resourceBundle="curam.pdc.rules.PDCBirthAndDeathValidationRuleSet"
          >
            <reference
              attribute="concernRoleName"
              internalID="id1354635822237"
            >
              <reference
                attribute="concernRoleRecord"
                internalID="id1354635822238"
              />
            </reference>
          </ResourceMessage>
        </create>
      </derivation>
    </Attribute>
    <Attribute
      internalID="id1354635822239"
      name="effectiveDate"
    >
      <type internalID="id1354635822240">
        <javaclass
          internalID="id1354635822241"
          name="curam.util.type.Date"
        />
      </type>
      <derivation internalID="id1354635822242">
        <reference
          attribute="effectiveFrom"
          internalID="id1354635822243"
        >
          <reference
            attribute="evidence"
            internalID="id1354635822244"
          />
        </reference>
      </derivation>
    </Attribute>
    <Attribute
      internalID="id1354635822245"
      name="concernRoleRecord"
    >
      <type internalID="id1354635822246">
        <ruleclass
          internalID="id1354635822247"
          name="ConcernRole"
          ruleset="ParticipantEntitiesRuleSet"
        />
      </type>
      <derivation internalID="id1354635822248">
        <singleitem
          internalID="id1354635822249"
          onEmpty="error"
          onMultiple="error"
        >
          <readall
            internalID="id1354635822250"
            ruleclass="ConcernRole"
            ruleset="ParticipantEntitiesRuleSet"
          >
            <match
              internalID="id1354635822251"
              retrievedattribute="concernRoleID"
            >
              <reference
                attribute="participantRoleID"
                internalID="id1354635822252"
              >
                <reference
                  attribute="related_person"
                  internalID="id1354635822253"
                >
                  <reference
                    attribute="evidence"
                    internalID="id1354635822254"
                  />
                </reference>
              </reference>
            </match>
          </readall>
        </singleitem>
      </derivation>
    </Attribute>
    <Attribute
      internalID="id1354635822255"
      name="caseID"
    >
      <type internalID="id1354635822256">
        <javaclass
          internalID="id1354635822257"
          name="Number"
        />
      </type>
      <derivation internalID="id1354635822258">
        <reference
          attribute="caseID"
          internalID="id1354635822259"
        >
          <reference
            attribute="evidence"
            internalID="id1354635822260"
          />
        </reference>
      </derivation>
    </Attribute>
    <Attribute
      internalID="id1354635822261"
      name="birthAndDeathEvidence"
    >
      <type internalID="id1354635822262">
        <javaclass
          internalID="id1354635822263"
          name="List"
        >
          <ruleclass
            internalID="id1354635822264"
            name="BirthAndDeathEvidence"
            ruleset="ParticipantEvidenceRuleSet"
          />
        </javaclass>
      </type>
      <derivation internalID="id1354635822265">
        <readall
          internalID="id1354635822266"
          ruleclass="BirthAndDeathEvidence"
          ruleset="ParticipantEvidenceRuleSet"
        >
          <match retrievedattribute="caseID">
            <reference attribute="caseID"/>
          </match>
        </readall>
      </derivation>
    </Attribute>
    <Attribute
      internalID="id1354635822269"
      name="doesBirthAndDeathEvidenceExist"
    >
      <type internalID="id1354635822270">
        <javaclass
          internalID="id1354635822271"
          name="Boolean"
        />
      </type>
      <derivation internalID="id1354635822272">
        <compare
          comparison="&gt;"
          internalID="PDCBirthAndDeathValidationRuleSet1354725753763"
        >
          <Annotations internalID="PDCBirthAndDeathValidationRuleSet1354725753762">
            <Label
              internalID="PDCBirthAndDeathValidationRuleSet1354725753761"
              label-id="PDCBirthAndDeathValidationRuleSetlabelID_1354725753760"
              name=""
            />
          </Annotations>
          <property
            internalID="PDCBirthAndDeathValidationRuleSet1354725764214"
            name="size"
          >
            <object internalID="PDCBirthAndDeathValidationRuleSet1354725764215">
              <reference
                attribute="participantBirthAndDeathEvidence"
                internalID="PDCBirthAndDeathValidationRuleSet1354728901649"
              />
            </object>
          </property>
          <Number
            internalID="PDCBirthAndDeathValidationRuleSet1354725788365"
            value="0"
          />
        </compare>
      </derivation>
    </Attribute>
    <Attribute
      internalID="id1354635822289"
      name="singletonEvidenceCheck"
    >
      <type internalID="id1354635822290">
        <ruleclass
          internalID="id1354635822291"
          name="Validation"
          ruleset="EvidenceValidationRuleSet"
        />
      </type>
      <derivation internalID="id1354635822292">
        <create
          internalID="id1354635822293"
          ruleclass="Validation"
          ruleset="EvidenceValidationRuleSet"
        >
          <reference
            attribute="doesBirthAndDeathEvidenceExist"
            internalID="id1354635822294"
          />
          <ResourceMessage
            internalID="id1354635822295"
            key="ERR_BIRTH_AND_DEATH_SINGLETON_VIOLATION"
            resourceBundle="curam.pdc.rules.PDCBirthAndDeathValidationRuleSet"
          >
            <reference
              attribute="concernRoleName"
              internalID="id1354635822296"
            >
              <reference
                attribute="concernRoleRecord"
                internalID="id1354635822297"
              />
            </reference>
          </ResourceMessage>
        </create>
      </derivation>
    </Attribute>
    <Attribute
      internalID="id1354635822298"
      name="evidenceSuccessionID"
    >
      <type internalID="id1354635822299">
        <javaclass
          internalID="id1354635822300"
          name="Number"
        />
      </type>
      <derivation internalID="id1354635822301">
        <reference
          attribute="successionID"
          internalID="id1354635822302"
        >
          <reference
            attribute="evidence"
            internalID="id1354635822303"
          />
        </reference>
      </derivation>
    </Attribute>
    <Attribute
      internalID="PDCBirthAndDeathValidationRuleSet1354635860679"
      name="participantBirthAndDeathEvidence"
    >
      <type internalID="PDCBirthAndDeathValidationRuleSet1354635860680">
        <javaclass
          internalID="PDCBirthAndDeathValidationRuleSet1354725852918"
          name="List"
        >
          <ruleclass
            internalID="PDCBirthAndDeathValidationRuleSet1354635877099"
            name="BirthAndDeathEvidence"
            ruleset="ParticipantEvidenceRuleSet"
          />
        </javaclass>
      </type>
      <derivation internalID="PDCBirthAndDeathValidationRuleSet1354635860682">
        <filter internalID="PDCBirthAndDeathValidationRuleSet1354635893322">
          <list internalID="PDCBirthAndDeathValidationRuleSet1354635893323">
            <reference
              attribute="birthAndDeathEvidence"
              internalID="PDCBirthAndDeathValidationRuleSet1354635901555"
            />
          </list>
          <listitemexpression internalID="PDCBirthAndDeathValidationRuleSet1354635893324">
            <all internalID="PDCBirthAndDeathValidationRuleSet1354725406234">
              <fixedlist internalID="PDCBirthAndDeathValidationRuleSet1354725406235">
                <listof internalID="PDCBirthAndDeathValidationRuleSet1354725406236">
                  <javaclass
                    internalID="PDCBirthAndDeathValidationRuleSet1354725406237"
                    name="Boolean"
                  />
                </listof>
                <members internalID="PDCBirthAndDeathValidationRuleSet1354725406238">
                  <equals internalID="PDCBirthAndDeathValidationRuleSet1354725464242">
                    <Annotations internalID="PDCBirthAndDeathValidationRuleSet1354725464241">
                      <Label
                        internalID="PDCBirthAndDeathValidationRuleSet1354725464240"
                        label-id="PDCBirthAndDeathValidationRuleSetlabelID_1354725411566"
                        name=""
                      />
                    </Annotations>
                    <reference
                      attribute="participantRoleID"
                      internalID="PDCBirthAndDeathValidationRuleSet1354725457028"
                    >
                      <reference
                        attribute="related_person"
                        internalID="PDCBirthAndDeathValidationRuleSet1354725457029"
                      >
                        <reference
                          attribute="evidence"
                          internalID="PDCBirthAndDeathValidationRuleSet1354725457030"
                        />
                      </reference>
                    </reference>
                    <reference
                      attribute="participantRoleID"
                      internalID="PDCBirthAndDeathValidationRuleSet1354725508225"
                    >
                      <reference
                        attribute="related_person"
                        internalID="PDCBirthAndDeathValidationRuleSet1354725508226"
                      >
                        <current internalID="PDCBirthAndDeathValidationRuleSet1354725508227"/>
                      </reference>
                    </reference>
                  </equals>
                  <not internalID="PDCBirthAndDeathValidationRuleSet1354725538405">
                    <equals internalID="PDCBirthAndDeathValidationRuleSet1354725586097">
                      <Annotations internalID="PDCBirthAndDeathValidationRuleSet1354725586096">
                        <Label
                          internalID="PDCBirthAndDeathValidationRuleSet1354725586095"
                          label-id="PDCBirthAndDeathValidationRuleSetlabelID_1354725544812"
                          name=""
                        />
                      </Annotations>
                      <reference
                        attribute="evidenceSuccessionID"
                        internalID="PDCBirthAndDeathValidationRuleSet1354725575543"
                      />
                      <reference
                        attribute="successionID"
                        internalID="PDCBirthAndDeathValidationRuleSet1354725644007"
                      >
                        <current internalID="PDCBirthAndDeathValidationRuleSet1354725644008"/>
                      </reference>
                    </equals>
                  </not>
                </members>
              </fixedlist>
            </all>
          </listitemexpression>
        </filter>
      </derivation>
    </Attribute>
    <Attribute
      internalID="PDCBirthAndDeathValidationRuleSet1355263975573"
      name="hasDOBBeenEntered"
    >
      <type internalID="PDCBirthAndDeathValidationRuleSet1355263975574">
        <javaclass
          internalID="PDCBirthAndDeathValidationRuleSet1355263975575"
          name="Boolean"
        />
      </type>
      <derivation internalID="PDCBirthAndDeathValidationRuleSet1355263975576">
        <not internalID="PDCBirthAndDeathValidationRuleSet1355264001461">
          <equals internalID="PDCBirthAndDeathValidationRuleSet1355264023139">
            <Annotations internalID="PDCBirthAndDeathValidationRuleSet1355264023138">
              <Label
                internalID="PDCBirthAndDeathValidationRuleSet1355264023137"
                label-id="PDCBirthAndDeathValidationRuleSetlabelID_1355264004588"
                name=""
              />
            </Annotations>
            <reference
              attribute="dateOfBirth"
              internalID="PDCBirthAndDeathValidationRuleSet1355264016374"
            >
              <reference
                attribute="evidence"
                internalID="PDCBirthAndDeathValidationRuleSet1355264016375"
              />
            </reference>
            <null internalID="PDCBirthAndDeathValidationRuleSet1355264026795"/>
          </equals>
        </not>
      </derivation>
    </Attribute>
    <Attribute
      internalID="PDCBirthAndDeathValidationRuleSet1355264058564"
      name="isPerson"
    >
      <type internalID="PDCBirthAndDeathValidationRuleSet1355264058565">
        <javaclass
          internalID="PDCBirthAndDeathValidationRuleSet1355264058566"
          name="Boolean"
        />
      </type>
      <derivation internalID="PDCBirthAndDeathValidationRuleSet1355264058567">
        <equals internalID="PDCBirthAndDeathValidationRuleSet1355264087896">
          <Annotations internalID="PDCBirthAndDeathValidationRuleSet1355264087895">
            <Label
              internalID="PDCBirthAndDeathValidationRuleSet1355264087894"
              label-id="PDCBirthAndDeathValidationRuleSetlabelID_1355264073169"
              name=""
            />
          </Annotations>
          <reference
            attribute="concernRoleType"
            internalID="PDCBirthAndDeathValidationRuleSet1355264084891"
          >
            <reference
              attribute="concernRoleRecord"
              internalID="PDCBirthAndDeathValidationRuleSet1355264084892"
            />
          </reference>
          <Code
            internalID="PDCBirthAndDeathValidationRuleSet1355264118304"
            table="ConcernRoleType"
          >
            <Annotations internalID="PDCBirthAndDeathValidationRuleSet1355264118307">
              <Label
                internalID="PDCBirthAndDeathValidationRuleSet1355264118306"
                label-id="PDCBirthAndDeathValidationRuleSetlabelID_1355264118305"
                name=""
              />
            </Annotations>
            <String
              internalID="PDCBirthAndDeathValidationRuleSet1355264118300"
              value="RL1"
            >
              <Annotations internalID="PDCBirthAndDeathValidationRuleSet1355264118303">
                <Label
                  internalID="PDCBirthAndDeathValidationRuleSet1355264118302"
                  label-id="PDCBirthAndDeathValidationRuleSetlabelID_1355264118301"
                  name=""
                />
              </Annotations>
            </String>
          </Code>
        </equals>
      </derivation>
    </Attribute>
    <Attribute
      internalID="PDCBirthAndDeathValidationRuleSet1355264188332"
      name="validateDOBEntered"
    >
      <type internalID="PDCBirthAndDeathValidationRuleSet1355264188333">
        <ruleclass
          internalID="PDCBirthAndDeathValidationRuleSet1355264201616"
          name="Validation"
          ruleset="EvidenceValidationRuleSet"
        />
      </type>
      <derivation internalID="PDCBirthAndDeathValidationRuleSet1355264188335">
        <create
          internalID="PDCBirthAndDeathValidationRuleSet1355264221467"
          ruleclass="Validation"
          ruleset="EvidenceValidationRuleSet"
        >
          <choose internalID="PDCBirthAndDeathValidationRuleSet1355264267725">
            <type internalID="PDCBirthAndDeathValidationRuleSet1355264267726">
              <javaclass
                internalID="PDCBirthAndDeathValidationRuleSet1355264267724"
                name="Boolean"
              />
            </type>
            <when internalID="PDCBirthAndDeathValidationRuleSet1355264267727">
              <condition internalID="PDCBirthAndDeathValidationRuleSet1355264267728">
                <reference
                  attribute="isPerson"
                  internalID="PDCBirthAndDeathValidationRuleSet1355264276650"
                />
              </condition>
              <value internalID="PDCBirthAndDeathValidationRuleSet1355264267729">
                <not internalID="PDCBirthAndDeathValidationRuleSet1355264438680">
                  <reference
                    attribute="hasDOBBeenEntered"
                    internalID="PDCBirthAndDeathValidationRuleSet1355264447815"
                  />
                </not>
              </value>
            </when>
            <otherwise internalID="PDCBirthAndDeathValidationRuleSet1355264267730">
              <value internalID="PDCBirthAndDeathValidationRuleSet1355264267731">
                <false internalID="PDCBirthAndDeathValidationRuleSet1355264290159"/>
              </value>
            </otherwise>
          </choose>
          <ResourceMessage
            internalID="PDCBirthAndDeathValidationRuleSet1355264221484"
            key="ERR_BIRTH_AND_DEATH_PERSON_DOB_MANDATORY"
            resourceBundle="curam.pdc.rules.PDCBirthAndDeathValidationRuleSet"
          >
            <Annotations internalID="PDCBirthAndDeathValidationRuleSet1355264221487">
              <Label
                internalID="PDCBirthAndDeathValidationRuleSet1355264221486"
                label-id="PDCBirthAndDeathValidationRuleSetlabelID_1355264221485"
                name=""
              />
            </Annotations>
          </ResourceMessage>
        </create>
      </derivation>
    </Attribute>
    
    <!-- BEGIN, 122858, JAF -->
    <Attribute name="isDateOfBirthBeforeToday">
      <type>
        <ruleclass
          name="Validation"
          ruleset="EvidenceValidationRuleSet"
        />
      </type>
      <derivation>
        <create 
          ruleclass="Validation"
          ruleset="EvidenceValidationRuleSet"
        >
			<choose >
            <type >
              <javaclass
                name="Boolean"
              />
            </type>
            <when>
              <condition>
                <not>
                  <equals>
                    <reference attribute="dateOfBirth">
					  <reference attribute="evidence"/>
					</reference>
                    <null/>
                  </equals>
                </not>
              </condition>
              <value>
                <compare comparison="&gt;">
					<reference attribute="dateOfBirth">
					  <reference attribute="evidence"/>
					</reference>
					<call class="curam.pdc.impl.PDCUtil" method="getCurrentDate">
					  <type>
						<javaclass name="curam.util.type.Date"/>
					  </type>
					</call>
				  </compare>
              </value>
            </when>
            <otherwise>
              <value>
                <false/>
              </value>
            </otherwise>
          </choose>
          <ResourceMessage
            key="ERR_BIRTH_AND_DEATH_PERSON_DOB_BEFORE_TODAY"
            resourceBundle="curam.pdc.rules.PDCBirthAndDeathValidationRuleSet"
          />
        </create>
      </derivation>
    </Attribute>
    
    <!-- END, 122858, JAF -->
     
     
     <!--START:  Task 2421 DOD DOB validation JP -->

	<Attribute name="isBirthLastNameBlank">
		<type>
			<javaclass name="Boolean"/>
		</type>
		<derivation>
			<call class="curam.ca.gc.bdm.creole.impl.Statics"
				method="isBirthLastNameEmpty">
				<type>
					<javaclass name="Boolean" />
				</type>
				<arguments>
					<reference attribute="birthLastName">
						<reference attribute="evidence" />
					</reference>

				</arguments>
			</call>
		</derivation>
	</Attribute>


	<Attribute name="birthLastNameValidation">
		<type>
			<ruleclass name="Validation"
				ruleset="EvidenceValidationRuleSet" />
		</type>
		<derivation>
			<create ruleclass="Validation"
				ruleset="EvidenceValidationRuleSet">
				<reference attribute="isBirthLastNameBlank" />
				<ResourceMessage
					key="ERR_BIRTH_LASTNAME_MUST_BE_ENTERED"
					resourceBundle="curam.bdm.pdc.rules.PDCBirthAndDeathValidationRuleSet" />
			</create>
		</derivation>
	</Attribute>

	<!-- Mother's birth Last name -->
	<Attribute name="parentLastNameValidation">
		<type>
			<ruleclass name="Validation"
				ruleset="EvidenceValidationRuleSet" />
		</type>
		<derivation>
			<create ruleclass="Validation"
				ruleset="EvidenceValidationRuleSet">
				
					<reference attribute="isParentLastNameBlank" />
				
				<ResourceMessage
					key="ERR_PARENT_LASTNAME_MUST_BE_ENTERED"
					resourceBundle="curam.bdm.pdc.rules.PDCBirthAndDeathValidationRuleSet">


				</ResourceMessage>
			</create>
		</derivation>
	</Attribute>

	<Attribute name="isParentLastNameBlank">
		<type>
			<javaclass name="Boolean" />
		</type>
		<derivation>
			<call class="curam.ca.gc.bdm.creole.impl.Statics"
				method="isParentLastNameEmpty">
				<type>
					<javaclass name="Boolean" />
				</type>
				<arguments>
					<reference attribute="mothersBirthLastName">
						<reference attribute="evidence" />
					</reference>

				</arguments>
			</call>
		</derivation>
	</Attribute>
	
	  <!--END:  Task 2421 DOD DOB validation JP -->
  
  <!-- BEGIN: Task 57387 DEV: Implement 'Birth and Death Details' evidence -->
    <Attribute name="foreignCountryValidationHelper">
      <type>
        <ruleclass name="ForeignCountryValidationHelper"
          ruleset="BDMForeignCountryValidationHelperRuleSet" />
      </type>
      <derivation>
        <create ruleclass="ForeignCountryValidationHelper"
          ruleset="BDMForeignCountryValidationHelperRuleSet">
          <reference attribute="bdmReceivedFrom">
            <reference attribute="evidence" />
          </reference>
          <reference attribute="bdmReceivedFromCountry">
            <reference attribute="evidence" />
          </reference>
          <reference attribute="bdmModeOfReceipt">
            <reference attribute="evidence" />
          </reference>
        </create>
      </derivation>
    </Attribute>
  
    <Attribute name="mandatorySourceFieldValidation">
      <type>
        <ruleclass name="Validation"
          ruleset="EvidenceValidationRuleSet" />
      </type>
      <derivation>
        <create ruleclass="Validation"
          ruleset="EvidenceValidationRuleSet">
          <reference attribute="mandatorySourceFieldFailure" />
          <reference
            attribute="mandatorySourceFieldFailureMessage" />
        </create>
      </derivation>
    </Attribute>
  
    <Attribute name="mandatorySourceFieldFailure">
      <type>
        <javaclass name="java.lang.Boolean" />
      </type>
      <derivation>
        <reference attribute="mandatorySourceFieldFailure">
          <reference attribute="foreignCountryValidationHelper" />
        </reference>
      </derivation>
    </Attribute>
  
    <Attribute name="mandatorySourceFieldFailureMessage">
      <type>
        <javaclass name="curam.creole.value.Message" />
      </type>
      <derivation>
        <ResourceMessage
          key="ERR_FOREIGN_GOVT_REQUIRED_FIELDS"
          resourceBundle="curam.bdm.pdc.rules.PDCBirthAndDeathValidationRuleSet" />
      </derivation>
    </Attribute>
  
    <Attribute name="disallowedSourceFieldValidation">
      <type>
        <ruleclass name="Validation"
          ruleset="EvidenceValidationRuleSet" />
      </type>
      <derivation>
        <create ruleclass="Validation"
          ruleset="EvidenceValidationRuleSet">
          <reference attribute="disallowedSourceFieldFailure" />
          <reference
            attribute="disallowedSourceFieldFailureMessage" />
        </create>
      </derivation>
    </Attribute>
  
    <Attribute name="disallowedSourceFieldFailure">
      <type>
        <javaclass name="java.lang.Boolean" />
      </type>
      <derivation>
        <reference attribute="disallowedSourceFieldFailure">
          <reference attribute="foreignCountryValidationHelper" />
        </reference>
      </derivation>
    </Attribute>
  
    <Attribute name="disallowedSourceFieldFailureMessage">
      <type>
        <javaclass name="curam.creole.value.Message" />
      </type>
      <derivation>
        <ResourceMessage
          key="ERR_FOREIGN_GOVT_EXCLUSIVE_FIELDS"
          resourceBundle="curam.bdm.pdc.rules.PDCBirthAndDeathValidationRuleSet" />
      </derivation>
    </Attribute>
  
    <Attribute name="restrictedCountryValidation">
      <type>
        <ruleclass name="Validation"
          ruleset="EvidenceValidationRuleSet" />
      </type>
      <derivation>
        <create ruleclass="Validation"
          ruleset="EvidenceValidationRuleSet">
          <reference attribute="restrictedCountryFailure" />
          <reference attribute="restrictedCountryFailureMessage" />
        </create>
      </derivation>
    </Attribute>

  <Attribute name="restrictedCountryFailure">
    <type>
      <javaclass name="java.lang.Boolean" />
    </type>
    <derivation>
      <choose>
        <type>
          <javaclass name="Boolean" />
        </type>
        <when>
          <condition>
            <not>
              <equals>
                <reference attribute="concernRoleType">
                  <reference attribute="concernRoleRecord" />
                </reference>
                <Code table="ConcernRoleType">
                  <String value="RL7" />
                </Code>
              </equals>
            </not>
          </condition>
          <value>
            <reference attribute="restrictedCountryFailure">
              <reference
                attribute="foreignCountryValidationHelper" />
            </reference>
          </value>
        </when>
        <otherwise>
          <value>
            <false />
          </value>
        </otherwise>
      </choose>
    </derivation>
  </Attribute>
  
    <Attribute name="restrictedCountryFailureMessage">
      <type>
        <javaclass name="curam.creole.value.Message" />
      </type>
      <derivation>
        <ResourceMessage key="ERR_RESTRICTED_COUNTRY"
          resourceBundle="curam.bdm.pdc.rules.PDCBirthAndDeathValidationRuleSet" />
      </derivation>
    </Attribute>
    <!-- END: Task 57387 DEV: Implement 'Birth and Death Details' evidence -->
    
  </Class>
</RuleSet>
