<?xml version="1.0" encoding="UTF-8"?>
<!-- Task 58899 DEV: Implement Manage Client Marital Status -->
<RuleSet name="BDMMaritalStatusRuleSet"
	xmlns:xsi="http://www.w3.org/2001/XMLSchema-instance"
	xsi:noNamespaceSchemaLocation="../../../build/svr/creole.gen/schema/RuleSet.xsd">

	<Class name="BDMMaritalStatus" extends="DynamicEvidence"
		extendsRuleSet="DynamicEvidenceRuleSet">

		<Attribute name="caseParticipantRoleID">
			<type>
				<javaclass name="java.lang.Number" />
			</type>
			<derivation>
				<specified />
			</derivation>
		</Attribute>

		<Attribute name="maritalStatus">
			<type>
				<codetableentry table="BDMMaritalStatus" />
			</type>
			<derivation>
				<specified />
			</derivation>
		</Attribute>

		<Attribute name="startDate">
			<type>
				<javaclass name="curam.util.type.Date" />
			</type>
			<derivation>
				<specified />
			</derivation>
		</Attribute>

		<Attribute name="endDate">
			<type>
				<javaclass name="curam.util.type.Date" />
			</type>
			<derivation>
				<specified />
			</derivation>
		</Attribute>

		<Attribute name="bdmReceivedFrom">
			<Annotations />
			<type>
				<codetableentry table="BDMReceivedFrom" />
			</type>
			<derivation>
				<specified />
			</derivation>
		</Attribute>
		<Attribute name="bdmReceivedFromCountry">
			<Annotations />
			<type>
				<codetableentry table="BDMSourceCountry" />
			</type>
			<derivation>
				<specified />
			</derivation>
		</Attribute>
		<Attribute name="bdmModeOfReceipt">
			<Annotations />
			<type>
				<codetableentry table="BDMModeOfReceipt" />
			</type>
			<derivation>
				<specified />
			</derivation>
		</Attribute>

		<Attribute name="related_caseParticipantRole">
			<type>
				<ruleclass name="CaseParticipantRole"
					ruleset="CaseEntitiesRuleSet" />
			</type>
			<derivation>
				<reference attribute="caseParticipantRoleRecord">
					<create ruleclass="CaseParticipantRoleCalculator"
						ruleset="DynamicEvidenceRuleSet">
						<reference attribute="caseParticipantRoleID" />
					</create>
				</reference>
			</derivation>
		</Attribute>

	</Class>

</RuleSet>