<?xml version="1.0" encoding="UTF-8"?>
<RuleSet name="BDMVoluntaryTaxWithholdSummaryRuleSet"
	xmlns:xsi="http://www.w3.org/2001/XMLSchema-instance"
	xsi:noNamespaceSchemaLocation="http://www.curamsoftware.com/CreoleRulesSchema.xsd">
	<Class extends="DefaultEvidenceSummary"
		extendsRuleSet="EvidenceSummaryRuleSet"
		name="BDMVoluntaryTaxWithholdSummary">
		<Attribute name="evidence">
			<type>
				<ruleclass name="BDMVoluntaryTaxWithhold"
					ruleset="BDMVoluntaryTaxWithholdRuleSet" />
			</type>
			<derivation>
				<specified />
			</derivation>
		</Attribute>


		<Attribute name="summary">
			<type>
				<javaclass name="curam.creole.value.Message" />
			</type>
			<derivation>
				<choose>
					<type>
						<javaclass name="curam.creole.value.Message" />
					</type>
					<when>
						<condition>
							<reference attribute="hasDollarAmountSepcified" />
						</condition>
						<value>
							<ResourceMessage key="summaryMessage1"
								resourceBundle="curam.bdm.pdc.rules.BDMVoluntaryTaxWithholdSummaryRuleSet">
								<reference attribute="amount">
									<reference attribute="evidence" />
								</reference>
								<reference attribute="voluntaryTaxWithholdType">
									<reference attribute="evidence" />
								</reference>
							</ResourceMessage>
						</value>
					</when>
					<when>
						<condition>
							<reference attribute="hasPercentageNumberSepcified" />
						</condition>
						<value>
							<ResourceMessage key="summaryMessage2"
								resourceBundle="curam.bdm.pdc.rules.BDMVoluntaryTaxWithholdSummaryRuleSet">
								<reference attribute="percentageValue">
									<reference attribute="evidence" />
								</reference>
								<reference attribute="voluntaryTaxWithholdType">
									<reference attribute="evidence" />
								</reference>
							</ResourceMessage>
						</value>
					</when>

					<otherwise>
						<value>
							<ResourceMessage key="summaryMessage3"
								resourceBundle="curam.bdm.pdc.rules.BDMVoluntaryTaxWithholdSummaryRuleSet">
							</ResourceMessage>
						</value>
					</otherwise>
				</choose>
			</derivation>
		</Attribute>


		<Attribute name="hasDollarAmountSepcified">
			<type>
				<javaclass name="Boolean" />
			</type>
			<derivation>
				<all>
					<fixedlist>
						<listof>
							<javaclass name="Boolean" />
						</listof>
						<members>
							<not>
								<equals>
									<reference attribute="amount">
										<reference attribute="evidence" />
									</reference>
									<null />
								</equals>
							</not>
							<compare comparison="&gt;">
								<reference attribute="amount">
									<reference attribute="evidence" />
								</reference>
								<Number value="0.00" />
							</compare>
						</members>
					</fixedlist>
				</all>
			</derivation>
		</Attribute>


		<Attribute name="hasPercentageNumberSepcified">
			<type>
				<javaclass name="Boolean" />
			</type>
			<derivation>
				<all>
					<fixedlist>
						<listof>
							<javaclass name="Boolean" />
						</listof>
						<members>
							<not>
								<equals>
									<reference attribute="percentageValue">
										<reference attribute="evidence" />
									</reference>
									<null />
								</equals>
							</not>
							<compare comparison="&gt;">
								<reference attribute="percentageValue">
									<reference attribute="evidence" />
								</reference>
								<Number value="0" />
							</compare>
						</members>
					</fixedlist>
				</all>
			</derivation>
		</Attribute>
	</Class>
</RuleSet>
