<?xml version="1.0" encoding="UTF-8"?>
<RuleSet name="PDCBirthAndDeathRuleSet">
  <Class
    extends="DynamicEvidence"
    extendsRuleSet="DynamicEvidenceRuleSet"
    name="PDCBirthAndDeath"
  >
    <Attribute name="dateOfBirth">
      <Annotations/>
      <type>
        <javaclass name="curam.util.type.Date"/>
      </type>
      <derivation>
        <null/>
      </derivation>
    </Attribute>
    <Attribute name="countryOfBirth">
      <Annotations />
      <type>
        <codetableentry table="Country" />
      </type>
      <derivation>
        <specified />
      </derivation>
    </Attribute>
    <Attribute name="birthFirstName">
      <Annotations/>
      <type>
        <javaclass name="java.lang.String"/>
      </type>
      <derivation>
        <null/>
      </derivation>
    </Attribute>
    <Attribute name="birthLastName">
      <Annotations/>
      <type>
        <javaclass name="java.lang.String"/>
      </type>
      <derivation>
        <null/>
      </derivation>
    </Attribute>
    <!-- BEGIN - User Story 21834 - add Attestation date  -->
		<Attribute name="attestationDate">
			<Annotations />
			<type>
				<javaclass name="curam.util.type.Date" />
			</type>
			<derivation>
				<specified />
			</derivation>
		</Attribute>
	<!-- END - User Story 21834 - add Attestation date  -->
    <!-- BEGIN: Attestation Drop Down -->
		<Attribute name="bdmAgreeAttestation">
			<Annotations />
			<type>
				<codetableentry table="BDMAgreeAttestation" />
			</type>
			<derivation>
				<specified />
			</derivation>
		</Attribute>
		<!-- END: Attestation Drop Down -->	
    <Attribute name="dateOfDeath">
      <Annotations/>
      <type>
        <javaclass name="curam.util.type.Date"/>
      </type>
      <derivation>
        <null/>
      </derivation>
    </Attribute>
    <Attribute name="dateNotifiedOfDeath">
      <Annotations/>
      <type>
        <javaclass name="curam.util.type.Date"/>
      </type>
      <derivation>
        <specified />
      </derivation>
    </Attribute>
    <Attribute name="countryOfDeath">
      <Annotations />
      <type>
        <codetableentry table="Country" />
      </type>
      <derivation>
        <specified />
      </derivation>
    </Attribute>
    <Attribute name="mothersBirthLastName">
      <Annotations/>
      <type>
        <javaclass name="java.lang.String"/>
      </type>
      <derivation>
        <null/>
      </derivation>
    </Attribute>
     <!-- BEGIN: Attestee Cluster-->
		<Attribute name="attesteeCaseParticipant">
			<Annotations />
			<type>
				<javaclass name="java.lang.Number" />
			</type>
			<derivation>
				<specified />
			</derivation>
		</Attribute>
		<Attribute name="related_attesteeCaseParticipant">
			<Annotations />
			<type>
				<ruleclass name="CaseParticipantRole"
					ruleset="CaseEntitiesRuleSet" />
			</type>
			<derivation>
				<reference attribute="caseParticipantRoleRecord">
					<create ruleclass="CaseParticipantRoleCalculator"
						ruleset="DynamicEvidenceRuleSet">
						<reference attribute="attesteeCaseParticipant" />
					</create>
				</reference>
			</derivation>
		</Attribute>
		 <!-- END: Attestee Cluster-->
    <!-- Begin, Foreign Country Info Cluster -->
    <Attribute name="bdmReceivedFrom">
      <Annotations />
      <type>
        <codetableentry table="BDMReceivedFrom" />
      </type>
      <derivation>
        <specified />
      </derivation>
    </Attribute>
    <Attribute name="bdmReceivedFromCountry">
      <Annotations />
      <type>
        <codetableentry table="BDMSourceCountry" />
      </type>
      <derivation>
        <specified />
      </derivation>
    </Attribute>
    <Attribute name="bdmModeOfReceipt">
      <Annotations />
      <type>
        <codetableentry table="BDMModeOfReceipt" />
      </type>
      <derivation>
        <specified />
      </derivation>
    </Attribute>
    <!-- End, Foreign Country Info Cluster -->
    <Attribute name="person">
      <Annotations/>
      <type>
        <javaclass name="java.lang.Number"/>
      </type>
      <derivation>
        <specified/>
      </derivation>
    </Attribute>
    <Attribute name="related_person">
      <Annotations/>
      <type>
        <ruleclass
          name="CaseParticipantRole"
          ruleset="CaseEntitiesRuleSet"
        />
      </type>
      <derivation>
        <reference attribute="caseParticipantRoleRecord">
          <create
            ruleclass="CaseParticipantRoleCalculator"
            ruleset="DynamicEvidenceRuleSet"
          >
            <reference attribute="person"/>
          </create>
        </reference>
      </derivation>
    </Attribute>
  </Class>
</RuleSet>
