<?xml version="1.0" encoding="UTF-8"?>
<RuleSet name="PDCEmailAddressValidationRuleSet">


  <Class
    extends="DefaultEvidenceValidationResult"
    extendsRuleSet="EvidenceValidationRuleSet"
    name="ValidationResult"
  >
    <Attribute name="evidence">
      <type>
        <ruleclass
          name="PDCEmailAddress"
          ruleset="PDCEmailAddressRuleSet"
        />
      </type>
      <derivation>
        <specified/>
      </derivation>
    </Attribute>
    <Attribute name="standardValidations">
      <type>
        <javaclass name="List">
          <ruleclass
            name="Validation"
            ruleset="EvidenceValidationRuleSet"
          />
        </javaclass>
      </type>
      <derivation>
        <reference attribute="emailAddressStandardValidations"/>
      
        
      </derivation>
    </Attribute>
    <Attribute name="detailsValidations">
      <type>
        <javaclass name="java.util.List">
          <ruleclass
            name="Validation"
            ruleset="EvidenceValidationRuleSet"
          />
        </javaclass>
      </type>
      <derivation>
        <null/>
      </derivation>
    </Attribute>
    <Attribute name="preCreateValidations">
      <type>
        <javaclass name="java.util.List">
          <ruleclass
            name="Validation"
            ruleset="EvidenceValidationRuleSet"
          />
        </javaclass>
      </type>
      <derivation>
        <null/>
      </derivation>
    </Attribute>
    <Attribute name="preModifyValidations">
      <type>
        <javaclass name="java.util.List">
          <ruleclass
            name="Validation"
            ruleset="EvidenceValidationRuleSet"
          />
        </javaclass>
      </type>
      <derivation>
        <fixedlist>
          <listof>
            <ruleclass
              name="Validation"
              ruleset="EvidenceValidationRuleSet"
            />
          </listof>
          <members>
            <reference attribute="typeBeingModifiedValidation"/>
          </members>
        </fixedlist>
      </derivation>
    </Attribute>
    <Attribute name="postCreateValidations">
      <type>
        <javaclass name="List">
          <ruleclass
            name="Validation"
            ruleset="EvidenceValidationRuleSet"
          />
        </javaclass>
      </type>
      <derivation>
        <fixedlist>
          <listof>
            <ruleclass
              name="Validation"
              ruleset="EvidenceValidationRuleSet"
            />
          </listof>
          <members>
            <reference attribute="createDuplicateClientValidation"/>
          </members>
        </fixedlist>
      </derivation>
    </Attribute>
    <Attribute name="postModifyValidations">
      <type>
        <javaclass name="List">
          <ruleclass
            name="Validation"
            ruleset="EvidenceValidationRuleSet"
          />
        </javaclass>
      </type>
      <derivation>
        <fixedlist>
          <listof>
            <ruleclass
              name="Validation"
              ruleset="EvidenceValidationRuleSet"
            />
          </listof>
          <members>
            <reference attribute="modifyDuplicateClientValidation"/>
            <reference attribute="effectiveDateAfterDOBValidation"/>
          </members>
        </fixedlist>
      </derivation>
    </Attribute>
    <Attribute name="modifyDuplicateClientValidation">
      <type>
        <ruleclass
          name="Validation"
          ruleset="EvidenceValidationRuleSet"
        />
      </type>
      <derivation>
        <create
          ruleclass="Validation"
          ruleset="EvidenceValidationRuleSet"
        >
          <reference attribute="isConcernRoleDuplicate">
            <reference attribute="duplicateCheck"/>
          </reference>
          <ResourceMessage
            key="ERR_CONCERNROLEEMAILADDRESS_XRV_DUPLICATE_CLIENT_MODIFY"
            resourceBundle="curam.pdc.rules.PDCEmailAddressValidationRuleSet"
          />
        </create>
      </derivation>
    </Attribute>
    <Attribute name="createDuplicateClientValidation">
      <type>
        <ruleclass
          name="Validation"
          ruleset="EvidenceValidationRuleSet"
        />
      </type>
      <derivation>
        <create
          ruleclass="Validation"
          ruleset="EvidenceValidationRuleSet"
        >
          <reference attribute="isConcernRoleDuplicate">
            <reference attribute="duplicateCheck"/>
          </reference>
          <ResourceMessage
            key="ERR_CONCERNROLEEMAILADDRESS_XRV_DUPLICATE_CLIENT_CREATE"
            resourceBundle="curam.pdc.rules.PDCEmailAddressValidationRuleSet"
          />
        </create>
      </derivation>
    </Attribute>
    <Attribute name="duplicateCheck">
      <type>
        <ruleclass
          name="DuplicateClientCheck"
          ruleset="PDCDuplicateClientValidationRuleSet"
        />
      </type>
      <derivation>
        <create
          ruleclass="DuplicateClientCheck"
          ruleset="PDCDuplicateClientValidationRuleSet"
        >
          <specify attribute="concernRoleID">
            <reference attribute="participantRoleID">
              <reference attribute="related_participant">
                <reference attribute="evidence"/>
              </reference>
            </reference>
          </specify>
        </create>
      </derivation>
    </Attribute>
    <Attribute name="emailAddressStandardValidations">
      <type>
        <javaclass name="List">
          <ruleclass
            name="Validation"
            ruleset="EvidenceValidationRuleSet"
          />
        </javaclass>
      </type>
      <derivation>
        <fixedlist>
          <listof>
            <ruleclass
              name="Validation"
              ruleset="EvidenceValidationRuleSet"
            />
          </listof>
          <members>
            <reference attribute="fromDateAfterDOBValidation"/>
            <reference attribute="toDateBeforeDODValidation"/>
            <reference attribute="preferredEmailAddressValidation"/>
              <reference attribute="emailAddressValidation"/>
              <!-- START : TASK 7878 JP -->
               <reference attribute="onlyEmailAddressForAlertsValidation"/>
               <!-- END : TASK 7878 JP -->
               
               <!-- Uncomment below code if contact preference is implemented -->
           <!--   <reference attribute="contactPreferenceValidation"/> -->
               <reference attribute="validateAlertFrequency"/>
          </members>
        </fixedlist>
      </derivation>
    </Attribute>
    <Attribute name="fromDateAfterDOBValidation">
      <type>
        <ruleclass
          name="Validation"
          ruleset="EvidenceValidationRuleSet"
        />
      </type>
      <derivation>
        <create
          ruleclass="Validation"
          ruleset="EvidenceValidationRuleSet"
        >
          <choose>
            <type>
              <javaclass name="Boolean"/>
            </type>
            <when>
              <condition>
                <not>
                  <equals>
                    <reference attribute="dateOfBirth"/>
                    <null/>
                  </equals>
                </not>
              </condition>
              <value>
                <compare comparison="&gt;">
                  <reference attribute="dateOfBirth"/>
                  <reference attribute="fromDate">
                    <reference attribute="evidence"/>
                  </reference>
                </compare>
              </value>
            </when>
            <otherwise>
              <value>
                <false/>
              </value>
            </otherwise>
          </choose>
          <ResourceMessage
            key="ERR_CONCERNROLE_EMAILADDRESS_XRV_START_DATE"
            resourceBundle="curam.pdc.rules.PDCEmailAddressValidationRuleSet"
          >
            <reference attribute="concernRoleName">
              <reference attribute="concernRoleRecord"/>
            </reference>
            <reference attribute="dateOfBirth"/>
          </ResourceMessage>
        </create>
      </derivation>
    </Attribute>
    <Attribute name="fromDateBeforeDODValidation">
      <type>
        <ruleclass
          name="Validation"
          ruleset="EvidenceValidationRuleSet"
        />
      </type>
      <derivation>
        <create
          ruleclass="Validation"
          ruleset="EvidenceValidationRuleSet"
        >
          <choose>
            <type>
              <javaclass name="Boolean"/>
            </type>
            <when>
              <condition>
                <not>
                  <equals>
                    <reference attribute="dateOfDeath"/>
                    <null/>
                  </equals>
                </not>
              </condition>
              <value>
                <compare comparison="&gt;">
                  <reference attribute="fromDate">
                    <reference attribute="evidence"/>
                  </reference>
                  <reference attribute="dateOfDeath"/>
                </compare>
              </value>
            </when>
            <otherwise>
              <value>
                <false/>
              </value>
            </otherwise>
          </choose>
          <ResourceMessage
            key="ERR_CONCERNROLE_XRV_START_DATE_END_DATE"
            resourceBundle="curam.pdc.rules.PDCEmailAddressValidationRuleSet"
          >
            <reference attribute="concernRoleName">
              <reference attribute="concernRoleRecord"/>
            </reference>
            <reference attribute="dateOfDeath"/>
          </ResourceMessage>
        </create>
      </derivation>
    </Attribute>
    <Attribute name="toDateBeforeDODValidation">
      <type>
        <ruleclass
          name="Validation"
          ruleset="EvidenceValidationRuleSet"
        />
      </type>
      <derivation>
        <create
          ruleclass="Validation"
          ruleset="EvidenceValidationRuleSet"
        >
          <choose>
            <type>
              <javaclass name="Boolean"/>
            </type>
            <when>
              <condition>
                <not>
                  <equals>
                    <reference attribute="dateOfDeath"/>
                    <null/>
                  </equals>
                </not>
              </condition>
              <value>
                <reference attribute="toDateAfterDateOfDeath"/>
              </value>
            </when>
            <otherwise>
              <value>
                <false/>
              </value>
            </otherwise>
          </choose>
          <ResourceMessage
            key="ERR_CONCERNROLE_XRV_END_DATE"
            resourceBundle="curam.pdc.rules.PDCEmailAddressValidationRuleSet"
          >
            <reference attribute="concernRoleName">
              <reference attribute="concernRoleRecord"/>
            </reference>
            <reference attribute="dateOfDeath"/>
          </ResourceMessage>
        </create>
      </derivation>
    </Attribute>


    <Attribute name="toDateAfterDateOfDeath">
      <type>
        <javaclass name="Boolean"/>
      </type>
      <derivation>
        <choose>
          <type>
            <javaclass name="Boolean"/>
          </type>
          <when>
            <condition>
              <reference attribute="isTodateNull"/>
            </condition>
            <value>
              <compare comparison="&gt;">
                <reference attribute="toDate">
                  <reference attribute="evidence"/>
                </reference>
                <reference attribute="dateOfDeath"/>
              </compare>
            </value>
          </when>
          <otherwise>
            <value>
              <false/>
            </value>
          </otherwise>
        </choose>


      </derivation>


    </Attribute>


    <Attribute name="isTodateNull">
      <type>
        <javaclass name="Boolean"/>
      </type>
      <derivation>
        <choose>
          <type>
            <javaclass name="Boolean"/>
          </type>
          <when>
            <condition>
              <not>
                <equals>
                  <reference attribute="toDate">
                    <reference attribute="evidence"/>
                  </reference>
                  <null/>
                </equals>
              </not>
            </condition>
            <value>
              <true/>
            </value>
          </when>
          <otherwise>
            <value>
              <false/>
            </value>
          </otherwise>
        </choose>


      </derivation>


    </Attribute>


    <Attribute name="effectiveDateAfterDOBValidation">
      <type>
        <ruleclass
          name="Validation"
          ruleset="EvidenceValidationRuleSet"
        />
      </type>
      <derivation>
        <create
          ruleclass="Validation"
          ruleset="EvidenceValidationRuleSet"
        >
          <choose>
            <type>
              <javaclass name="Boolean"/>
            </type>
            <when>
              <condition>
                <all>
                  <fixedlist>
                    <listof>
                      <javaclass name="Boolean"/>
                    </listof>
                    <members>
                      <not>
                        <equals>
                          <reference attribute="dateOfBirth"/>
                          <null/>
                        </equals>
                      </not>
                      <not>
                        <equals>
                          <reference attribute="effectiveDate"/>
                          <null/>
                        </equals>
                      </not>
                    </members>
                  </fixedlist>
                </all>
              </condition>
              <value>
                <compare comparison="&gt;">
                  <reference attribute="dateOfBirth"/>
                  <reference attribute="effectiveDate"/>
                </compare>
              </value>
            </when>
            <otherwise>
              <value>
                <false/>
              </value>
            </otherwise>
          </choose>
          <ResourceMessage
            key="ERR_EMAILADDRESS_XRV_EFFECTIVE_DATE_DOB"
            resourceBundle="curam.pdc.rules.PDCEmailAddressValidationRuleSet"
          >
            <reference attribute="concernRoleName">
              <reference attribute="concernRoleRecord"/>
            </reference>
            <reference attribute="dateOfBirth"/>
          </ResourceMessage>
        </create>
      </derivation>
    </Attribute>
    <Attribute name="concernRoleRecord">
      <type>
        <ruleclass
          name="ConcernRole"
          ruleset="ParticipantEntitiesRuleSet"
        />
      </type>
      <derivation>
        <singleitem
          onEmpty="error"
          onMultiple="error"
        >
          <readall
            ruleclass="ConcernRole"
            ruleset="ParticipantEntitiesRuleSet"
          >
            <match retrievedattribute="concernRoleID">
              <reference attribute="participantRoleID">
                <reference attribute="related_participant">
                  <reference attribute="evidence"/>
                </reference>
              </reference>
            </match>
          </readall>
        </singleitem>
      </derivation>
    </Attribute>
    <Attribute name="personRecord">
      <type>
        <ruleclass
          name="Person"
          ruleset="ParticipantEntitiesRuleSet"
        />
      </type>
      <derivation>
        <singleitem
          onEmpty="error"
          onMultiple="error"
        >
          <readall
            ruleclass="Person"
            ruleset="ParticipantEntitiesRuleSet"
          >
            <match retrievedattribute="concernRoleID">
              <reference attribute="participantRoleID">
                <reference attribute="related_participant">
                  <reference attribute="evidence"/>
                </reference>
              </reference>
            </match>
          </readall>
        </singleitem>
      </derivation>
    </Attribute>
    <Attribute name="prospectPersonRecord">
      <type>
        <ruleclass
          name="ProspectPerson"
          ruleset="ParticipantEntitiesRuleSet"
        />
      </type>
      <derivation>
        <singleitem
          onEmpty="error"
          onMultiple="error"
        >
          <readall
            ruleclass="ProspectPerson"
            ruleset="ParticipantEntitiesRuleSet"
          >
            <match retrievedattribute="concernRoleID">
              <reference attribute="participantRoleID">
                <reference attribute="related_participant">
                  <reference attribute="evidence"/>
                </reference>
              </reference>
            </match>
          </readall>
        </singleitem>
      </derivation>
    </Attribute>
    <Attribute name="isPerson">
      <type>
        <javaclass name="Boolean"/>
      </type>
      <derivation>
        <equals>
          <reference attribute="concernRoleType">
            <reference attribute="concernRoleRecord"/>
          </reference>
          <Code table="ConcernRoleType">
            <String value="RL1">
                        </String>
          </Code>
        </equals>
      </derivation>
    </Attribute>
    <Attribute name="caseID">
      <type>
        <javaclass name="Number"/>
      </type>
      <derivation>
        <reference attribute="caseID">
          <reference attribute="evidence"/>
        </reference>
      </derivation>
    </Attribute>
    <Attribute name="birthAndDeathEvidence">
      <type>
        <javaclass name="List">
          <ruleclass
            name="BirthAndDeathEvidence"
            ruleset="ParticipantEvidenceRuleSet"
          />
        </javaclass>
      </type>
      <derivation>
        <readall
          ruleclass="BirthAndDeathEvidence"
          ruleset="ParticipantEvidenceRuleSet"
        >
          <match retrievedattribute="caseID">
            <reference attribute="caseID"/>
          </match>
        </readall>
      </derivation>
    </Attribute>
    <Attribute name="birthAndDeathEvidenceForClient">
      <type>
        <ruleclass
          name="BirthAndDeathEvidence"
          ruleset="ParticipantEvidenceRuleSet"
        />
      </type>
      <derivation>
        <singleitem
          onEmpty="returnNull"
          onMultiple="returnFirst"
        >
          <filter>
            <list>
              <reference attribute="birthAndDeathEvidence"/>
            </list>
            <listitemexpression>
              <all>
                <fixedlist>
                  <listof>
                    <javaclass name="Boolean"/>
                  </listof>
                  <members>
                    <not>
                      <equals>
                        <reference attribute="evidenceSuccessionID"/>
                        <reference attribute="successionID">
                          <current/>
                        </reference>
                      </equals>
                    </not>
                    <equals>
                      <reference attribute="participantRoleID">
                        <reference attribute="related_participant">
                          <reference attribute="evidence"/>
                        </reference>
                      </reference>
                      <reference attribute="participantRoleID">
                        <reference attribute="related_person">
                          <current/>
                        </reference>
                      </reference>
                    </equals>
                  </members>
                </fixedlist>
              </all>
            </listitemexpression>
          </filter>
        </singleitem>
      </derivation>
    </Attribute>
    <Attribute name="evidenceSuccessionID">
      <type>
        <javaclass name="Number"/>
      </type>
      <derivation>
        <reference attribute="successionID">
          <reference attribute="evidence"/>
        </reference>
      </derivation>
    </Attribute>
    <Attribute name="dateOfBirth">
      <type>
        <javaclass name="curam.util.type.Date"/>
      </type>
      <derivation>
        <choose>
          <type>
            <javaclass name="curam.util.type.Date"/>
          </type>
          <when>
            <condition>
              <not>
                <equals>
                  <reference attribute="birthAndDeathEvidenceForClient"/>
                  <null/>
                </equals>
              </not>
            </condition>
            <value>
              <reference attribute="dateOfBirth">
                <reference attribute="birthAndDeathEvidenceForClient"/>
              </reference>
            </value>
          </when>
          <otherwise>
            <value>
              <null/>
            </value>
          </otherwise>
        </choose>
      </derivation>
    </Attribute>
    <Attribute name="dateOfDeath">
      <type>
        <javaclass name="curam.util.type.Date"/>
      </type>
      <derivation>
        <choose>
          <type>
            <javaclass name="curam.util.type.Date"/>
          </type>
          <when>
            <condition>
              <not>
                <equals>
                  <reference attribute="birthAndDeathEvidenceForClient"/>
                  <null/>
                </equals>
              </not>
            </condition>
            <value>
              <reference attribute="dateOfDeath">
                <reference attribute="birthAndDeathEvidenceForClient"/>
              </reference>
            </value>
          </when>
          <otherwise>
            <value>
              <null/>
            </value>
          </otherwise>
        </choose>
      </derivation>
    </Attribute>
    <Attribute name="effectiveDate">
      <type>
        <javaclass name="curam.util.type.Date"/>
      </type>
      <derivation>
        <reference attribute="effectiveFrom">
          <reference attribute="evidence"/>
        </reference>
      </derivation>
    </Attribute>
    <Attribute name="isTypeBeingModified">
      <type>
        <javaclass name="Boolean"/>
      </type>
      <derivation>
        <choose>
          <type>
            <javaclass name="Boolean"/>
          </type>
          <when>
            <condition>
              <equals>
                <reference attribute="status">
                  <reference attribute="evidence"/>
                </reference>
                <Code table="EvidenceDescriptorStatus">
                  <String value="EDS1">
                  </String>
                </Code>
              </equals>
            </condition>
            <value>
              <not>
                <equals>
                  <reference attribute="emailAddressType">
                    <reference attribute="activeEvidenceRecord"/>
                  </reference>
                  <reference attribute="emailAddressType">
                    <reference attribute="evidence"/>
                  </reference>
                </equals>
              </not>
            </value>
          </when>
          <otherwise>
            <value>
              <false/>
            </value>
          </otherwise>
        </choose>
      </derivation>
    </Attribute>
    <Attribute name="typeBeingModifiedValidation">
      <type>
        <ruleclass
          name="Validation"
          ruleset="EvidenceValidationRuleSet"
        />
      </type>
      <derivation>
        <create
          ruleclass="Validation"
          ruleset="EvidenceValidationRuleSet"
        >
          <reference attribute="isTypeBeingModified"/>
          <ResourceMessage
            key="ERR_EMAILADDRESS_TYPEMODIFIED"
            resourceBundle="curam.pdc.rules.PDCEmailAddressValidationRuleSet"
          >
                    </ResourceMessage>
        </create>
      </derivation>
    </Attribute>
    <Attribute name="activeEvidenceRecord">
      <type>
        <ruleclass
          name="EmailAddressActiveEvidenceRow"
          ruleset="ParticipantEvidenceRuleSet"
        />
      </type>
      <derivation>
        <singleitem
          onEmpty="returnNull"
          onMultiple="error"
        >
          <readall
            ruleclass="EmailAddressActiveEvidenceRow"
            ruleset="ParticipantEvidenceRuleSet"
          >
            <match retrievedattribute="correctionSetID">
              <reference attribute="correctionSetID">
                <reference attribute="evidence"/>
              </reference>
            </match>
          </readall>
        </singleitem>
      </derivation>
    </Attribute>
    <Attribute name="description">
      <type>
        <javaclass name="curam.creole.value.Message"/>
      </type>
      <derivation>
        <ResourceMessage
					key="PDCEmailAddressValidationResult.description"
					resourceBundle="curam.pdc.rules.PDCEmailAddressValidationRuleSet">
					<reference attribute="concernRoleName">
						<reference attribute="concernRoleRecord" />
					</reference>
				</ResourceMessage>
      </derivation>
    </Attribute>
    <Attribute name="preferredEmailAddressValidation">
      <type>
        <ruleclass
          name="Validation"
          ruleset="EvidenceValidationRuleSet"
        />
      </type>
      <derivation>
        <create
          ruleclass="Validation"
          ruleset="EvidenceValidationRuleSet"
        >
          <choose>
            <type>
              <javaclass name="Boolean"/>
            </type>
            <when>
              <condition>
                <not>
                  <equals>
                    <reference attribute="caseTypeCode">
                      <reference attribute="caseHeaderRecord"/>
                    </reference>
                    <Code table="CaseTypeCode">
                      <String value="CT2001"/>
                    </Code>
                  </equals>
                </not>
              </condition>
              <value>
                <reference attribute="preferredEmailAddressExists"/>
              </value>
            </when>
            <otherwise>
              <value>
                <false/>
              </value>
            </otherwise>
          </choose>
          <ResourceMessage
            key="ERR_EMAILADDRESS_MULTIPLE_PREFERRED_EMAILADDRESS"
            resourceBundle="curam.pdc.rules.PDCEmailAddressValidationRuleSet"
          />
        </create>
      </derivation>
    </Attribute>
    <Attribute name="preferredEmailAddressExists">
      <type>
        <javaclass name="Boolean"/>
      </type>
      <derivation>
        <any>
          <dynamiclist>
            <list>
              <reference attribute="emailAddressEvidenceForClient"/>
            </list>
            <listitemexpression>
              <all>
                <fixedlist>
                  <listof>
                    <javaclass name="Boolean"/>
                  </listof>
                  <members>
                    <equals>
                      <reference attribute="preferredInd">
                        <current/>
                      </reference>
                      <true/>
                    </equals>
                    <equals>
                      <reference attribute="preferredInd">
                        <reference attribute="evidence"/>
                      </reference>
                      <true/>
                    </equals>
                    <!-- BEGIN, 191160, ZV -->
                    <equals>
                       <reference attribute="status">
                         <reference attribute="evidence"/>
                       </reference>
                      <Code table="EvidenceDescriptorStatus">
                         <String value="EDS1"/>
                      </Code>
                    </equals>
                    <!-- END, 191160 -->
                  </members>
                </fixedlist>
              </all>
            </listitemexpression>
          </dynamiclist>
        </any>
      </derivation>
    </Attribute>
    <Attribute name="caseHeaderRecord">
      <type>
        <ruleclass
          name="CaseHeader"
          ruleset="CaseEntitiesRuleSet"
        />
      </type>
      <derivation>
        <singleitem
          onEmpty="error"
          onMultiple="error"
        >
          <readall
            ruleclass="CaseHeader"
            ruleset="CaseEntitiesRuleSet"
          >
            <match retrievedattribute="caseID">
              <reference attribute="caseID"/>
            </match>
          </readall>
        </singleitem>
      </derivation>
    </Attribute>
    <Attribute name="emailAddressEvidence">
      <type>
        <javaclass name="List">
          <ruleclass
            name="EmailAddressEvidence"
            ruleset="ParticipantEvidenceRuleSet"
          />
        </javaclass>
      </type>
      <derivation>
        <readall
          ruleclass="EmailAddressEvidence"
          ruleset="ParticipantEvidenceRuleSet"
        >
          <match retrievedattribute="caseID">
            <reference attribute="caseID"/>
          </match>
        </readall>
      </derivation>
    </Attribute>
    <Attribute name="emailAddressEvidenceForClient">
      <type>
        <javaclass name="List">
          <ruleclass
            name="EmailAddressEvidence"
            ruleset="ParticipantEvidenceRuleSet"
          />
        </javaclass>
      </type>
      <derivation>
        <filter>
          <list>
            <reference attribute="emailAddressEvidence"/>
          </list>
          <listitemexpression>
            <all>
              <fixedlist>
                <listof>
                  <javaclass name="Boolean"/>
                </listof>
                <members>
                  <equals>
                    <reference attribute="participantRoleID">
                      <reference attribute="related_participant">
                        <reference attribute="evidence"/>
                      </reference>
                    </reference>
                    <reference attribute="participantRoleID">
                      <reference attribute="related_participant">
                        <current/>
                      </reference>
                    </reference>
                  </equals>
                  <not>
                    <equals>
                      <reference attribute="evidenceSuccessionID"/>
                      <reference attribute="successionID">
                        <current/>
                      </reference>
                    </equals>
                  </not>
                </members>
              </fixedlist>
            </all>
          </listitemexpression>
        </filter>
      </derivation>
    </Attribute>
    
    <!-- START : 9845  CUSTOM Email Address Validation :Email address must be valid   JP-->
	<Attribute name="emailAddressValidation">
		<type>
			<ruleclass name="Validation"
				ruleset="EvidenceValidationRuleSet" />
		</type>
		<derivation>
			<create ruleclass="Validation"
				ruleset="EvidenceValidationRuleSet">
				<not>
					<reference attribute="isEmailValid" />
				</not>
				<ResourceMessage
					key="ERR_EMAILADDRESS_INVALID"
					resourceBundle="curam.bdm.pdc.rules.BDMPDCEmailAddressValidationRuleSet">
				
				
				</ResourceMessage>
			</create>
		</derivation>
	</Attribute>
      
      
    <Attribute name="isEmailValid">
	<type>
		<javaclass name="Boolean" />
	</type>
	<derivation>
		<call class="curam.ca.gc.bdm.creole.impl.Statics"
			method="validateEmailAddress">
			<type>
				<javaclass name="Boolean" />
			</type>
			<arguments>
			<reference attribute="emailAddress">
           		<reference attribute="evidence"/>
           	</reference>
			
			</arguments>
		</call>
	</derivation>
	</Attribute>
    
        <!-- END : 9845  CUSTOM Email Address Validation :Email address must be valid   JP-->
       <!-- START TASK 7878 Only one email address, either a business or a personal email address can be selected to receive alerts.  -->
       
       <Attribute name="onlyEmailAddressForAlertsValidation">
		<type>
			<ruleclass name="Validation"
				ruleset="EvidenceValidationRuleSet" />
		</type>
		<derivation>
			<create ruleclass="Validation"
				ruleset="EvidenceValidationRuleSet">
				
					<reference attribute="useForAlertsEmailAddressExists" />
				
				<ResourceMessage
					key="ERR_ONE_EMAIL_ADDRESS_FOR_ALERTS"
					resourceBundle="curam.bdm.pdc.rules.BDMPDCEmailAddressValidationRuleSet">
				
				</ResourceMessage>
			</create>
		</derivation>
	</Attribute>
	
	
	<Attribute name="useForAlertsEmailAddressExists">
      <type>
        <javaclass name="Boolean"/>
      </type>
      <derivation>
        <choose>
          <type>
            <javaclass name="Boolean"/>
          </type>
          <when>
            <condition>
              <reference attribute="useForAlertsInd">
                <reference attribute="evidence"/>
              </reference>
            </condition>
            <value>
              <choose>
                <type>
                  <javaclass name="Boolean"/>
                </type>
                <when>
                  <condition>
                    <reference attribute="hasExistingAlerts"/>
                  </condition>
                  <value>
                 		 <true/>
                    </value>
                </when>
                <otherwise>
                  <value>
                   		<false/>
                  </value>
                </otherwise>
              </choose>
            </value>
          </when>
          <otherwise>
            <value>
              <false/>
            </value>
          </otherwise>
        </choose>
      </derivation>
    </Attribute>
   
    <Attribute name ="hasExistingAlerts">
      <type>
        <javaclass name="Boolean"/>
      </type>
      <derivation>
        <choose>
          <type>
            <javaclass name="Boolean"/>
          </type>
          <when>
            <condition>
              <not>
                <equals>
                  <reference attribute="existingAlertsForClient"/>
                  <null/>
                </equals>
              </not>
            </condition>
            <value>
              <true/>
            </value>
          </when>
          <otherwise>
            <value>
              <false/>
            </value>
          </otherwise>
        </choose>
      </derivation>
    </Attribute>
	
	 <!--Get the existing useForAlerts=true evidence for the client. Only 0 or 1 results should be returned -->
    <Attribute name="existingAlertsForClient">
      <type>
        <ruleclass name="EmailAddressEvidence" ruleset="ParticipantEvidenceRuleSet"/>
      </type>
      <derivation>
        <singleitem onEmpty="returnNull" onMultiple="error">
          <filter>
            <list>
              <reference attribute="emailAddressEvidence"/>
            </list>
            <listitemexpression>
            <all>
              <fixedlist>
                <listof>
                  <javaclass
                    name="Boolean"
                  />
                </listof>
                <members>
                  <equals>
                    <reference attribute="participantRoleID" >
                      <reference attribute="related_participant" >
                        <reference attribute="evidence" />
                      </reference>
                    </reference>
                    <reference attribute="participantRoleID" >
                      <reference attribute="related_participant" >
                        <current/>
                      </reference>
                    </reference>
                  </equals>
                  <not>
                    <equals>
                      <reference attribute="evidenceSuccessionID" />
                      <reference attribute="successionID" >
                        <current/>
                      </reference>
                    </equals>
                  </not>
                   <!--Task 62736 exclude evidence with toDate -->
                   <equals>
	                  <reference attribute="toDate">
	                    <current/>
	                  </reference>
                  	  <null/>
                	</equals>
                  <reference attribute="useForAlertsInd">
                    <current/>
                  </reference>
                </members>
              </fixedlist>
            </all>
          </listitemexpression>
          </filter>
        </singleitem>
      </derivation>
    </Attribute>   
	
      <!-- END TASK 7878 Only one email address, either a business or a personal email address can be selected to receive alerts.  -->
   <Attribute name="validateAlertFrequency">
		<type>
			<ruleclass name="Validation"
				ruleset="EvidenceValidationRuleSet" />
		</type>
		<derivation>
			<create ruleclass="Validation"
				ruleset="EvidenceValidationRuleSet">
					<reference attribute="isAlertFrequencyValid" />
				<ResourceMessage
					key="ERR_ALERT_FREQUENCY_MISSING"
					resourceBundle="curam.bdm.pdc.rules.BDMPDCEmailAddressValidationRuleSet">
				</ResourceMessage>
			</create>
		</derivation>
	</Attribute>
	<Attribute name="isAlertFrequencyValid">
		<type>
			<javaclass name="Boolean"/>
		</type>
		<derivation>
			<choose>
				<type>
					<javaclass name="Boolean"/>
				</type>
				<when>
					<condition>
						<reference attribute="useForAlertsInd">
							<reference attribute="evidence"/>
						</reference>
					</condition>
					<value>
						<choose>
							<type>
								<javaclass name="Boolean"/>
							</type>
							<when>
								<condition>
									<not>
										<equals>
											<reference attribute="alertFrequency">
												<reference attribute="evidence"/>
											</reference>
											<null/>
										</equals>
									</not>
								</condition>
								<value>
									<false/>
								</value>
							</when>
							<otherwise>
								<value>
									<true/>
								</value>
							</otherwise>
						</choose>
					</value>
				</when>
				<otherwise>
					<value>
						<false/>
					</value>
				</otherwise>
			</choose>
		</derivation>
	</Attribute>
	
  </Class>
</RuleSet>
