<?xml version="1.0" encoding="UTF-8"?>
<RuleSet name="PDCPhoneNumberDataRuleSet">
	<Class extends="ActiveSuccessionSet"
		extendsRuleSet="PropagatorRuleSet" name="PDCPhoneNumber">
		<Annotations>
			<SuccessionSetPopulation
				endDateAttribute="toDate" startDateAttribute="fromDate" />
		</Annotations>
		<Attribute name="fromDate">
			<Annotations />
			<type>
				<javaclass name="curam.util.type.Date" />
			</type>
			<derivation>
				<specified />
			</derivation>
		</Attribute>
		<Attribute name="phoneAreaCode">
			<Annotations />
			<type>
				<javaclass name="java.lang.String" />
			</type>
			<derivation>
				<specified />
			</derivation>
		</Attribute>
		
		<Attribute name="phoneType">
			<Annotations />
			<type>
				<codetableentry table="PhoneType" />
			</type>
			<derivation>
				<specified />
			</derivation>
		</Attribute>
		<Attribute name="phoneNumber">
			<Annotations />
			<type>
				<javaclass name="java.lang.String" />
			</type>
			<derivation>
				<specified />
			</derivation>
		</Attribute>
		<!-- TASK 5340 -->
		<Attribute name="phoneCountryCode">
			<Annotations />
			<type>
				<codetableentry table="BDMPhoneCountry" />
			</type>
			<derivation>
				<specified />
			</derivation>
		</Attribute>
		<!-- TASK 5340 -->
		<Attribute name="phoneExtension">
			<Annotations />
			<type>
				<javaclass name="java.lang.String" />
			</type>
			<derivation>
				<specified />
			</derivation>
		</Attribute>
		
		<Attribute name="toDate">
			<Annotations />
			<type>
				<javaclass name="curam.util.type.Date" />
			</type>
			<derivation>
				<specified />
			</derivation>
		</Attribute>
		<Attribute name="preferredInd">
			<Annotations />
			<type>
				<javaclass name="java.lang.Boolean" />
			</type>
			<derivation>
				<specified />
			</derivation>
		</Attribute>
		<!-- START TASK 5340 CREATE PHONE Evidence JP-->
		<Attribute name="useForAlertsInd">
			<Annotations />
			<type>
				<javaclass name="java.lang.Boolean" />
			</type>
			<derivation>
				<specified />
			</derivation>
		</Attribute>
		<Attribute name="morningInd">
			<Annotations />
			<type>
				<javaclass name="java.lang.Boolean" />
			</type>
			<derivation>
				<specified />
			</derivation>
		</Attribute>
		<Attribute name="afternoonInd">
			<Annotations />
			<type>
				<javaclass name="java.lang.Boolean" />
			</type>
			<derivation>
				<specified />
			</derivation>
		</Attribute>
		<Attribute name="eveningInd">
			<Annotations />
			<type>
				<javaclass name="java.lang.Boolean" />
			</type>
			<derivation>
				<specified />
			</derivation>
		</Attribute>
<!-- END TASK 5340 CREATE PHONE Evidence  JP-->		
		
		  <Attribute name="alertFrequency">
      <Annotations/>
      <type>
        <codetableentry table="BDMAlertOccur"/>
      </type>
      <derivation>
        <null/>
      </derivation>
    </Attribute>
    <!-- ADO-21002 Added alert Frequency  -->
		<Attribute name="description">
			<type>
				<javaclass name="curam.creole.value.Message" />
			</type>
			<derivation>
				<ResourceMessage
					key="DynamicEvidenceSuccessionSet.description"
					resourceBundle="curam.dynamicevidence.cer.rules.InfrastructureRules">
					<reference attribute="successionID" />
				</ResourceMessage>
			</derivation>
		</Attribute>
		<Attribute name="participant">
			<Annotations />
			<type>
				<javaclass name="java.lang.Number" />
			</type>
			<derivation>
				<specified />
			</derivation>
		</Attribute>
		<Attribute name="related_participant">
			<Annotations />
			<type>
				<ruleclass name="CaseParticipantRole"
					ruleset="CaseEntitiesRuleSet" />
			</type>
			<derivation>
				<reference attribute="caseParticipantRoleRecord">
					<create ruleclass="CaseParticipantRoleCalculator"
						ruleset="DynamicEvidenceRuleSet">
						<reference attribute="participant" />
					</create>
				</reference>
			</derivation>
		</Attribute>
    <!-- BEGIN Task 58892 DEV: Implement 'Add Source of Client Phone Number' -->
    <Attribute name="bdmReceivedFrom">
      <Annotations/>
      <type>
        <codetableentry table="BDMReceivedFrom"/>
      </type>
      <derivation>
        <specified/>
      </derivation>
    </Attribute>
    <Attribute name="bdmReceivedFromCountry">
      <Annotations/>
      <type>
        <codetableentry table="BDMSourceCountry"/>
      </type>
      <derivation>
        <specified/>
      </derivation>
    </Attribute>
    <Attribute name="bdmModeOfReceipt">
      <Annotations/>
      <type>
        <codetableentry table="BDMModeOfReceipt"/>
      </type>
      <derivation>
        <specified/>
      </derivation>
    </Attribute>
    <!-- END Task 58892 DEV: Implement 'Add Source of Client Phone Number' -->
	</Class>
</RuleSet>